attendance_id,student_id,group_id,date,status
A000001,S0106,G001,2026-03-19,present
A000002,S0019,G001,2026-03-21,present
A000003,S0106,G001,2026-03-21,present
A000004,S0019,G001,2026-03-23,present
A000005,S0106,G001,2026-03-23,present
A000006,S0008,G001,2026-03-25,present
A000007,S0019,G001,2026-03-25,present
A000008,S0106,G001,2026-03-25,present
A000009,S0008,G001,2026-03-27,present
A000010,S0019,G001,2026-03-27,present
A000011,S0106,G001,2026-03-27,late
A000012,S0008,G001,2026-03-31,late
A000013,S0019,G001,2026-03-31,present
A000014,S0106,G001,2026-03-31,present
A000015,S0214,G001,2026-03-31,absent
A000016,S0008,G001,2026-04-02,present
A000017,S0019,G001,2026-04-02,present
A000018,S0106,G001,2026-04-02,present
A000019,S0214,G001,2026-04-02,present
A000020,S0008,G001,2026-04-04,present
A000021,S0019,G001,2026-04-04,present
A000022,S0106,G001,2026-04-04,present
A000023,S0214,G001,2026-04-04,present
A000024,S0008,G001,2026-04-06,present
A000025,S0019,G001,2026-04-06,present
A000026,S0106,G001,2026-04-06,present
A000027,S0214,G001,2026-04-06,present
A000028,S0008,G001,2026-04-08,present
A000029,S0019,G001,2026-04-08,present
A000030,S0106,G001,2026-04-08,excused
A000031,S0214,G001,2026-04-08,present
A000032,S0008,G001,2026-04-10,present
A000033,S0019,G001,2026-04-10,present
A000034,S0106,G001,2026-04-10,present
A000035,S0214,G001,2026-04-10,absent
A000036,S0008,G001,2026-04-14,present
A000037,S0019,G001,2026-04-14,present
A000038,S0106,G001,2026-04-14,present
A000039,S0214,G001,2026-04-14,present
A000040,S0008,G001,2026-04-16,present
A000041,S0019,G001,2026-04-16,present
A000042,S0106,G001,2026-04-16,late
A000043,S0214,G001,2026-04-16,present
A000044,S0008,G001,2026-04-18,present
A000045,S0019,G001,2026-04-18,present
A000046,S0106,G001,2026-04-18,present
A000047,S0214,G001,2026-04-18,present
A000048,S0008,G001,2026-04-20,present
A000049,S0019,G001,2026-04-20,excused
A000050,S0106,G001,2026-04-20,present
A000051,S0214,G001,2026-04-20,present
A000052,S0008,G001,2026-04-22,present
A000053,S0019,G001,2026-04-22,present
A000054,S0106,G001,2026-04-22,present
A000055,S0214,G001,2026-04-22,late
A000056,S0008,G001,2026-04-24,present
A000057,S0019,G001,2026-04-24,present
A000058,S0106,G001,2026-04-24,present
A000059,S0214,G001,2026-04-24,present
A000060,S0008,G001,2026-04-28,present
A000061,S0019,G001,2026-04-28,present
A000062,S0106,G001,2026-04-28,present
A000063,S0214,G001,2026-04-28,present
A000064,S0008,G001,2026-04-30,late
A000065,S0019,G001,2026-04-30,absent
A000066,S0106,G001,2026-04-30,present
A000067,S0214,G001,2026-04-30,late
A000068,S0008,G001,2026-05-02,present
A000069,S0019,G001,2026-05-02,absent
A000070,S0106,G001,2026-05-02,present
A000071,S0214,G001,2026-05-02,present
A000072,S0008,G001,2026-05-04,present
A000073,S0019,G001,2026-05-04,present
A000074,S0106,G001,2026-05-04,late
A000075,S0214,G001,2026-05-04,present
A000076,S0008,G001,2026-05-06,late
A000077,S0019,G001,2026-05-06,present
A000078,S0106,G001,2026-05-06,present
A000079,S0214,G001,2026-05-06,present
A000080,S0008,G001,2026-05-08,present
A000081,S0019,G001,2026-05-08,present
A000082,S0106,G001,2026-05-08,present
A000083,S0214,G001,2026-05-08,absent
A000084,S0008,G001,2026-05-12,present
A000085,S0019,G001,2026-05-12,present
A000086,S0106,G001,2026-05-12,present
A000087,S0214,G001,2026-05-12,present
A000088,S0008,G001,2026-05-14,late
A000089,S0019,G001,2026-05-14,present
A000090,S0106,G001,2026-05-14,present
A000091,S0214,G001,2026-05-14,present
A000092,S0008,G001,2026-05-16,present
A000093,S0019,G001,2026-05-16,present
A000094,S0106,G001,2026-05-16,present
A000095,S0214,G001,2026-05-16,absent
A000096,S0008,G001,2026-05-18,present
A000097,S0019,G001,2026-05-18,present
A000098,S0106,G001,2026-05-18,present
A000099,S0214,G001,2026-05-18,present
A000100,S0008,G001,2026-05-20,present
A000101,S0019,G001,2026-05-20,late
A000102,S0106,G001,2026-05-20,present
A000103,S0214,G001,2026-05-20,present
A000104,S0008,G001,2026-05-22,present
A000105,S0019,G001,2026-05-22,present
A000106,S0106,G001,2026-05-22,present
A000107,S0214,G001,2026-05-22,present
A000108,S0008,G001,2026-05-26,present
A000109,S0019,G001,2026-05-26,present
A000110,S0106,G001,2026-05-26,present
A000111,S0114,G001,2026-05-26,late
A000112,S0214,G001,2026-05-26,present
A000113,S0008,G001,2026-05-28,present
A000114,S0019,G001,2026-05-28,present
A000115,S0106,G001,2026-05-28,present
A000116,S0114,G001,2026-05-28,late
A000117,S0214,G001,2026-05-28,present
A000118,S0008,G001,2026-05-30,present
A000119,S0019,G001,2026-05-30,absent
A000120,S0106,G001,2026-05-30,present
A000121,S0114,G001,2026-05-30,present
A000122,S0214,G001,2026-05-30,present
A000123,S0008,G001,2026-06-01,present
A000124,S0019,G001,2026-06-01,present
A000125,S0106,G001,2026-06-01,present
A000126,S0114,G001,2026-06-01,present
A000127,S0214,G001,2026-06-01,present
A000128,S0008,G001,2026-06-03,late
A000129,S0019,G001,2026-06-03,present
A000130,S0106,G001,2026-06-03,present
A000131,S0114,G001,2026-06-03,present
A000132,S0214,G001,2026-06-03,present
A000133,S0008,G001,2026-06-05,present
A000134,S0019,G001,2026-06-05,present
A000135,S0106,G001,2026-06-05,present
A000136,S0114,G001,2026-06-05,present
A000137,S0214,G001,2026-06-05,present
A000138,S0008,G001,2026-06-09,present
A000139,S0019,G001,2026-06-09,present
A000140,S0041,G001,2026-06-09,present
A000141,S0106,G001,2026-06-09,present
A000142,S0114,G001,2026-06-09,present
A000143,S0214,G001,2026-06-09,present
A000144,S0008,G001,2026-06-11,present
A000145,S0019,G001,2026-06-11,present
A000146,S0041,G001,2026-06-11,present
A000147,S0106,G001,2026-06-11,present
A000148,S0114,G001,2026-06-11,present
A000149,S0214,G001,2026-06-11,present
A000150,S0008,G001,2026-06-13,present
A000151,S0019,G001,2026-06-13,present
A000152,S0041,G001,2026-06-13,present
A000153,S0106,G001,2026-06-13,present
A000154,S0114,G001,2026-06-13,present
A000155,S0202,G001,2026-06-13,present
A000156,S0214,G001,2026-06-13,present
A000157,S0008,G001,2026-06-15,present
A000158,S0019,G001,2026-06-15,absent
A000159,S0041,G001,2026-06-15,present
A000160,S0106,G001,2026-06-15,present
A000161,S0114,G001,2026-06-15,late
A000162,S0202,G001,2026-06-15,present
A000163,S0214,G001,2026-06-15,present
A000164,S0008,G001,2026-06-17,present
A000165,S0019,G001,2026-06-17,present
A000166,S0041,G001,2026-06-17,excused
A000167,S0106,G001,2026-06-17,present
A000168,S0114,G001,2026-06-17,late
A000169,S0202,G001,2026-06-17,absent
A000170,S0214,G001,2026-06-17,absent
A000171,S0008,G001,2026-06-19,present
A000172,S0019,G001,2026-06-19,present
A000173,S0041,G001,2026-06-19,present
A000174,S0106,G001,2026-06-19,present
A000175,S0114,G001,2026-06-19,absent
A000176,S0155,G001,2026-06-19,present
A000177,S0202,G001,2026-06-19,present
A000178,S0214,G001,2026-06-19,excused
A000179,S0008,G001,2026-06-23,present
A000180,S0019,G001,2026-06-23,absent
A000181,S0041,G001,2026-06-23,present
A000182,S0106,G001,2026-06-23,present
A000183,S0114,G001,2026-06-23,present
A000184,S0155,G001,2026-06-23,present
A000185,S0202,G001,2026-06-23,absent
A000186,S0214,G001,2026-06-23,present
A000187,S0008,G001,2026-06-25,present
A000188,S0019,G001,2026-06-25,absent
A000189,S0041,G001,2026-06-25,present
A000190,S0106,G001,2026-06-25,present
A000191,S0114,G001,2026-06-25,present
A000192,S0155,G001,2026-06-25,late
A000193,S0202,G001,2026-06-25,late
A000194,S0214,G001,2026-06-25,present
A000195,S0008,G001,2026-06-27,present
A000196,S0019,G001,2026-06-27,excused
A000197,S0041,G001,2026-06-27,late
A000198,S0106,G001,2026-06-27,present
A000199,S0114,G001,2026-06-27,present
A000200,S0155,G001,2026-06-27,present
A000201,S0202,G001,2026-06-27,present
A000202,S0214,G001,2026-06-27,present
A000203,S0008,G001,2026-06-29,present
A000204,S0019,G001,2026-06-29,present
A000205,S0041,G001,2026-06-29,absent
A000206,S0106,G001,2026-06-29,present
A000207,S0114,G001,2026-06-29,absent
A000208,S0155,G001,2026-06-29,present
A000209,S0202,G001,2026-06-29,excused
A000210,S0214,G001,2026-06-29,present
A000211,S0008,G001,2026-07-01,present
A000212,S0019,G001,2026-07-01,present
A000213,S0041,G001,2026-07-01,present
A000214,S0106,G001,2026-07-01,present
A000215,S0114,G001,2026-07-01,present
A000216,S0155,G001,2026-07-01,present
A000217,S0202,G001,2026-07-01,absent
A000218,S0214,G001,2026-07-01,present
A000219,S0008,G001,2026-07-03,present
A000220,S0019,G001,2026-07-03,present
A000221,S0041,G001,2026-07-03,present
A000222,S0106,G001,2026-07-03,present
A000223,S0114,G001,2026-07-03,present
A000224,S0155,G001,2026-07-03,present
A000225,S0202,G001,2026-07-03,present
A000226,S0214,G001,2026-07-03,present
A000227,S0008,G001,2026-07-07,present
A000228,S0019,G001,2026-07-07,present
A000229,S0041,G001,2026-07-07,present
A000230,S0106,G001,2026-07-07,late
A000231,S0114,G001,2026-07-07,present
A000232,S0155,G001,2026-07-07,late
A000233,S0202,G001,2026-07-07,present
A000234,S0214,G001,2026-07-07,excused
A000235,S0008,G001,2026-07-09,present
A000236,S0019,G001,2026-07-09,present
A000237,S0041,G001,2026-07-09,present
A000238,S0106,G001,2026-07-09,late
A000239,S0114,G001,2026-07-09,present
A000240,S0155,G001,2026-07-09,present
A000241,S0202,G001,2026-07-09,present
A000242,S0214,G001,2026-07-09,present
A000243,S0008,G001,2026-07-11,present
A000244,S0019,G001,2026-07-11,present
A000245,S0041,G001,2026-07-11,present
A000246,S0106,G001,2026-07-11,present
A000247,S0114,G001,2026-07-11,present
A000248,S0155,G001,2026-07-11,present
A000249,S0202,G001,2026-07-11,present
A000250,S0214,G001,2026-07-11,present
A000251,S0292,G001,2026-07-11,present
A000252,S0008,G001,2026-07-13,present
A000253,S0019,G001,2026-07-13,present
A000254,S0041,G001,2026-07-13,late
A000255,S0106,G001,2026-07-13,present
A000256,S0114,G001,2026-07-13,present
A000257,S0155,G001,2026-07-13,absent
A000258,S0202,G001,2026-07-13,absent
A000259,S0214,G001,2026-07-13,present
A000260,S0292,G001,2026-07-13,present
A000261,S0008,G001,2026-07-15,present
A000262,S0019,G001,2026-07-15,present
A000263,S0041,G001,2026-07-15,present
A000264,S0106,G001,2026-07-15,present
A000265,S0114,G001,2026-07-15,present
A000266,S0155,G001,2026-07-15,present
A000267,S0202,G001,2026-07-15,present
A000268,S0214,G001,2026-07-15,present
A000269,S0292,G001,2026-07-15,present
A000270,S0008,G001,2026-07-17,present
A000271,S0019,G001,2026-07-17,present
A000272,S0041,G001,2026-07-17,absent
A000273,S0106,G001,2026-07-17,present
A000274,S0114,G001,2026-07-17,late
A000275,S0155,G001,2026-07-17,excused
A000276,S0202,G001,2026-07-17,present
A000277,S0214,G001,2026-07-17,absent
A000278,S0292,G001,2026-07-17,present
A000279,S0008,G001,2026-07-21,present
A000280,S0019,G001,2026-07-21,present
A000281,S0041,G001,2026-07-21,present
A000282,S0106,G001,2026-07-21,present
A000283,S0114,G001,2026-07-21,late
A000284,S0155,G001,2026-07-21,present
A000285,S0183,G001,2026-07-21,present
A000286,S0202,G001,2026-07-21,excused
A000287,S0214,G001,2026-07-21,absent
A000288,S0292,G001,2026-07-21,present
A000289,S0008,G001,2026-07-23,present
A000290,S0019,G001,2026-07-23,present
A000291,S0041,G001,2026-07-23,present
A000292,S0106,G001,2026-07-23,present
A000293,S0114,G001,2026-07-23,present
A000294,S0155,G001,2026-07-23,late
A000295,S0183,G001,2026-07-23,present
A000296,S0202,G001,2026-07-23,present
A000297,S0214,G001,2026-07-23,present
A000298,S0292,G001,2026-07-23,present
A000299,S0008,G001,2026-07-25,late
A000300,S0019,G001,2026-07-25,present
A000301,S0041,G001,2026-07-25,present
A000302,S0106,G001,2026-07-25,present
A000303,S0114,G001,2026-07-25,absent
A000304,S0155,G001,2026-07-25,present
A000305,S0183,G001,2026-07-25,present
A000306,S0202,G001,2026-07-25,present
A000307,S0214,G001,2026-07-25,present
A000308,S0261,G001,2026-07-25,late
A000309,S0292,G001,2026-07-25,present
A000310,S0008,G001,2026-07-27,present
A000311,S0019,G001,2026-07-27,late
A000312,S0041,G001,2026-07-27,present
A000313,S0106,G001,2026-07-27,present
A000314,S0114,G001,2026-07-27,present
A000315,S0155,G001,2026-07-27,excused
A000316,S0183,G001,2026-07-27,excused
A000317,S0202,G001,2026-07-27,present
A000318,S0214,G001,2026-07-27,present
A000319,S0261,G001,2026-07-27,present
A000320,S0292,G001,2026-07-27,present
A000321,S0008,G001,2026-07-29,present
A000322,S0019,G001,2026-07-29,late
A000323,S0041,G001,2026-07-29,present
A000324,S0106,G001,2026-07-29,present
A000325,S0114,G001,2026-07-29,present
A000326,S0155,G001,2026-07-29,present
A000327,S0183,G001,2026-07-29,present
A000328,S0202,G001,2026-07-29,present
A000329,S0214,G001,2026-07-29,present
A000330,S0261,G001,2026-07-29,excused
A000331,S0292,G001,2026-07-29,present
A000332,S0008,G001,2026-07-31,present
A000333,S0019,G001,2026-07-31,present
A000334,S0041,G001,2026-07-31,present
A000335,S0106,G001,2026-07-31,absent
A000336,S0114,G001,2026-07-31,present
A000337,S0155,G001,2026-07-31,present
A000338,S0183,G001,2026-07-31,present
A000339,S0202,G001,2026-07-31,absent
A000340,S0214,G001,2026-07-31,absent
A000341,S0261,G001,2026-07-31,present
A000342,S0292,G001,2026-07-31,present
A000343,S0008,G001,2026-08-04,absent
A000344,S0019,G001,2026-08-04,late
A000345,S0041,G001,2026-08-04,excused
A000346,S0106,G001,2026-08-04,present
A000347,S0114,G001,2026-08-04,present
A000348,S0155,G001,2026-08-04,present
A000349,S0183,G001,2026-08-04,absent
A000350,S0202,G001,2026-08-04,late
A000351,S0214,G001,2026-08-04,present
A000352,S0261,G001,2026-08-04,present
A000353,S0292,G001,2026-08-04,present
A000354,S0008,G001,2026-08-06,present
A000355,S0019,G001,2026-08-06,present
A000356,S0041,G001,2026-08-06,present
A000357,S0106,G001,2026-08-06,present
A000358,S0114,G001,2026-08-06,present
A000359,S0155,G001,2026-08-06,present
A000360,S0183,G001,2026-08-06,present
A000361,S0202,G001,2026-08-06,absent
A000362,S0214,G001,2026-08-06,present
A000363,S0261,G001,2026-08-06,present
A000364,S0292,G001,2026-08-06,present
A000365,S0008,G001,2026-08-08,present
A000366,S0019,G001,2026-08-08,present
A000367,S0041,G001,2026-08-08,present
A000368,S0106,G001,2026-08-08,excused
A000369,S0114,G001,2026-08-08,present
A000370,S0155,G001,2026-08-08,present
A000371,S0183,G001,2026-08-08,late
A000372,S0202,G001,2026-08-08,absent
A000373,S0214,G001,2026-08-08,present
A000374,S0261,G001,2026-08-08,absent
A000375,S0292,G001,2026-08-08,present
A000376,S0008,G001,2026-08-10,absent
A000377,S0019,G001,2026-08-10,present
A000378,S0041,G001,2026-08-10,present
A000379,S0106,G001,2026-08-10,late
A000380,S0114,G001,2026-08-10,absent
A000381,S0155,G001,2026-08-10,present
A000382,S0183,G001,2026-08-10,present
A000383,S0202,G001,2026-08-10,absent
A000384,S0214,G001,2026-08-10,present
A000385,S0261,G001,2026-08-10,present
A000386,S0292,G001,2026-08-10,present
A000387,S0008,G001,2026-08-12,excused
A000388,S0019,G001,2026-08-12,present
A000389,S0041,G001,2026-08-12,present
A000390,S0106,G001,2026-08-12,present
A000391,S0114,G001,2026-08-12,present
A000392,S0155,G001,2026-08-12,present
A000393,S0183,G001,2026-08-12,present
A000394,S0202,G001,2026-08-12,present
A000395,S0214,G001,2026-08-12,late
A000396,S0261,G001,2026-08-12,present
A000397,S0292,G001,2026-08-12,present
A000398,S0008,G001,2026-08-14,present
A000399,S0019,G001,2026-08-14,late
A000400,S0041,G001,2026-08-14,present
A000401,S0106,G001,2026-08-14,present
A000402,S0114,G001,2026-08-14,present
A000403,S0155,G001,2026-08-14,present
A000404,S0183,G001,2026-08-14,present
A000405,S0202,G001,2026-08-14,present
A000406,S0214,G001,2026-08-14,absent
A000407,S0261,G001,2026-08-14,present
A000408,S0292,G001,2026-08-14,absent
A000409,S0008,G001,2026-08-18,excused
A000410,S0019,G001,2026-08-18,present
A000411,S0041,G001,2026-08-18,present
A000412,S0106,G001,2026-08-18,present
A000413,S0114,G001,2026-08-18,present
A000414,S0155,G001,2026-08-18,present
A000415,S0183,G001,2026-08-18,present
A000416,S0202,G001,2026-08-18,present
A000417,S0214,G001,2026-08-18,late
A000418,S0261,G001,2026-08-18,absent
A000419,S0292,G001,2026-08-18,present
A000420,S0008,G001,2026-08-20,present
A000421,S0019,G001,2026-08-20,present
A000422,S0041,G001,2026-08-20,absent
A000423,S0106,G001,2026-08-20,present
A000424,S0114,G001,2026-08-20,present
A000425,S0155,G001,2026-08-20,present
A000426,S0183,G001,2026-08-20,absent
A000427,S0202,G001,2026-08-20,absent
A000428,S0214,G001,2026-08-20,excused
A000429,S0261,G001,2026-08-20,present
A000430,S0292,G001,2026-08-20,present
A000431,S0216,G002,2025-10-01,present
A000432,S0216,G002,2025-10-03,present
A000433,S0216,G002,2025-10-07,present
A000434,S0216,G002,2025-10-09,present
A000435,S0216,G002,2025-10-11,present
A000436,S0216,G002,2025-10-13,present
A000437,S0216,G002,2025-10-15,absent
A000438,S0216,G002,2025-10-17,present
A000439,S0216,G002,2025-10-21,present
A000440,S0216,G002,2025-10-23,present
A000441,S0216,G002,2025-10-25,present
A000442,S0216,G002,2025-10-27,present
A000443,S0216,G002,2025-10-29,present
A000444,S0216,G002,2025-10-31,present
A000445,S0216,G002,2025-11-04,present
A000446,S0216,G002,2025-11-06,present
A000447,S0216,G002,2025-11-08,late
A000448,S0216,G002,2025-11-10,absent
A000449,S0216,G002,2025-11-12,present
A000450,S0216,G002,2025-11-14,present
A000451,S0216,G002,2025-11-18,present
A000452,S0216,G002,2025-11-20,present
A000453,S0216,G002,2025-11-22,present
A000454,S0216,G002,2025-11-24,present
A000455,S0216,G002,2025-11-26,late
A000456,S0216,G002,2025-11-28,present
A000457,S0216,G002,2025-12-02,present
A000458,S0216,G002,2025-12-04,present
A000459,S0216,G002,2025-12-06,present
A000460,S0216,G002,2025-12-08,absent
A000461,S0216,G002,2025-12-10,present
A000462,S0216,G002,2025-12-12,present
A000463,S0216,G002,2025-12-16,present
A000464,S0216,G002,2025-12-18,present
A000465,S0216,G002,2025-12-20,present
A000466,S0048,G002,2025-12-22,present
A000467,S0216,G002,2025-12-22,present
A000468,S0048,G002,2025-12-24,present
A000469,S0216,G002,2025-12-24,present
A000470,S0048,G002,2025-12-26,present
A000471,S0216,G002,2025-12-26,present
A000472,S0048,G002,2025-12-30,present
A000473,S0216,G002,2025-12-30,present
A000474,S0048,G002,2026-01-01,present
A000475,S0081,G002,2026-01-01,late
A000476,S0216,G002,2026-01-01,late
A000477,S0048,G002,2026-01-03,absent
A000478,S0081,G002,2026-01-03,present
A000479,S0216,G002,2026-01-03,present
A000480,S0048,G002,2026-01-05,present
A000481,S0081,G002,2026-01-05,late
A000482,S0216,G002,2026-01-05,late
A000483,S0048,G002,2026-01-07,present
A000484,S0081,G002,2026-01-07,present
A000485,S0216,G002,2026-01-07,present
A000486,S0048,G002,2026-01-09,present
A000487,S0081,G002,2026-01-09,present
A000488,S0216,G002,2026-01-09,present
A000489,S0240,G002,2026-01-09,present
A000490,S0048,G002,2026-01-13,absent
A000491,S0081,G002,2026-01-13,absent
A000492,S0216,G002,2026-01-13,absent
A000493,S0240,G002,2026-01-13,present
A000494,S0048,G002,2026-01-15,present
A000495,S0081,G002,2026-01-15,present
A000496,S0216,G002,2026-01-15,present
A000497,S0240,G002,2026-01-15,excused
A000498,S0048,G002,2026-01-17,present
A000499,S0081,G002,2026-01-17,present
A000500,S0216,G002,2026-01-17,present
A000501,S0240,G002,2026-01-17,present
A000502,S0048,G002,2026-01-19,present
A000503,S0081,G002,2026-01-19,present
A000504,S0216,G002,2026-01-19,present
A000505,S0240,G002,2026-01-19,present
A000506,S0048,G002,2026-01-21,present
A000507,S0081,G002,2026-01-21,present
A000508,S0216,G002,2026-01-21,absent
A000509,S0240,G002,2026-01-21,present
A000510,S0048,G002,2026-01-23,present
A000511,S0081,G002,2026-01-23,present
A000512,S0216,G002,2026-01-23,present
A000513,S0240,G002,2026-01-23,present
A000514,S0048,G002,2026-01-27,present
A000515,S0081,G002,2026-01-27,late
A000516,S0216,G002,2026-01-27,present
A000517,S0240,G002,2026-01-27,present
A000518,S0048,G002,2026-01-29,absent
A000519,S0081,G002,2026-01-29,present
A000520,S0216,G002,2026-01-29,present
A000521,S0240,G002,2026-01-29,present
A000522,S0047,G002,2026-01-31,present
A000523,S0048,G002,2026-01-31,present
A000524,S0081,G002,2026-01-31,excused
A000525,S0216,G002,2026-01-31,present
A000526,S0240,G002,2026-01-31,present
A000527,S0047,G002,2026-02-02,late
A000528,S0048,G002,2026-02-02,present
A000529,S0081,G002,2026-02-02,present
A000530,S0216,G002,2026-02-02,excused
A000531,S0240,G002,2026-02-02,present
A000532,S0047,G002,2026-02-04,present
A000533,S0048,G002,2026-02-04,present
A000534,S0081,G002,2026-02-04,present
A000535,S0216,G002,2026-02-04,late
A000536,S0240,G002,2026-02-04,present
A000537,S0047,G002,2026-02-06,absent
A000538,S0048,G002,2026-02-06,present
A000539,S0081,G002,2026-02-06,present
A000540,S0216,G002,2026-02-06,late
A000541,S0240,G002,2026-02-06,late
A000542,S0047,G002,2026-02-10,absent
A000543,S0048,G002,2026-02-10,present
A000544,S0081,G002,2026-02-10,present
A000545,S0216,G002,2026-02-10,present
A000546,S0240,G002,2026-02-10,present
A000547,S0047,G002,2026-02-12,late
A000548,S0048,G002,2026-02-12,excused
A000549,S0081,G002,2026-02-12,present
A000550,S0085,G002,2026-02-12,present
A000551,S0216,G002,2026-02-12,late
A000552,S0240,G002,2026-02-12,present
A000553,S0047,G002,2026-02-14,present
A000554,S0048,G002,2026-02-14,present
A000555,S0081,G002,2026-02-14,present
A000556,S0085,G002,2026-02-14,late
A000557,S0216,G002,2026-02-14,present
A000558,S0240,G002,2026-02-14,present
A000559,S0047,G002,2026-02-16,absent
A000560,S0048,G002,2026-02-16,absent
A000561,S0081,G002,2026-02-16,late
A000562,S0085,G002,2026-02-16,absent
A000563,S0216,G002,2026-02-16,present
A000564,S0240,G002,2026-02-16,late
A000565,S0047,G002,2026-02-18,present
A000566,S0048,G002,2026-02-18,present
A000567,S0081,G002,2026-02-18,present
A000568,S0085,G002,2026-02-18,present
A000569,S0216,G002,2026-02-18,present
A000570,S0240,G002,2026-02-18,late
A000571,S0047,G002,2026-02-20,present
A000572,S0048,G002,2026-02-20,present
A000573,S0081,G002,2026-02-20,excused
A000574,S0085,G002,2026-02-20,absent
A000575,S0216,G002,2026-02-20,present
A000576,S0240,G002,2026-02-20,present
A000577,S0047,G002,2026-02-24,present
A000578,S0048,G002,2026-02-24,present
A000579,S0081,G002,2026-02-24,absent
A000580,S0085,G002,2026-02-24,late
A000581,S0216,G002,2026-02-24,present
A000582,S0240,G002,2026-02-24,present
A000583,S0047,G002,2026-02-26,present
A000584,S0048,G002,2026-02-26,present
A000585,S0081,G002,2026-02-26,present
A000586,S0085,G002,2026-02-26,present
A000587,S0216,G002,2026-02-26,present
A000588,S0240,G002,2026-02-26,present
A000589,S0047,G002,2026-02-28,present
A000590,S0048,G002,2026-02-28,present
A000591,S0081,G002,2026-02-28,present
A000592,S0085,G002,2026-02-28,present
A000593,S0216,G002,2026-02-28,present
A000594,S0240,G002,2026-02-28,present
A000595,S0047,G002,2026-03-02,late
A000596,S0048,G002,2026-03-02,present
A000597,S0081,G002,2026-03-02,absent
A000598,S0085,G002,2026-03-02,present
A000599,S0216,G002,2026-03-02,present
A000600,S0240,G002,2026-03-02,present
A000601,S0047,G002,2026-03-04,present
A000602,S0048,G002,2026-03-04,present
A000603,S0081,G002,2026-03-04,present
A000604,S0085,G002,2026-03-04,present
A000605,S0216,G002,2026-03-04,late
A000606,S0240,G002,2026-03-04,present
A000607,S0047,G002,2026-03-06,present
A000608,S0048,G002,2026-03-06,present
A000609,S0081,G002,2026-03-06,present
A000610,S0085,G002,2026-03-06,present
A000611,S0111,G002,2026-03-06,present
A000612,S0216,G002,2026-03-06,present
A000613,S0240,G002,2026-03-06,present
A000614,S0047,G002,2026-03-10,present
A000615,S0048,G002,2026-03-10,excused
A000616,S0081,G002,2026-03-10,present
A000617,S0085,G002,2026-03-10,present
A000618,S0111,G002,2026-03-10,present
A000619,S0216,G002,2026-03-10,present
A000620,S0240,G002,2026-03-10,present
A000621,S0047,G002,2026-03-12,present
A000622,S0048,G002,2026-03-12,present
A000623,S0081,G002,2026-03-12,present
A000624,S0085,G002,2026-03-12,absent
A000625,S0111,G002,2026-03-12,present
A000626,S0216,G002,2026-03-12,present
A000627,S0240,G002,2026-03-12,present
A000628,S0047,G002,2026-03-14,present
A000629,S0048,G002,2026-03-14,excused
A000630,S0081,G002,2026-03-14,present
A000631,S0085,G002,2026-03-14,present
A000632,S0111,G002,2026-03-14,present
A000633,S0216,G002,2026-03-14,present
A000634,S0240,G002,2026-03-14,present
A000635,S0047,G002,2026-03-16,present
A000636,S0048,G002,2026-03-16,present
A000637,S0081,G002,2026-03-16,present
A000638,S0085,G002,2026-03-16,present
A000639,S0111,G002,2026-03-16,present
A000640,S0216,G002,2026-03-16,absent
A000641,S0240,G002,2026-03-16,present
A000642,S0047,G002,2026-03-18,present
A000643,S0048,G002,2026-03-18,present
A000644,S0081,G002,2026-03-18,present
A000645,S0085,G002,2026-03-18,present
A000646,S0111,G002,2026-03-18,late
A000647,S0216,G002,2026-03-18,absent
A000648,S0240,G002,2026-03-18,present
A000649,S0047,G002,2026-03-20,absent
A000650,S0048,G002,2026-03-20,present
A000651,S0081,G002,2026-03-20,present
A000652,S0085,G002,2026-03-20,excused
A000653,S0111,G002,2026-03-20,present
A000654,S0216,G002,2026-03-20,present
A000655,S0240,G002,2026-03-20,absent
A000656,S0047,G002,2026-03-24,present
A000657,S0048,G002,2026-03-24,present
A000658,S0081,G002,2026-03-24,late
A000659,S0085,G002,2026-03-24,absent
A000660,S0111,G002,2026-03-24,present
A000661,S0216,G002,2026-03-24,present
A000662,S0240,G002,2026-03-24,late
A000663,S0047,G002,2026-03-26,present
A000664,S0048,G002,2026-03-26,late
A000665,S0081,G002,2026-03-26,present
A000666,S0085,G002,2026-03-26,present
A000667,S0111,G002,2026-03-26,present
A000668,S0216,G002,2026-03-26,present
A000669,S0240,G002,2026-03-26,present
A000670,S0047,G002,2026-03-28,present
A000671,S0048,G002,2026-03-28,late
A000672,S0081,G002,2026-03-28,present
A000673,S0085,G002,2026-03-28,present
A000674,S0111,G002,2026-03-28,present
A000675,S0216,G002,2026-03-28,present
A000676,S0240,G002,2026-03-28,present
A000677,S0047,G002,2026-03-30,absent
A000678,S0048,G002,2026-03-30,present
A000679,S0081,G002,2026-03-30,present
A000680,S0085,G002,2026-03-30,present
A000681,S0111,G002,2026-03-30,present
A000682,S0216,G002,2026-03-30,present
A000683,S0240,G002,2026-03-30,present
A000684,S0023,G003,2026-07-03,present
A000685,S0023,G003,2026-07-07,absent
A000686,S0031,G003,2026-07-07,present
A000687,S0023,G003,2026-07-09,present
A000688,S0031,G003,2026-07-09,present
A000689,S0023,G003,2026-07-11,present
A000690,S0031,G003,2026-07-11,late
A000691,S0279,G003,2026-07-11,present
A000692,S0023,G003,2026-07-13,present
A000693,S0031,G003,2026-07-13,present
A000694,S0279,G003,2026-07-13,present
A000695,S0023,G003,2026-07-15,present
A000696,S0031,G003,2026-07-15,present
A000697,S0279,G003,2026-07-15,present
A000698,S0023,G003,2026-07-17,absent
A000699,S0031,G003,2026-07-17,present
A000700,S0099,G003,2026-07-17,present
A000701,S0279,G003,2026-07-17,present
A000702,S0023,G003,2026-07-21,present
A000703,S0031,G003,2026-07-21,present
A000704,S0099,G003,2026-07-21,present
A000705,S0279,G003,2026-07-21,absent
A000706,S0023,G003,2026-07-23,present
A000707,S0031,G003,2026-07-23,present
A000708,S0099,G003,2026-07-23,present
A000709,S0279,G003,2026-07-23,present
A000710,S0023,G003,2026-07-25,present
A000711,S0031,G003,2026-07-25,present
A000712,S0099,G003,2026-07-25,absent
A000713,S0279,G003,2026-07-25,present
A000714,S0023,G003,2026-07-27,excused
A000715,S0031,G003,2026-07-27,excused
A000716,S0099,G003,2026-07-27,present
A000717,S0279,G003,2026-07-27,present
A000718,S0023,G003,2026-07-29,present
A000719,S0031,G003,2026-07-29,present
A000720,S0099,G003,2026-07-29,present
A000721,S0279,G003,2026-07-29,present
A000722,S0023,G003,2026-07-31,present
A000723,S0031,G003,2026-07-31,absent
A000724,S0079,G003,2026-07-31,absent
A000725,S0099,G003,2026-07-31,late
A000726,S0279,G003,2026-07-31,present
A000727,S0023,G003,2026-08-04,absent
A000728,S0031,G003,2026-08-04,present
A000729,S0079,G003,2026-08-04,present
A000730,S0099,G003,2026-08-04,late
A000731,S0279,G003,2026-08-04,absent
A000732,S0023,G003,2026-08-06,present
A000733,S0031,G003,2026-08-06,present
A000734,S0079,G003,2026-08-06,present
A000735,S0099,G003,2026-08-06,present
A000736,S0213,G003,2026-08-06,present
A000737,S0279,G003,2026-08-06,present
A000738,S0023,G003,2026-08-08,absent
A000739,S0031,G003,2026-08-08,present
A000740,S0079,G003,2026-08-08,present
A000741,S0099,G003,2026-08-08,present
A000742,S0213,G003,2026-08-08,present
A000743,S0279,G003,2026-08-08,present
A000744,S0023,G003,2026-08-10,present
A000745,S0031,G003,2026-08-10,present
A000746,S0044,G003,2026-08-10,present
A000747,S0079,G003,2026-08-10,present
A000748,S0099,G003,2026-08-10,absent
A000749,S0213,G003,2026-08-10,present
A000750,S0279,G003,2026-08-10,present
A000751,S0023,G003,2026-08-12,present
A000752,S0031,G003,2026-08-12,present
A000753,S0044,G003,2026-08-12,present
A000754,S0079,G003,2026-08-12,late
A000755,S0099,G003,2026-08-12,present
A000756,S0213,G003,2026-08-12,present
A000757,S0279,G003,2026-08-12,present
A000758,S0023,G003,2026-08-14,absent
A000759,S0031,G003,2026-08-14,present
A000760,S0044,G003,2026-08-14,present
A000761,S0079,G003,2026-08-14,present
A000762,S0099,G003,2026-08-14,present
A000763,S0213,G003,2026-08-14,present
A000764,S0258,G003,2026-08-14,late
A000765,S0279,G003,2026-08-14,absent
A000766,S0017,G003,2026-08-18,present
A000767,S0023,G003,2026-08-18,present
A000768,S0031,G003,2026-08-18,late
A000769,S0044,G003,2026-08-18,present
A000770,S0079,G003,2026-08-18,present
A000771,S0099,G003,2026-08-18,present
A000772,S0120,G003,2026-08-18,present
A000773,S0213,G003,2026-08-18,present
A000774,S0258,G003,2026-08-18,present
A000775,S0279,G003,2026-08-18,present
A000776,S0017,G003,2026-08-20,present
A000777,S0023,G003,2026-08-20,present
A000778,S0031,G003,2026-08-20,present
A000779,S0044,G003,2026-08-20,present
A000780,S0079,G003,2026-08-20,present
A000781,S0099,G003,2026-08-20,excused
A000782,S0120,G003,2026-08-20,absent
A000783,S0213,G003,2026-08-20,present
A000784,S0258,G003,2026-08-20,present
A000785,S0279,G003,2026-08-20,present
A000786,S0017,G003,2026-08-22,present
A000787,S0023,G003,2026-08-22,absent
A000788,S0031,G003,2026-08-22,late
A000789,S0044,G003,2026-08-22,excused
A000790,S0079,G003,2026-08-22,present
A000791,S0099,G003,2026-08-22,present
A000792,S0120,G003,2026-08-22,present
A000793,S0213,G003,2026-08-22,present
A000794,S0258,G003,2026-08-22,present
A000795,S0279,G003,2026-08-22,late
A000796,S0017,G003,2026-08-24,absent
A000797,S0023,G003,2026-08-24,absent
A000798,S0031,G003,2026-08-24,present
A000799,S0044,G003,2026-08-24,present
A000800,S0079,G003,2026-08-24,present
A000801,S0099,G003,2026-08-24,present
A000802,S0120,G003,2026-08-24,present
A000803,S0191,G003,2026-08-24,present
A000804,S0213,G003,2026-08-24,present
A000805,S0258,G003,2026-08-24,present
A000806,S0279,G003,2026-08-24,late
A000807,S0017,G003,2026-08-26,present
A000808,S0023,G003,2026-08-26,present
A000809,S0031,G003,2026-08-26,present
A000810,S0044,G003,2026-08-26,present
A000811,S0079,G003,2026-08-26,present
A000812,S0099,G003,2026-08-26,present
A000813,S0120,G003,2026-08-26,present
A000814,S0191,G003,2026-08-26,absent
A000815,S0213,G003,2026-08-26,present
A000816,S0237,G003,2026-08-26,present
A000817,S0258,G003,2026-08-26,late
A000818,S0279,G003,2026-08-26,absent
A000819,S0017,G003,2026-08-28,late
A000820,S0023,G003,2026-08-28,absent
A000821,S0031,G003,2026-08-28,present
A000822,S0044,G003,2026-08-28,present
A000823,S0079,G003,2026-08-28,present
A000824,S0099,G003,2026-08-28,present
A000825,S0120,G003,2026-08-28,present
A000826,S0191,G003,2026-08-28,present
A000827,S0213,G003,2026-08-28,present
A000828,S0237,G003,2026-08-28,absent
A000829,S0258,G003,2026-08-28,present
A000830,S0279,G003,2026-08-28,present
A000831,S0006,G004,2026-01-13,present
A000832,S0006,G004,2026-01-15,present
A000833,S0006,G004,2026-01-17,present
A000834,S0006,G004,2026-01-19,present
A000835,S0006,G004,2026-01-21,present
A000836,S0006,G004,2026-01-23,present
A000837,S0006,G004,2026-01-27,present
A000838,S0006,G004,2026-01-29,present
A000839,S0006,G004,2026-01-31,present
A000840,S0006,G004,2026-02-02,present
A000841,S0236,G004,2026-02-02,present
A000842,S0006,G004,2026-02-04,present
A000843,S0236,G004,2026-02-04,present
A000844,S0006,G004,2026-02-06,present
A000845,S0236,G004,2026-02-06,present
A000846,S0006,G004,2026-02-10,present
A000847,S0236,G004,2026-02-10,present
A000848,S0006,G004,2026-02-12,absent
A000849,S0236,G004,2026-02-12,present
A000850,S0260,G004,2026-02-12,present
A000851,S0006,G004,2026-02-14,present
A000852,S0236,G004,2026-02-14,present
A000853,S0260,G004,2026-02-14,excused
A000854,S0006,G004,2026-02-16,present
A000855,S0236,G004,2026-02-16,absent
A000856,S0260,G004,2026-02-16,present
A000857,S0006,G004,2026-02-18,present
A000858,S0236,G004,2026-02-18,present
A000859,S0260,G004,2026-02-18,present
A000860,S0006,G004,2026-02-20,absent
A000861,S0236,G004,2026-02-20,present
A000862,S0260,G004,2026-02-20,present
A000863,S0006,G004,2026-02-24,present
A000864,S0141,G004,2026-02-24,present
A000865,S0236,G004,2026-02-24,present
A000866,S0239,G004,2026-02-24,present
A000867,S0260,G004,2026-02-24,present
A000868,S0006,G004,2026-02-26,absent
A000869,S0141,G004,2026-02-26,excused
A000870,S0236,G004,2026-02-26,present
A000871,S0239,G004,2026-02-26,present
A000872,S0260,G004,2026-02-26,present
A000873,S0006,G004,2026-02-28,present
A000874,S0141,G004,2026-02-28,present
A000875,S0236,G004,2026-02-28,late
A000876,S0239,G004,2026-02-28,present
A000877,S0260,G004,2026-02-28,present
A000878,S0006,G004,2026-03-02,present
A000879,S0141,G004,2026-03-02,present
A000880,S0236,G004,2026-03-02,absent
A000881,S0239,G004,2026-03-02,absent
A000882,S0260,G004,2026-03-02,present
A000883,S0006,G004,2026-03-04,present
A000884,S0141,G004,2026-03-04,late
A000885,S0236,G004,2026-03-04,present
A000886,S0239,G004,2026-03-04,present
A000887,S0260,G004,2026-03-04,present
A000888,S0006,G004,2026-03-06,present
A000889,S0141,G004,2026-03-06,present
A000890,S0236,G004,2026-03-06,present
A000891,S0239,G004,2026-03-06,present
A000892,S0260,G004,2026-03-06,present
A000893,S0006,G004,2026-03-10,present
A000894,S0010,G004,2026-03-10,present
A000895,S0141,G004,2026-03-10,present
A000896,S0236,G004,2026-03-10,present
A000897,S0239,G004,2026-03-10,present
A000898,S0260,G004,2026-03-10,present
A000899,S0006,G004,2026-03-12,absent
A000900,S0010,G004,2026-03-12,present
A000901,S0141,G004,2026-03-12,late
A000902,S0236,G004,2026-03-12,late
A000903,S0239,G004,2026-03-12,present
A000904,S0260,G004,2026-03-12,present
A000905,S0006,G004,2026-03-14,present
A000906,S0010,G004,2026-03-14,present
A000907,S0141,G004,2026-03-14,present
A000908,S0236,G004,2026-03-14,present
A000909,S0239,G004,2026-03-14,present
A000910,S0260,G004,2026-03-14,present
A000911,S0006,G004,2026-03-16,present
A000912,S0010,G004,2026-03-16,present
A000913,S0141,G004,2026-03-16,present
A000914,S0236,G004,2026-03-16,present
A000915,S0239,G004,2026-03-16,present
A000916,S0260,G004,2026-03-16,present
A000917,S0006,G004,2026-03-18,present
A000918,S0010,G004,2026-03-18,present
A000919,S0141,G004,2026-03-18,present
A000920,S0236,G004,2026-03-18,present
A000921,S0239,G004,2026-03-18,absent
A000922,S0260,G004,2026-03-18,present
A000923,S0006,G004,2026-03-20,present
A000924,S0010,G004,2026-03-20,present
A000925,S0141,G004,2026-03-20,present
A000926,S0236,G004,2026-03-20,present
A000927,S0239,G004,2026-03-20,absent
A000928,S0260,G004,2026-03-20,present
A000929,S0006,G004,2026-03-24,present
A000930,S0010,G004,2026-03-24,present
A000931,S0141,G004,2026-03-24,present
A000932,S0236,G004,2026-03-24,present
A000933,S0239,G004,2026-03-24,present
A000934,S0260,G004,2026-03-24,present
A000935,S0006,G004,2026-03-26,present
A000936,S0010,G004,2026-03-26,present
A000937,S0141,G004,2026-03-26,present
A000938,S0236,G004,2026-03-26,present
A000939,S0239,G004,2026-03-26,present
A000940,S0260,G004,2026-03-26,absent
A000941,S0006,G004,2026-03-28,present
A000942,S0010,G004,2026-03-28,present
A000943,S0141,G004,2026-03-28,present
A000944,S0236,G004,2026-03-28,present
A000945,S0239,G004,2026-03-28,absent
A000946,S0260,G004,2026-03-28,present
A000947,S0006,G004,2026-03-30,present
A000948,S0010,G004,2026-03-30,present
A000949,S0141,G004,2026-03-30,present
A000950,S0236,G004,2026-03-30,excused
A000951,S0239,G004,2026-03-30,present
A000952,S0260,G004,2026-03-30,present
A000953,S0006,G004,2026-04-01,present
A000954,S0010,G004,2026-04-01,present
A000955,S0141,G004,2026-04-01,present
A000956,S0236,G004,2026-04-01,present
A000957,S0239,G004,2026-04-01,present
A000958,S0260,G004,2026-04-01,late
A000959,S0006,G004,2026-04-03,present
A000960,S0010,G004,2026-04-03,present
A000961,S0141,G004,2026-04-03,present
A000962,S0236,G004,2026-04-03,present
A000963,S0239,G004,2026-04-03,present
A000964,S0260,G004,2026-04-03,present
A000965,S0006,G004,2026-04-07,absent
A000966,S0010,G004,2026-04-07,present
A000967,S0141,G004,2026-04-07,present
A000968,S0236,G004,2026-04-07,present
A000969,S0239,G004,2026-04-07,present
A000970,S0260,G004,2026-04-07,present
A000971,S0006,G004,2026-04-09,present
A000972,S0010,G004,2026-04-09,present
A000973,S0054,G004,2026-04-09,present
A000974,S0141,G004,2026-04-09,present
A000975,S0236,G004,2026-04-09,excused
A000976,S0239,G004,2026-04-09,absent
A000977,S0260,G004,2026-04-09,present
A000978,S0006,G004,2026-04-11,present
A000979,S0010,G004,2026-04-11,present
A000980,S0054,G004,2026-04-11,late
A000981,S0141,G004,2026-04-11,present
A000982,S0236,G004,2026-04-11,present
A000983,S0239,G004,2026-04-11,present
A000984,S0260,G004,2026-04-11,excused
A000985,S0006,G004,2026-04-13,late
A000986,S0010,G004,2026-04-13,present
A000987,S0054,G004,2026-04-13,present
A000988,S0141,G004,2026-04-13,present
A000989,S0236,G004,2026-04-13,present
A000990,S0239,G004,2026-04-13,present
A000991,S0260,G004,2026-04-13,present
A000992,S0006,G004,2026-04-15,present
A000993,S0010,G004,2026-04-15,present
A000994,S0054,G004,2026-04-15,present
A000995,S0141,G004,2026-04-15,absent
A000996,S0236,G004,2026-04-15,late
A000997,S0239,G004,2026-04-15,present
A000998,S0260,G004,2026-04-15,late
A000999,S0006,G004,2026-04-17,present
A001000,S0010,G004,2026-04-17,present
A001001,S0054,G004,2026-04-17,present
A001002,S0141,G004,2026-04-17,present
A001003,S0236,G004,2026-04-17,excused
A001004,S0239,G004,2026-04-17,present
A001005,S0260,G004,2026-04-17,present
A001006,S0006,G004,2026-04-21,present
A001007,S0010,G004,2026-04-21,present
A001008,S0040,G004,2026-04-21,present
A001009,S0054,G004,2026-04-21,present
A001010,S0141,G004,2026-04-21,absent
A001011,S0236,G004,2026-04-21,present
A001012,S0239,G004,2026-04-21,present
A001013,S0260,G004,2026-04-21,present
A001014,S0006,G004,2026-04-23,present
A001015,S0010,G004,2026-04-23,present
A001016,S0040,G004,2026-04-23,present
A001017,S0054,G004,2026-04-23,present
A001018,S0141,G004,2026-04-23,present
A001019,S0236,G004,2026-04-23,absent
A001020,S0239,G004,2026-04-23,late
A001021,S0260,G004,2026-04-23,present
A001022,S0006,G004,2026-04-25,present
A001023,S0010,G004,2026-04-25,present
A001024,S0040,G004,2026-04-25,present
A001025,S0054,G004,2026-04-25,present
A001026,S0141,G004,2026-04-25,present
A001027,S0179,G004,2026-04-25,present
A001028,S0236,G004,2026-04-25,present
A001029,S0239,G004,2026-04-25,present
A001030,S0260,G004,2026-04-25,present
A001031,S0006,G004,2026-04-27,absent
A001032,S0010,G004,2026-04-27,present
A001033,S0040,G004,2026-04-27,absent
A001034,S0054,G004,2026-04-27,present
A001035,S0141,G004,2026-04-27,present
A001036,S0179,G004,2026-04-27,present
A001037,S0236,G004,2026-04-27,present
A001038,S0239,G004,2026-04-27,present
A001039,S0260,G004,2026-04-27,absent
A001040,S0006,G004,2026-04-29,late
A001041,S0010,G004,2026-04-29,excused
A001042,S0040,G004,2026-04-29,present
A001043,S0054,G004,2026-04-29,present
A001044,S0141,G004,2026-04-29,present
A001045,S0179,G004,2026-04-29,absent
A001046,S0236,G004,2026-04-29,present
A001047,S0239,G004,2026-04-29,present
A001048,S0260,G004,2026-04-29,late
A001049,S0006,G004,2026-05-01,present
A001050,S0010,G004,2026-05-01,present
A001051,S0040,G004,2026-05-01,absent
A001052,S0054,G004,2026-05-01,present
A001053,S0141,G004,2026-05-01,present
A001054,S0179,G004,2026-05-01,present
A001055,S0236,G004,2026-05-01,present
A001056,S0239,G004,2026-05-01,excused
A001057,S0260,G004,2026-05-01,present
A001058,S0006,G004,2026-05-05,present
A001059,S0010,G004,2026-05-05,late
A001060,S0018,G004,2026-05-05,present
A001061,S0040,G004,2026-05-05,present
A001062,S0054,G004,2026-05-05,late
A001063,S0141,G004,2026-05-05,present
A001064,S0179,G004,2026-05-05,present
A001065,S0236,G004,2026-05-05,present
A001066,S0239,G004,2026-05-05,present
A001067,S0260,G004,2026-05-05,present
A001068,S0006,G004,2026-05-07,present
A001069,S0010,G004,2026-05-07,present
A001070,S0018,G004,2026-05-07,present
A001071,S0040,G004,2026-05-07,present
A001072,S0054,G004,2026-05-07,present
A001073,S0141,G004,2026-05-07,present
A001074,S0179,G004,2026-05-07,present
A001075,S0236,G004,2026-05-07,present
A001076,S0239,G004,2026-05-07,present
A001077,S0260,G004,2026-05-07,late
A001078,S0006,G004,2026-05-09,present
A001079,S0010,G004,2026-05-09,present
A001080,S0018,G004,2026-05-09,present
A001081,S0040,G004,2026-05-09,present
A001082,S0054,G004,2026-05-09,present
A001083,S0141,G004,2026-05-09,present
A001084,S0179,G004,2026-05-09,absent
A001085,S0236,G004,2026-05-09,excused
A001086,S0239,G004,2026-05-09,present
A001087,S0260,G004,2026-05-09,present
A001088,S0006,G004,2026-05-11,present
A001089,S0010,G004,2026-05-11,present
A001090,S0018,G004,2026-05-11,present
A001091,S0040,G004,2026-05-11,present
A001092,S0054,G004,2026-05-11,present
A001093,S0141,G004,2026-05-11,present
A001094,S0179,G004,2026-05-11,present
A001095,S0236,G004,2026-05-11,present
A001096,S0239,G004,2026-05-11,present
A001097,S0260,G004,2026-05-11,present
A001098,S0006,G004,2026-05-13,present
A001099,S0010,G004,2026-05-13,present
A001100,S0018,G004,2026-05-13,present
A001101,S0040,G004,2026-05-13,absent
A001102,S0054,G004,2026-05-13,present
A001103,S0141,G004,2026-05-13,absent
A001104,S0174,G004,2026-05-13,present
A001105,S0179,G004,2026-05-13,present
A001106,S0236,G004,2026-05-13,present
A001107,S0239,G004,2026-05-13,present
A001108,S0260,G004,2026-05-13,present
A001109,S0006,G004,2026-05-15,present
A001110,S0010,G004,2026-05-15,present
A001111,S0018,G004,2026-05-15,present
A001112,S0040,G004,2026-05-15,present
A001113,S0054,G004,2026-05-15,present
A001114,S0113,G004,2026-05-15,absent
A001115,S0141,G004,2026-05-15,present
A001116,S0174,G004,2026-05-15,present
A001117,S0179,G004,2026-05-15,late
A001118,S0236,G004,2026-05-15,present
A001119,S0239,G004,2026-05-15,present
A001120,S0260,G004,2026-05-15,present
A001121,S0006,G004,2026-05-19,present
A001122,S0010,G004,2026-05-19,absent
A001123,S0018,G004,2026-05-19,present
A001124,S0040,G004,2026-05-19,present
A001125,S0054,G004,2026-05-19,present
A001126,S0091,G004,2026-05-19,present
A001127,S0113,G004,2026-05-19,present
A001128,S0141,G004,2026-05-19,present
A001129,S0174,G004,2026-05-19,excused
A001130,S0179,G004,2026-05-19,present
A001131,S0236,G004,2026-05-19,present
A001132,S0239,G004,2026-05-19,absent
A001133,S0260,G004,2026-05-19,present
A001134,S0006,G004,2026-05-21,present
A001135,S0010,G004,2026-05-21,late
A001136,S0018,G004,2026-05-21,absent
A001137,S0040,G004,2026-05-21,present
A001138,S0054,G004,2026-05-21,present
A001139,S0091,G004,2026-05-21,present
A001140,S0113,G004,2026-05-21,present
A001141,S0141,G004,2026-05-21,present
A001142,S0174,G004,2026-05-21,present
A001143,S0179,G004,2026-05-21,absent
A001144,S0236,G004,2026-05-21,present
A001145,S0239,G004,2026-05-21,absent
A001146,S0260,G004,2026-05-21,present
A001147,S0006,G004,2026-05-23,present
A001148,S0010,G004,2026-05-23,present
A001149,S0018,G004,2026-05-23,present
A001150,S0040,G004,2026-05-23,present
A001151,S0054,G004,2026-05-23,present
A001152,S0091,G004,2026-05-23,absent
A001153,S0113,G004,2026-05-23,present
A001154,S0133,G004,2026-05-23,present
A001155,S0141,G004,2026-05-23,present
A001156,S0174,G004,2026-05-23,late
A001157,S0179,G004,2026-05-23,present
A001158,S0236,G004,2026-05-23,present
A001159,S0239,G004,2026-05-23,absent
A001160,S0260,G004,2026-05-23,present
A001161,S0006,G004,2026-05-25,present
A001162,S0010,G004,2026-05-25,present
A001163,S0018,G004,2026-05-25,present
A001164,S0040,G004,2026-05-25,present
A001165,S0054,G004,2026-05-25,present
A001166,S0091,G004,2026-05-25,absent
A001167,S0113,G004,2026-05-25,present
A001168,S0133,G004,2026-05-25,present
A001169,S0141,G004,2026-05-25,present
A001170,S0174,G004,2026-05-25,present
A001171,S0179,G004,2026-05-25,present
A001172,S0236,G004,2026-05-25,present
A001173,S0239,G004,2026-05-25,excused
A001174,S0260,G004,2026-05-25,present
A001175,S0006,G004,2026-05-27,absent
A001176,S0010,G004,2026-05-27,present
A001177,S0018,G004,2026-05-27,present
A001178,S0040,G004,2026-05-27,present
A001179,S0054,G004,2026-05-27,present
A001180,S0091,G004,2026-05-27,absent
A001181,S0113,G004,2026-05-27,present
A001182,S0133,G004,2026-05-27,present
A001183,S0141,G004,2026-05-27,present
A001184,S0174,G004,2026-05-27,present
A001185,S0179,G004,2026-05-27,present
A001186,S0236,G004,2026-05-27,late
A001187,S0239,G004,2026-05-27,absent
A001188,S0260,G004,2026-05-27,absent
A001189,S0006,G004,2026-05-29,present
A001190,S0010,G004,2026-05-29,present
A001191,S0018,G004,2026-05-29,present
A001192,S0040,G004,2026-05-29,present
A001193,S0054,G004,2026-05-29,present
A001194,S0091,G004,2026-05-29,present
A001195,S0113,G004,2026-05-29,late
A001196,S0133,G004,2026-05-29,present
A001197,S0141,G004,2026-05-29,present
A001198,S0174,G004,2026-05-29,late
A001199,S0179,G004,2026-05-29,absent
A001200,S0236,G004,2026-05-29,present
A001201,S0239,G004,2026-05-29,present
A001202,S0260,G004,2026-05-29,present
A001203,S0169,G005,2026-06-13,present
A001204,S0169,G005,2026-06-15,present
A001205,S0169,G005,2026-06-17,present
A001206,S0169,G005,2026-06-19,present
A001207,S0169,G005,2026-06-23,present
A001208,S0189,G005,2026-06-23,present
A001209,S0069,G005,2026-06-25,absent
A001210,S0095,G005,2026-06-25,present
A001211,S0169,G005,2026-06-25,present
A001212,S0189,G005,2026-06-25,excused
A001213,S0069,G005,2026-06-27,present
A001214,S0095,G005,2026-06-27,present
A001215,S0169,G005,2026-06-27,present
A001216,S0189,G005,2026-06-27,absent
A001217,S0069,G005,2026-06-29,present
A001218,S0095,G005,2026-06-29,present
A001219,S0169,G005,2026-06-29,present
A001220,S0189,G005,2026-06-29,present
A001221,S0069,G005,2026-07-01,present
A001222,S0095,G005,2026-07-01,present
A001223,S0128,G005,2026-07-01,present
A001224,S0169,G005,2026-07-01,present
A001225,S0189,G005,2026-07-01,present
A001226,S0069,G005,2026-07-03,present
A001227,S0095,G005,2026-07-03,present
A001228,S0128,G005,2026-07-03,present
A001229,S0169,G005,2026-07-03,present
A001230,S0189,G005,2026-07-03,late
A001231,S0069,G005,2026-07-07,present
A001232,S0095,G005,2026-07-07,present
A001233,S0128,G005,2026-07-07,present
A001234,S0169,G005,2026-07-07,present
A001235,S0189,G005,2026-07-07,present
A001236,S0282,G005,2026-07-07,excused
A001237,S0069,G005,2026-07-09,present
A001238,S0095,G005,2026-07-09,present
A001239,S0128,G005,2026-07-09,present
A001240,S0169,G005,2026-07-09,present
A001241,S0189,G005,2026-07-09,present
A001242,S0282,G005,2026-07-09,late
A001243,S0069,G005,2026-07-11,present
A001244,S0095,G005,2026-07-11,present
A001245,S0128,G005,2026-07-11,late
A001246,S0169,G005,2026-07-11,present
A001247,S0189,G005,2026-07-11,present
A001248,S0282,G005,2026-07-11,present
A001249,S0069,G005,2026-07-13,present
A001250,S0095,G005,2026-07-13,present
A001251,S0128,G005,2026-07-13,absent
A001252,S0169,G005,2026-07-13,excused
A001253,S0189,G005,2026-07-13,present
A001254,S0282,G005,2026-07-13,late
A001255,S0069,G005,2026-07-15,present
A001256,S0095,G005,2026-07-15,present
A001257,S0128,G005,2026-07-15,present
A001258,S0169,G005,2026-07-15,present
A001259,S0189,G005,2026-07-15,present
A001260,S0210,G005,2026-07-15,present
A001261,S0282,G005,2026-07-15,late
A001262,S0069,G005,2026-07-17,present
A001263,S0095,G005,2026-07-17,present
A001264,S0128,G005,2026-07-17,present
A001265,S0169,G005,2026-07-17,present
A001266,S0189,G005,2026-07-17,present
A001267,S0210,G005,2026-07-17,present
A001268,S0282,G005,2026-07-17,present
A001269,S0069,G005,2026-07-21,present
A001270,S0095,G005,2026-07-21,present
A001271,S0128,G005,2026-07-21,present
A001272,S0169,G005,2026-07-21,present
A001273,S0189,G005,2026-07-21,present
A001274,S0210,G005,2026-07-21,present
A001275,S0282,G005,2026-07-21,late
A001276,S0069,G005,2026-07-23,present
A001277,S0095,G005,2026-07-23,present
A001278,S0128,G005,2026-07-23,present
A001279,S0169,G005,2026-07-23,absent
A001280,S0189,G005,2026-07-23,present
A001281,S0210,G005,2026-07-23,present
A001282,S0282,G005,2026-07-23,present
A001283,S0069,G005,2026-07-25,present
A001284,S0095,G005,2026-07-25,present
A001285,S0128,G005,2026-07-25,absent
A001286,S0169,G005,2026-07-25,present
A001287,S0189,G005,2026-07-25,present
A001288,S0210,G005,2026-07-25,present
A001289,S0282,G005,2026-07-25,present
A001290,S0069,G005,2026-07-27,present
A001291,S0095,G005,2026-07-27,present
A001292,S0128,G005,2026-07-27,present
A001293,S0169,G005,2026-07-27,present
A001294,S0189,G005,2026-07-27,present
A001295,S0210,G005,2026-07-27,present
A001296,S0282,G005,2026-07-27,present
A001297,S0069,G005,2026-07-29,present
A001298,S0095,G005,2026-07-29,present
A001299,S0128,G005,2026-07-29,present
A001300,S0169,G005,2026-07-29,present
A001301,S0189,G005,2026-07-29,late
A001302,S0210,G005,2026-07-29,present
A001303,S0282,G005,2026-07-29,present
A001304,S0069,G005,2026-07-31,present
A001305,S0095,G005,2026-07-31,absent
A001306,S0128,G005,2026-07-31,late
A001307,S0169,G005,2026-07-31,present
A001308,S0189,G005,2026-07-31,excused
A001309,S0210,G005,2026-07-31,present
A001310,S0282,G005,2026-07-31,absent
A001311,S0069,G005,2026-08-04,present
A001312,S0095,G005,2026-08-04,late
A001313,S0121,G005,2026-08-04,absent
A001314,S0128,G005,2026-08-04,present
A001315,S0169,G005,2026-08-04,present
A001316,S0189,G005,2026-08-04,present
A001317,S0210,G005,2026-08-04,present
A001318,S0282,G005,2026-08-04,present
A001319,S0069,G005,2026-08-06,present
A001320,S0095,G005,2026-08-06,present
A001321,S0121,G005,2026-08-06,present
A001322,S0128,G005,2026-08-06,present
A001323,S0169,G005,2026-08-06,absent
A001324,S0189,G005,2026-08-06,present
A001325,S0210,G005,2026-08-06,present
A001326,S0282,G005,2026-08-06,present
A001327,S0069,G005,2026-08-08,present
A001328,S0095,G005,2026-08-08,present
A001329,S0121,G005,2026-08-08,present
A001330,S0128,G005,2026-08-08,present
A001331,S0169,G005,2026-08-08,present
A001332,S0189,G005,2026-08-08,excused
A001333,S0210,G005,2026-08-08,present
A001334,S0282,G005,2026-08-08,present
A001335,S0069,G005,2026-08-10,late
A001336,S0095,G005,2026-08-10,late
A001337,S0121,G005,2026-08-10,present
A001338,S0128,G005,2026-08-10,present
A001339,S0169,G005,2026-08-10,present
A001340,S0189,G005,2026-08-10,present
A001341,S0210,G005,2026-08-10,present
A001342,S0282,G005,2026-08-10,present
A001343,S0069,G005,2026-08-12,present
A001344,S0095,G005,2026-08-12,present
A001345,S0121,G005,2026-08-12,absent
A001346,S0128,G005,2026-08-12,present
A001347,S0169,G005,2026-08-12,excused
A001348,S0189,G005,2026-08-12,present
A001349,S0210,G005,2026-08-12,excused
A001350,S0282,G005,2026-08-12,present
A001351,S0069,G005,2026-08-14,present
A001352,S0095,G005,2026-08-14,present
A001353,S0121,G005,2026-08-14,present
A001354,S0128,G005,2026-08-14,present
A001355,S0169,G005,2026-08-14,present
A001356,S0189,G005,2026-08-14,present
A001357,S0210,G005,2026-08-14,absent
A001358,S0282,G005,2026-08-14,present
A001359,S0021,G005,2026-08-18,present
A001360,S0069,G005,2026-08-18,late
A001361,S0095,G005,2026-08-18,present
A001362,S0108,G005,2026-08-18,present
A001363,S0121,G005,2026-08-18,present
A001364,S0128,G005,2026-08-18,present
A001365,S0165,G005,2026-08-18,present
A001366,S0169,G005,2026-08-18,present
A001367,S0189,G005,2026-08-18,late
A001368,S0210,G005,2026-08-18,present
A001369,S0282,G005,2026-08-18,present
A001370,S0021,G005,2026-08-20,present
A001371,S0069,G005,2026-08-20,late
A001372,S0095,G005,2026-08-20,present
A001373,S0108,G005,2026-08-20,present
A001374,S0121,G005,2026-08-20,present
A001375,S0128,G005,2026-08-20,present
A001376,S0165,G005,2026-08-20,present
A001377,S0169,G005,2026-08-20,present
A001378,S0189,G005,2026-08-20,present
A001379,S0210,G005,2026-08-20,present
A001380,S0282,G005,2026-08-20,present
A001381,S0021,G005,2026-08-22,present
A001382,S0069,G005,2026-08-22,present
A001383,S0095,G005,2026-08-22,excused
A001384,S0108,G005,2026-08-22,present
A001385,S0121,G005,2026-08-22,present
A001386,S0128,G005,2026-08-22,present
A001387,S0165,G005,2026-08-22,present
A001388,S0169,G005,2026-08-22,present
A001389,S0189,G005,2026-08-22,present
A001390,S0210,G005,2026-08-22,excused
A001391,S0282,G005,2026-08-22,present
A001392,S0021,G005,2026-08-24,present
A001393,S0069,G005,2026-08-24,present
A001394,S0095,G005,2026-08-24,present
A001395,S0108,G005,2026-08-24,present
A001396,S0121,G005,2026-08-24,absent
A001397,S0128,G005,2026-08-24,late
A001398,S0165,G005,2026-08-24,late
A001399,S0169,G005,2026-08-24,present
A001400,S0189,G005,2026-08-24,present
A001401,S0210,G005,2026-08-24,present
A001402,S0282,G005,2026-08-24,present
A001403,S0021,G005,2026-08-26,present
A001404,S0069,G005,2026-08-26,present
A001405,S0095,G005,2026-08-26,present
A001406,S0108,G005,2026-08-26,absent
A001407,S0121,G005,2026-08-26,absent
A001408,S0128,G005,2026-08-26,late
A001409,S0165,G005,2026-08-26,present
A001410,S0169,G005,2026-08-26,absent
A001411,S0189,G005,2026-08-26,present
A001412,S0210,G005,2026-08-26,present
A001413,S0282,G005,2026-08-26,present
A001414,S0021,G005,2026-08-28,present
A001415,S0069,G005,2026-08-28,present
A001416,S0095,G005,2026-08-28,absent
A001417,S0108,G005,2026-08-28,present
A001418,S0121,G005,2026-08-28,late
A001419,S0128,G005,2026-08-28,present
A001420,S0165,G005,2026-08-28,present
A001421,S0169,G005,2026-08-28,late
A001422,S0189,G005,2026-08-28,present
A001423,S0206,G005,2026-08-28,absent
A001424,S0210,G005,2026-08-28,present
A001425,S0282,G005,2026-08-28,present
A001426,S0277,G006,2026-06-16,present
A001427,S0277,G006,2026-06-18,present
A001428,S0277,G006,2026-06-20,present
A001429,S0277,G006,2026-06-22,present
A001430,S0277,G006,2026-06-24,present
A001431,S0045,G006,2026-06-26,present
A001432,S0277,G006,2026-06-26,excused
A001433,S0045,G006,2026-06-30,late
A001434,S0188,G006,2026-06-30,present
A001435,S0277,G006,2026-06-30,present
A001436,S0045,G006,2026-07-02,present
A001437,S0188,G006,2026-07-02,present
A001438,S0277,G006,2026-07-02,present
A001439,S0045,G006,2026-07-04,absent
A001440,S0188,G006,2026-07-04,present
A001441,S0277,G006,2026-07-04,present
A001442,S0007,G006,2026-07-06,present
A001443,S0045,G006,2026-07-06,late
A001444,S0188,G006,2026-07-06,present
A001445,S0223,G006,2026-07-06,present
A001446,S0277,G006,2026-07-06,present
A001447,S0007,G006,2026-07-08,present
A001448,S0045,G006,2026-07-08,present
A001449,S0188,G006,2026-07-08,present
A001450,S0223,G006,2026-07-08,present
A001451,S0277,G006,2026-07-08,present
A001452,S0007,G006,2026-07-10,excused
A001453,S0045,G006,2026-07-10,present
A001454,S0188,G006,2026-07-10,late
A001455,S0223,G006,2026-07-10,present
A001456,S0277,G006,2026-07-10,late
A001457,S0007,G006,2026-07-14,present
A001458,S0045,G006,2026-07-14,present
A001459,S0188,G006,2026-07-14,present
A001460,S0223,G006,2026-07-14,present
A001461,S0277,G006,2026-07-14,absent
A001462,S0007,G006,2026-07-16,present
A001463,S0045,G006,2026-07-16,present
A001464,S0188,G006,2026-07-16,present
A001465,S0223,G006,2026-07-16,present
A001466,S0277,G006,2026-07-16,present
A001467,S0007,G006,2026-07-18,late
A001468,S0045,G006,2026-07-18,present
A001469,S0188,G006,2026-07-18,absent
A001470,S0223,G006,2026-07-18,present
A001471,S0277,G006,2026-07-18,present
A001472,S0007,G006,2026-07-20,present
A001473,S0045,G006,2026-07-20,absent
A001474,S0188,G006,2026-07-20,present
A001475,S0223,G006,2026-07-20,present
A001476,S0277,G006,2026-07-20,present
A001477,S0007,G006,2026-07-22,present
A001478,S0045,G006,2026-07-22,present
A001479,S0188,G006,2026-07-22,present
A001480,S0223,G006,2026-07-22,present
A001481,S0277,G006,2026-07-22,present
A001482,S0007,G006,2026-07-24,present
A001483,S0045,G006,2026-07-24,present
A001484,S0188,G006,2026-07-24,present
A001485,S0223,G006,2026-07-24,present
A001486,S0277,G006,2026-07-24,present
A001487,S0007,G006,2026-07-28,present
A001488,S0045,G006,2026-07-28,present
A001489,S0188,G006,2026-07-28,present
A001490,S0223,G006,2026-07-28,present
A001491,S0277,G006,2026-07-28,present
A001492,S0007,G006,2026-07-30,present
A001493,S0045,G006,2026-07-30,present
A001494,S0188,G006,2026-07-30,late
A001495,S0223,G006,2026-07-30,excused
A001496,S0277,G006,2026-07-30,present
A001497,S0007,G006,2026-08-01,present
A001498,S0045,G006,2026-08-01,present
A001499,S0188,G006,2026-08-01,present
A001500,S0223,G006,2026-08-01,present
A001501,S0277,G006,2026-08-01,excused
A001502,S0007,G006,2026-08-03,present
A001503,S0045,G006,2026-08-03,present
A001504,S0188,G006,2026-08-03,present
A001505,S0223,G006,2026-08-03,present
A001506,S0277,G006,2026-08-03,present
A001507,S0007,G006,2026-08-05,late
A001508,S0045,G006,2026-08-05,present
A001509,S0188,G006,2026-08-05,present
A001510,S0223,G006,2026-08-05,present
A001511,S0277,G006,2026-08-05,present
A001512,S0007,G006,2026-08-07,present
A001513,S0045,G006,2026-08-07,present
A001514,S0188,G006,2026-08-07,absent
A001515,S0223,G006,2026-08-07,excused
A001516,S0277,G006,2026-08-07,present
A001517,S0007,G006,2026-08-11,absent
A001518,S0045,G006,2026-08-11,present
A001519,S0188,G006,2026-08-11,present
A001520,S0223,G006,2026-08-11,present
A001521,S0277,G006,2026-08-11,present
A001522,S0007,G006,2026-08-13,late
A001523,S0045,G006,2026-08-13,present
A001524,S0188,G006,2026-08-13,present
A001525,S0223,G006,2026-08-13,present
A001526,S0277,G006,2026-08-13,present
A001527,S0007,G006,2026-08-15,late
A001528,S0045,G006,2026-08-15,absent
A001529,S0188,G006,2026-08-15,present
A001530,S0223,G006,2026-08-15,present
A001531,S0277,G006,2026-08-15,present
A001532,S0007,G006,2026-08-17,excused
A001533,S0045,G006,2026-08-17,present
A001534,S0188,G006,2026-08-17,present
A001535,S0223,G006,2026-08-17,present
A001536,S0277,G006,2026-08-17,late
A001537,S0007,G006,2026-08-19,present
A001538,S0045,G006,2026-08-19,present
A001539,S0188,G006,2026-08-19,present
A001540,S0223,G006,2026-08-19,present
A001541,S0277,G006,2026-08-19,present
A001542,S0007,G006,2026-08-21,absent
A001543,S0045,G006,2026-08-21,present
A001544,S0188,G006,2026-08-21,late
A001545,S0223,G006,2026-08-21,present
A001546,S0277,G006,2026-08-21,late
A001547,S0007,G006,2026-08-25,present
A001548,S0045,G006,2026-08-25,present
A001549,S0188,G006,2026-08-25,present
A001550,S0223,G006,2026-08-25,absent
A001551,S0277,G006,2026-08-25,present
A001552,S0007,G006,2026-08-27,present
A001553,S0045,G006,2026-08-27,present
A001554,S0188,G006,2026-08-27,present
A001555,S0223,G006,2026-08-27,present
A001556,S0277,G006,2026-08-27,present
A001557,S0007,G006,2026-08-29,present
A001558,S0045,G006,2026-08-29,present
A001559,S0188,G006,2026-08-29,present
A001560,S0223,G006,2026-08-29,present
A001561,S0277,G006,2026-08-29,absent
A001562,S0007,G006,2026-08-31,present
A001563,S0045,G006,2026-08-31,present
A001564,S0101,G006,2026-08-31,present
A001565,S0188,G006,2026-08-31,absent
A001566,S0223,G006,2026-08-31,late
A001567,S0277,G006,2026-08-31,present
A001568,S0287,G007,2026-07-07,late
A001569,S0287,G007,2026-07-09,present
A001570,S0287,G007,2026-07-11,late
A001571,S0291,G007,2026-07-11,late
A001572,S0242,G007,2026-07-13,present
A001573,S0287,G007,2026-07-13,late
A001574,S0291,G007,2026-07-13,present
A001575,S0242,G007,2026-07-15,present
A001576,S0287,G007,2026-07-15,absent
A001577,S0291,G007,2026-07-15,present
A001578,S0242,G007,2026-07-17,present
A001579,S0287,G007,2026-07-17,present
A001580,S0291,G007,2026-07-17,present
A001581,S0224,G007,2026-07-21,present
A001582,S0242,G007,2026-07-21,absent
A001583,S0287,G007,2026-07-21,late
A001584,S0291,G007,2026-07-21,absent
A001585,S0224,G007,2026-07-23,present
A001586,S0242,G007,2026-07-23,late
A001587,S0287,G007,2026-07-23,present
A001588,S0291,G007,2026-07-23,present
A001589,S0224,G007,2026-07-25,present
A001590,S0242,G007,2026-07-25,present
A001591,S0287,G007,2026-07-25,present
A001592,S0291,G007,2026-07-25,present
A001593,S0224,G007,2026-07-27,excused
A001594,S0242,G007,2026-07-27,present
A001595,S0287,G007,2026-07-27,late
A001596,S0291,G007,2026-07-27,present
A001597,S0224,G007,2026-07-29,present
A001598,S0242,G007,2026-07-29,present
A001599,S0287,G007,2026-07-29,late
A001600,S0291,G007,2026-07-29,present
A001601,S0224,G007,2026-07-31,present
A001602,S0242,G007,2026-07-31,late
A001603,S0287,G007,2026-07-31,absent
A001604,S0291,G007,2026-07-31,absent
A001605,S0224,G007,2026-08-04,present
A001606,S0242,G007,2026-08-04,present
A001607,S0287,G007,2026-08-04,present
A001608,S0291,G007,2026-08-04,present
A001609,S0224,G007,2026-08-06,present
A001610,S0242,G007,2026-08-06,present
A001611,S0287,G007,2026-08-06,late
A001612,S0291,G007,2026-08-06,present
A001613,S0295,G007,2026-08-06,absent
A001614,S0224,G007,2026-08-08,present
A001615,S0242,G007,2026-08-08,present
A001616,S0287,G007,2026-08-08,present
A001617,S0291,G007,2026-08-08,present
A001618,S0295,G007,2026-08-08,present
A001619,S0224,G007,2026-08-10,late
A001620,S0242,G007,2026-08-10,present
A001621,S0267,G007,2026-08-10,present
A001622,S0284,G007,2026-08-10,present
A001623,S0287,G007,2026-08-10,present
A001624,S0291,G007,2026-08-10,present
A001625,S0295,G007,2026-08-10,present
A001626,S0224,G007,2026-08-12,present
A001627,S0242,G007,2026-08-12,absent
A001628,S0267,G007,2026-08-12,late
A001629,S0284,G007,2026-08-12,present
A001630,S0287,G007,2026-08-12,absent
A001631,S0291,G007,2026-08-12,present
A001632,S0295,G007,2026-08-12,present
A001633,S0224,G007,2026-08-14,present
A001634,S0242,G007,2026-08-14,present
A001635,S0267,G007,2026-08-14,excused
A001636,S0284,G007,2026-08-14,absent
A001637,S0287,G007,2026-08-14,late
A001638,S0291,G007,2026-08-14,present
A001639,S0295,G007,2026-08-14,present
A001640,S0224,G007,2026-08-18,present
A001641,S0242,G007,2026-08-18,present
A001642,S0267,G007,2026-08-18,absent
A001643,S0284,G007,2026-08-18,absent
A001644,S0287,G007,2026-08-18,late
A001645,S0291,G007,2026-08-18,late
A001646,S0295,G007,2026-08-18,present
A001647,S0224,G007,2026-08-20,late
A001648,S0242,G007,2026-08-20,late
A001649,S0267,G007,2026-08-20,present
A001650,S0284,G007,2026-08-20,present
A001651,S0287,G007,2026-08-20,present
A001652,S0291,G007,2026-08-20,present
A001653,S0295,G007,2026-08-20,present
A001654,S0224,G007,2026-08-22,late
A001655,S0242,G007,2026-08-22,excused
A001656,S0267,G007,2026-08-22,late
A001657,S0284,G007,2026-08-22,present
A001658,S0287,G007,2026-08-22,present
A001659,S0291,G007,2026-08-22,present
A001660,S0295,G007,2026-08-22,present
A001661,S0224,G007,2026-08-24,present
A001662,S0242,G007,2026-08-24,late
A001663,S0267,G007,2026-08-24,absent
A001664,S0272,G007,2026-08-24,absent
A001665,S0284,G007,2026-08-24,present
A001666,S0287,G007,2026-08-24,present
A001667,S0291,G007,2026-08-24,present
A001668,S0295,G007,2026-08-24,present
A001669,S0224,G007,2026-08-26,late
A001670,S0242,G007,2026-08-26,present
A001671,S0267,G007,2026-08-26,present
A001672,S0272,G007,2026-08-26,late
A001673,S0284,G007,2026-08-26,present
A001674,S0287,G007,2026-08-26,present
A001675,S0291,G007,2026-08-26,late
A001676,S0295,G007,2026-08-26,present
A001677,S0224,G007,2026-08-28,present
A001678,S0242,G007,2026-08-28,present
A001679,S0267,G007,2026-08-28,present
A001680,S0272,G007,2026-08-28,present
A001681,S0284,G007,2026-08-28,present
A001682,S0287,G007,2026-08-28,present
A001683,S0291,G007,2026-08-28,present
A001684,S0295,G007,2026-08-28,present
A001685,S0055,G008,2025-11-12,present
A001686,S0055,G008,2025-11-14,present
A001687,S0055,G008,2025-11-18,present
A001688,S0055,G008,2025-11-20,late
A001689,S0055,G008,2025-11-22,present
A001690,S0055,G008,2025-11-24,present
A001691,S0055,G008,2025-11-26,present
A001692,S0218,G008,2025-11-26,present
A001693,S0055,G008,2025-11-28,present
A001694,S0218,G008,2025-11-28,present
A001695,S0055,G008,2025-12-02,present
A001696,S0218,G008,2025-12-02,present
A001697,S0055,G008,2025-12-04,present
A001698,S0218,G008,2025-12-04,present
A001699,S0055,G008,2025-12-06,present
A001700,S0218,G008,2025-12-06,present
A001701,S0055,G008,2025-12-08,present
A001702,S0218,G008,2025-12-08,present
A001703,S0055,G008,2025-12-10,late
A001704,S0218,G008,2025-12-10,present
A001705,S0055,G008,2025-12-12,present
A001706,S0218,G008,2025-12-12,present
A001707,S0055,G008,2025-12-16,present
A001708,S0218,G008,2025-12-16,present
A001709,S0055,G008,2025-12-18,late
A001710,S0218,G008,2025-12-18,present
A001711,S0055,G008,2025-12-20,present
A001712,S0218,G008,2025-12-20,absent
A001713,S0055,G008,2025-12-22,present
A001714,S0218,G008,2025-12-22,present
A001715,S0055,G008,2025-12-24,late
A001716,S0218,G008,2025-12-24,present
A001717,S0055,G008,2025-12-26,present
A001718,S0218,G008,2025-12-26,late
A001719,S0055,G008,2025-12-30,present
A001720,S0218,G008,2025-12-30,absent
A001721,S0055,G008,2026-01-01,present
A001722,S0218,G008,2026-01-01,present
A001723,S0055,G008,2026-01-03,present
A001724,S0218,G008,2026-01-03,absent
A001725,S0055,G008,2026-01-05,present
A001726,S0218,G008,2026-01-05,present
A001727,S0055,G008,2026-01-07,present
A001728,S0218,G008,2026-01-07,present
A001729,S0055,G008,2026-01-09,present
A001730,S0218,G008,2026-01-09,late
A001731,S0055,G008,2026-01-13,present
A001732,S0218,G008,2026-01-13,present
A001733,S0055,G008,2026-01-15,present
A001734,S0218,G008,2026-01-15,present
A001735,S0055,G008,2026-01-17,present
A001736,S0218,G008,2026-01-17,present
A001737,S0055,G008,2026-01-19,late
A001738,S0218,G008,2026-01-19,present
A001739,S0055,G008,2026-01-21,present
A001740,S0218,G008,2026-01-21,present
A001741,S0055,G008,2026-01-23,present
A001742,S0218,G008,2026-01-23,absent
A001743,S0270,G008,2026-01-23,present
A001744,S0274,G008,2026-01-23,present
A001745,S0055,G008,2026-01-27,absent
A001746,S0218,G008,2026-01-27,present
A001747,S0270,G008,2026-01-27,present
A001748,S0274,G008,2026-01-27,present
A001749,S0055,G008,2026-01-29,present
A001750,S0218,G008,2026-01-29,present
A001751,S0270,G008,2026-01-29,present
A001752,S0274,G008,2026-01-29,late
A001753,S0055,G008,2026-01-31,present
A001754,S0062,G008,2026-01-31,present
A001755,S0218,G008,2026-01-31,present
A001756,S0270,G008,2026-01-31,present
A001757,S0274,G008,2026-01-31,present
A001758,S0055,G008,2026-02-02,present
A001759,S0062,G008,2026-02-02,present
A001760,S0218,G008,2026-02-02,present
A001761,S0270,G008,2026-02-02,present
A001762,S0274,G008,2026-02-02,present
A001763,S0055,G008,2026-02-04,present
A001764,S0062,G008,2026-02-04,present
A001765,S0088,G008,2026-02-04,present
A001766,S0218,G008,2026-02-04,absent
A001767,S0270,G008,2026-02-04,late
A001768,S0274,G008,2026-02-04,absent
A001769,S0055,G008,2026-02-06,absent
A001770,S0062,G008,2026-02-06,late
A001771,S0088,G008,2026-02-06,present
A001772,S0218,G008,2026-02-06,present
A001773,S0270,G008,2026-02-06,present
A001774,S0274,G008,2026-02-06,present
A001775,S0055,G008,2026-02-10,absent
A001776,S0062,G008,2026-02-10,present
A001777,S0088,G008,2026-02-10,present
A001778,S0218,G008,2026-02-10,present
A001779,S0270,G008,2026-02-10,present
A001780,S0274,G008,2026-02-10,present
A001781,S0055,G008,2026-02-12,present
A001782,S0062,G008,2026-02-12,present
A001783,S0088,G008,2026-02-12,present
A001784,S0218,G008,2026-02-12,present
A001785,S0270,G008,2026-02-12,present
A001786,S0274,G008,2026-02-12,present
A001787,S0055,G008,2026-02-14,excused
A001788,S0062,G008,2026-02-14,present
A001789,S0088,G008,2026-02-14,present
A001790,S0164,G008,2026-02-14,late
A001791,S0218,G008,2026-02-14,late
A001792,S0270,G008,2026-02-14,present
A001793,S0274,G008,2026-02-14,present
A001794,S0055,G008,2026-02-16,absent
A001795,S0062,G008,2026-02-16,present
A001796,S0088,G008,2026-02-16,absent
A001797,S0164,G008,2026-02-16,present
A001798,S0218,G008,2026-02-16,late
A001799,S0270,G008,2026-02-16,late
A001800,S0274,G008,2026-02-16,present
A001801,S0055,G008,2026-02-18,late
A001802,S0062,G008,2026-02-18,present
A001803,S0088,G008,2026-02-18,present
A001804,S0164,G008,2026-02-18,present
A001805,S0218,G008,2026-02-18,present
A001806,S0270,G008,2026-02-18,present
A001807,S0274,G008,2026-02-18,present
A001808,S0055,G008,2026-02-20,present
A001809,S0062,G008,2026-02-20,present
A001810,S0088,G008,2026-02-20,present
A001811,S0164,G008,2026-02-20,late
A001812,S0218,G008,2026-02-20,present
A001813,S0270,G008,2026-02-20,absent
A001814,S0274,G008,2026-02-20,present
A001815,S0055,G008,2026-02-24,present
A001816,S0062,G008,2026-02-24,late
A001817,S0088,G008,2026-02-24,present
A001818,S0164,G008,2026-02-24,present
A001819,S0218,G008,2026-02-24,late
A001820,S0270,G008,2026-02-24,present
A001821,S0274,G008,2026-02-24,present
A001822,S0055,G008,2026-02-26,present
A001823,S0062,G008,2026-02-26,present
A001824,S0088,G008,2026-02-26,present
A001825,S0164,G008,2026-02-26,absent
A001826,S0218,G008,2026-02-26,present
A001827,S0270,G008,2026-02-26,present
A001828,S0274,G008,2026-02-26,present
A001829,S0055,G008,2026-02-28,present
A001830,S0062,G008,2026-02-28,present
A001831,S0088,G008,2026-02-28,excused
A001832,S0164,G008,2026-02-28,present
A001833,S0218,G008,2026-02-28,present
A001834,S0270,G008,2026-02-28,present
A001835,S0274,G008,2026-02-28,absent
A001836,S0055,G008,2026-03-02,present
A001837,S0062,G008,2026-03-02,present
A001838,S0088,G008,2026-03-02,present
A001839,S0164,G008,2026-03-02,present
A001840,S0218,G008,2026-03-02,late
A001841,S0270,G008,2026-03-02,present
A001842,S0274,G008,2026-03-02,present
A001843,S0055,G008,2026-03-04,present
A001844,S0062,G008,2026-03-04,late
A001845,S0088,G008,2026-03-04,present
A001846,S0164,G008,2026-03-04,present
A001847,S0218,G008,2026-03-04,absent
A001848,S0270,G008,2026-03-04,late
A001849,S0274,G008,2026-03-04,present
A001850,S0055,G008,2026-03-06,present
A001851,S0062,G008,2026-03-06,present
A001852,S0088,G008,2026-03-06,late
A001853,S0093,G008,2026-03-06,present
A001854,S0164,G008,2026-03-06,present
A001855,S0218,G008,2026-03-06,present
A001856,S0270,G008,2026-03-06,absent
A001857,S0274,G008,2026-03-06,present
A001858,S0055,G008,2026-03-10,present
A001859,S0062,G008,2026-03-10,absent
A001860,S0088,G008,2026-03-10,present
A001861,S0093,G008,2026-03-10,present
A001862,S0164,G008,2026-03-10,present
A001863,S0218,G008,2026-03-10,late
A001864,S0270,G008,2026-03-10,present
A001865,S0274,G008,2026-03-10,present
A001866,S0055,G008,2026-03-12,late
A001867,S0062,G008,2026-03-12,absent
A001868,S0088,G008,2026-03-12,present
A001869,S0093,G008,2026-03-12,present
A001870,S0164,G008,2026-03-12,present
A001871,S0218,G008,2026-03-12,present
A001872,S0270,G008,2026-03-12,present
A001873,S0274,G008,2026-03-12,late
A001874,S0055,G008,2026-03-14,present
A001875,S0062,G008,2026-03-14,present
A001876,S0088,G008,2026-03-14,present
A001877,S0093,G008,2026-03-14,late
A001878,S0164,G008,2026-03-14,present
A001879,S0218,G008,2026-03-14,present
A001880,S0270,G008,2026-03-14,present
A001881,S0274,G008,2026-03-14,excused
A001882,S0055,G008,2026-03-16,present
A001883,S0062,G008,2026-03-16,present
A001884,S0088,G008,2026-03-16,late
A001885,S0093,G008,2026-03-16,present
A001886,S0164,G008,2026-03-16,present
A001887,S0218,G008,2026-03-16,present
A001888,S0270,G008,2026-03-16,present
A001889,S0274,G008,2026-03-16,present
A001890,S0055,G008,2026-03-18,present
A001891,S0062,G008,2026-03-18,present
A001892,S0088,G008,2026-03-18,late
A001893,S0093,G008,2026-03-18,present
A001894,S0164,G008,2026-03-18,present
A001895,S0218,G008,2026-03-18,present
A001896,S0270,G008,2026-03-18,present
A001897,S0274,G008,2026-03-18,excused
A001898,S0055,G008,2026-03-20,present
A001899,S0062,G008,2026-03-20,present
A001900,S0088,G008,2026-03-20,present
A001901,S0093,G008,2026-03-20,present
A001902,S0164,G008,2026-03-20,present
A001903,S0218,G008,2026-03-20,present
A001904,S0270,G008,2026-03-20,late
A001905,S0274,G008,2026-03-20,present
A001906,S0055,G008,2026-03-24,present
A001907,S0062,G008,2026-03-24,present
A001908,S0088,G008,2026-03-24,absent
A001909,S0093,G008,2026-03-24,present
A001910,S0164,G008,2026-03-24,present
A001911,S0218,G008,2026-03-24,absent
A001912,S0270,G008,2026-03-24,absent
A001913,S0274,G008,2026-03-24,present
A001914,S0055,G008,2026-03-26,present
A001915,S0062,G008,2026-03-26,present
A001916,S0088,G008,2026-03-26,present
A001917,S0093,G008,2026-03-26,present
A001918,S0164,G008,2026-03-26,present
A001919,S0218,G008,2026-03-26,present
A001920,S0270,G008,2026-03-26,present
A001921,S0274,G008,2026-03-26,absent
A001922,S0055,G008,2026-03-28,late
A001923,S0062,G008,2026-03-28,present
A001924,S0088,G008,2026-03-28,present
A001925,S0093,G008,2026-03-28,excused
A001926,S0164,G008,2026-03-28,present
A001927,S0218,G008,2026-03-28,present
A001928,S0270,G008,2026-03-28,present
A001929,S0274,G008,2026-03-28,present
A001930,S0055,G008,2026-03-30,present
A001931,S0062,G008,2026-03-30,present
A001932,S0088,G008,2026-03-30,present
A001933,S0093,G008,2026-03-30,present
A001934,S0164,G008,2026-03-30,absent
A001935,S0218,G008,2026-03-30,present
A001936,S0270,G008,2026-03-30,present
A001937,S0274,G008,2026-03-30,late
A001938,S0055,G008,2026-04-01,present
A001939,S0062,G008,2026-04-01,present
A001940,S0088,G008,2026-04-01,present
A001941,S0093,G008,2026-04-01,present
A001942,S0137,G008,2026-04-01,present
A001943,S0164,G008,2026-04-01,late
A001944,S0218,G008,2026-04-01,present
A001945,S0270,G008,2026-04-01,present
A001946,S0274,G008,2026-04-01,late
A001947,S0055,G008,2026-04-03,present
A001948,S0062,G008,2026-04-03,absent
A001949,S0088,G008,2026-04-03,present
A001950,S0093,G008,2026-04-03,present
A001951,S0137,G008,2026-04-03,present
A001952,S0164,G008,2026-04-03,present
A001953,S0218,G008,2026-04-03,absent
A001954,S0270,G008,2026-04-03,present
A001955,S0274,G008,2026-04-03,present
A001956,S0055,G008,2026-04-07,absent
A001957,S0062,G008,2026-04-07,present
A001958,S0088,G008,2026-04-07,late
A001959,S0093,G008,2026-04-07,present
A001960,S0137,G008,2026-04-07,present
A001961,S0164,G008,2026-04-07,present
A001962,S0218,G008,2026-04-07,present
A001963,S0270,G008,2026-04-07,present
A001964,S0274,G008,2026-04-07,present
A001965,S0055,G008,2026-04-09,present
A001966,S0062,G008,2026-04-09,late
A001967,S0088,G008,2026-04-09,present
A001968,S0093,G008,2026-04-09,present
A001969,S0137,G008,2026-04-09,excused
A001970,S0164,G008,2026-04-09,present
A001971,S0218,G008,2026-04-09,absent
A001972,S0270,G008,2026-04-09,present
A001973,S0274,G008,2026-04-09,present
A001974,S0055,G008,2026-04-11,present
A001975,S0062,G008,2026-04-11,present
A001976,S0088,G008,2026-04-11,present
A001977,S0093,G008,2026-04-11,present
A001978,S0137,G008,2026-04-11,present
A001979,S0164,G008,2026-04-11,present
A001980,S0218,G008,2026-04-11,present
A001981,S0270,G008,2026-04-11,present
A001982,S0274,G008,2026-04-11,present
A001983,S0055,G008,2026-04-13,absent
A001984,S0062,G008,2026-04-13,late
A001985,S0088,G008,2026-04-13,absent
A001986,S0093,G008,2026-04-13,present
A001987,S0137,G008,2026-04-13,present
A001988,S0164,G008,2026-04-13,present
A001989,S0218,G008,2026-04-13,present
A001990,S0270,G008,2026-04-13,late
A001991,S0274,G008,2026-04-13,present
A001992,S0055,G008,2026-04-15,present
A001993,S0062,G008,2026-04-15,present
A001994,S0088,G008,2026-04-15,present
A001995,S0093,G008,2026-04-15,present
A001996,S0137,G008,2026-04-15,absent
A001997,S0164,G008,2026-04-15,present
A001998,S0218,G008,2026-04-15,late
A001999,S0270,G008,2026-04-15,present
A002000,S0274,G008,2026-04-15,present
A002001,S0055,G008,2026-04-17,present
A002002,S0062,G008,2026-04-17,present
A002003,S0088,G008,2026-04-17,present
A002004,S0093,G008,2026-04-17,present
A002005,S0137,G008,2026-04-17,present
A002006,S0164,G008,2026-04-17,present
A002007,S0218,G008,2026-04-17,present
A002008,S0270,G008,2026-04-17,present
A002009,S0274,G008,2026-04-17,present
A002010,S0100,G009,2026-07-02,present
A002011,S0116,G009,2026-07-02,present
A002012,S0100,G009,2026-07-04,excused
A002013,S0116,G009,2026-07-04,present
A002014,S0100,G009,2026-07-06,absent
A002015,S0116,G009,2026-07-06,present
A002016,S0243,G009,2026-07-06,present
A002017,S0100,G009,2026-07-08,present
A002018,S0116,G009,2026-07-08,present
A002019,S0243,G009,2026-07-08,absent
A002020,S0100,G009,2026-07-10,late
A002021,S0116,G009,2026-07-10,present
A002022,S0243,G009,2026-07-10,present
A002023,S0100,G009,2026-07-14,present
A002024,S0116,G009,2026-07-14,present
A002025,S0243,G009,2026-07-14,present
A002026,S0100,G009,2026-07-16,present
A002027,S0116,G009,2026-07-16,present
A002028,S0185,G009,2026-07-16,present
A002029,S0243,G009,2026-07-16,present
A002030,S0100,G009,2026-07-18,present
A002031,S0116,G009,2026-07-18,present
A002032,S0185,G009,2026-07-18,present
A002033,S0243,G009,2026-07-18,present
A002034,S0100,G009,2026-07-20,present
A002035,S0116,G009,2026-07-20,present
A002036,S0185,G009,2026-07-20,present
A002037,S0243,G009,2026-07-20,present
A002038,S0249,G009,2026-07-20,present
A002039,S0100,G009,2026-07-22,present
A002040,S0116,G009,2026-07-22,present
A002041,S0185,G009,2026-07-22,present
A002042,S0243,G009,2026-07-22,present
A002043,S0249,G009,2026-07-22,present
A002044,S0100,G009,2026-07-24,present
A002045,S0116,G009,2026-07-24,present
A002046,S0185,G009,2026-07-24,present
A002047,S0243,G009,2026-07-24,excused
A002048,S0249,G009,2026-07-24,present
A002049,S0042,G009,2026-07-28,present
A002050,S0100,G009,2026-07-28,present
A002051,S0116,G009,2026-07-28,late
A002052,S0185,G009,2026-07-28,present
A002053,S0243,G009,2026-07-28,present
A002054,S0249,G009,2026-07-28,present
A002055,S0042,G009,2026-07-30,present
A002056,S0100,G009,2026-07-30,late
A002057,S0116,G009,2026-07-30,present
A002058,S0185,G009,2026-07-30,absent
A002059,S0243,G009,2026-07-30,excused
A002060,S0249,G009,2026-07-30,present
A002061,S0042,G009,2026-08-01,absent
A002062,S0100,G009,2026-08-01,present
A002063,S0116,G009,2026-08-01,present
A002064,S0185,G009,2026-08-01,present
A002065,S0215,G009,2026-08-01,present
A002066,S0243,G009,2026-08-01,present
A002067,S0249,G009,2026-08-01,present
A002068,S0042,G009,2026-08-03,present
A002069,S0100,G009,2026-08-03,present
A002070,S0110,G009,2026-08-03,present
A002071,S0116,G009,2026-08-03,present
A002072,S0185,G009,2026-08-03,present
A002073,S0215,G009,2026-08-03,present
A002074,S0243,G009,2026-08-03,present
A002075,S0249,G009,2026-08-03,excused
A002076,S0042,G009,2026-08-05,excused
A002077,S0100,G009,2026-08-05,present
A002078,S0110,G009,2026-08-05,present
A002079,S0116,G009,2026-08-05,present
A002080,S0185,G009,2026-08-05,present
A002081,S0215,G009,2026-08-05,present
A002082,S0243,G009,2026-08-05,excused
A002083,S0249,G009,2026-08-05,present
A002084,S0042,G009,2026-08-07,present
A002085,S0100,G009,2026-08-07,present
A002086,S0110,G009,2026-08-07,late
A002087,S0116,G009,2026-08-07,absent
A002088,S0185,G009,2026-08-07,present
A002089,S0215,G009,2026-08-07,present
A002090,S0243,G009,2026-08-07,absent
A002091,S0249,G009,2026-08-07,present
A002092,S0042,G009,2026-08-11,present
A002093,S0100,G009,2026-08-11,present
A002094,S0110,G009,2026-08-11,absent
A002095,S0116,G009,2026-08-11,present
A002096,S0185,G009,2026-08-11,present
A002097,S0215,G009,2026-08-11,present
A002098,S0243,G009,2026-08-11,present
A002099,S0249,G009,2026-08-11,present
A002100,S0042,G009,2026-08-13,present
A002101,S0100,G009,2026-08-13,present
A002102,S0110,G009,2026-08-13,present
A002103,S0116,G009,2026-08-13,present
A002104,S0185,G009,2026-08-13,present
A002105,S0215,G009,2026-08-13,present
A002106,S0243,G009,2026-08-13,present
A002107,S0249,G009,2026-08-13,excused
A002108,S0042,G009,2026-08-15,present
A002109,S0100,G009,2026-08-15,present
A002110,S0110,G009,2026-08-15,present
A002111,S0116,G009,2026-08-15,present
A002112,S0171,G009,2026-08-15,present
A002113,S0185,G009,2026-08-15,absent
A002114,S0215,G009,2026-08-15,present
A002115,S0243,G009,2026-08-15,present
A002116,S0249,G009,2026-08-15,present
A002117,S0042,G009,2026-08-17,present
A002118,S0100,G009,2026-08-17,present
A002119,S0110,G009,2026-08-17,present
A002120,S0116,G009,2026-08-17,present
A002121,S0171,G009,2026-08-17,present
A002122,S0185,G009,2026-08-17,present
A002123,S0215,G009,2026-08-17,absent
A002124,S0243,G009,2026-08-17,present
A002125,S0249,G009,2026-08-17,late
A002126,S0042,G009,2026-08-19,present
A002127,S0100,G009,2026-08-19,present
A002128,S0110,G009,2026-08-19,present
A002129,S0116,G009,2026-08-19,absent
A002130,S0171,G009,2026-08-19,present
A002131,S0185,G009,2026-08-19,present
A002132,S0215,G009,2026-08-19,present
A002133,S0243,G009,2026-08-19,late
A002134,S0249,G009,2026-08-19,present
A002135,S0042,G009,2026-08-21,absent
A002136,S0100,G009,2026-08-21,absent
A002137,S0110,G009,2026-08-21,present
A002138,S0116,G009,2026-08-21,absent
A002139,S0171,G009,2026-08-21,present
A002140,S0185,G009,2026-08-21,present
A002141,S0209,G009,2026-08-21,present
A002142,S0215,G009,2026-08-21,absent
A002143,S0243,G009,2026-08-21,present
A002144,S0249,G009,2026-08-21,present
A002145,S0042,G009,2026-08-25,present
A002146,S0100,G009,2026-08-25,present
A002147,S0110,G009,2026-08-25,present
A002148,S0116,G009,2026-08-25,present
A002149,S0171,G009,2026-08-25,present
A002150,S0185,G009,2026-08-25,present
A002151,S0209,G009,2026-08-25,present
A002152,S0215,G009,2026-08-25,absent
A002153,S0243,G009,2026-08-25,present
A002154,S0249,G009,2026-08-25,present
A002155,S0042,G009,2026-08-27,absent
A002156,S0100,G009,2026-08-27,present
A002157,S0110,G009,2026-08-27,present
A002158,S0116,G009,2026-08-27,present
A002159,S0143,G009,2026-08-27,present
A002160,S0171,G009,2026-08-27,present
A002161,S0185,G009,2026-08-27,late
A002162,S0209,G009,2026-08-27,present
A002163,S0215,G009,2026-08-27,present
A002164,S0243,G009,2026-08-27,present
A002165,S0249,G009,2026-08-27,absent
A002166,S0042,G009,2026-08-29,present
A002167,S0100,G009,2026-08-29,present
A002168,S0110,G009,2026-08-29,present
A002169,S0116,G009,2026-08-29,present
A002170,S0143,G009,2026-08-29,present
A002171,S0171,G009,2026-08-29,late
A002172,S0185,G009,2026-08-29,present
A002173,S0209,G009,2026-08-29,present
A002174,S0215,G009,2026-08-29,late
A002175,S0243,G009,2026-08-29,excused
A002176,S0249,G009,2026-08-29,late
A002177,S0042,G009,2026-08-31,present
A002178,S0100,G009,2026-08-31,excused
A002179,S0110,G009,2026-08-31,present
A002180,S0116,G009,2026-08-31,absent
A002181,S0143,G009,2026-08-31,present
A002182,S0171,G009,2026-08-31,present
A002183,S0185,G009,2026-08-31,present
A002184,S0209,G009,2026-08-31,present
A002185,S0215,G009,2026-08-31,present
A002186,S0243,G009,2026-08-31,late
A002187,S0249,G009,2026-08-31,present
A002188,S0193,G010,2025-12-02,absent
A002189,S0193,G010,2025-12-03,present
A002190,S0193,G010,2025-12-04,present
A002191,S0193,G010,2025-12-05,present
A002192,S0193,G010,2025-12-06,present
A002193,S0193,G010,2025-12-08,present
A002194,S0193,G010,2025-12-09,present
A002195,S0193,G010,2025-12-10,late
A002196,S0193,G010,2025-12-11,present
A002197,S0193,G010,2025-12-12,present
A002198,S0193,G010,2025-12-13,present
A002199,S0193,G010,2025-12-15,present
A002200,S0193,G010,2025-12-16,late
A002201,S0193,G010,2025-12-17,present
A002202,S0293,G010,2025-12-17,absent
A002203,S0193,G010,2025-12-18,present
A002204,S0293,G010,2025-12-18,present
A002205,S0193,G010,2025-12-19,present
A002206,S0212,G010,2025-12-19,present
A002207,S0293,G010,2025-12-19,present
A002208,S0193,G010,2025-12-20,present
A002209,S0212,G010,2025-12-20,present
A002210,S0293,G010,2025-12-20,late
A002211,S0193,G010,2025-12-22,late
A002212,S0212,G010,2025-12-22,present
A002213,S0293,G010,2025-12-22,present
A002214,S0193,G010,2025-12-23,excused
A002215,S0212,G010,2025-12-23,present
A002216,S0293,G010,2025-12-23,present
A002217,S0193,G010,2025-12-24,present
A002218,S0212,G010,2025-12-24,absent
A002219,S0293,G010,2025-12-24,present
A002220,S0193,G010,2025-12-25,absent
A002221,S0212,G010,2025-12-25,present
A002222,S0293,G010,2025-12-25,present
A002223,S0193,G010,2025-12-26,absent
A002224,S0212,G010,2025-12-26,present
A002225,S0283,G010,2025-12-26,late
A002226,S0293,G010,2025-12-26,present
A002227,S0193,G010,2025-12-27,present
A002228,S0212,G010,2025-12-27,present
A002229,S0283,G010,2025-12-27,present
A002230,S0293,G010,2025-12-27,present
A002231,S0193,G010,2025-12-29,present
A002232,S0212,G010,2025-12-29,present
A002233,S0283,G010,2025-12-29,present
A002234,S0293,G010,2025-12-29,present
A002235,S0193,G010,2025-12-30,present
A002236,S0212,G010,2025-12-30,present
A002237,S0283,G010,2025-12-30,late
A002238,S0293,G010,2025-12-30,present
A002239,S0193,G010,2025-12-31,present
A002240,S0212,G010,2025-12-31,present
A002241,S0283,G010,2025-12-31,present
A002242,S0293,G010,2025-12-31,present
A002243,S0193,G010,2026-01-01,present
A002244,S0212,G010,2026-01-01,late
A002245,S0283,G010,2026-01-01,late
A002246,S0293,G010,2026-01-01,late
A002247,S0193,G010,2026-01-02,present
A002248,S0212,G010,2026-01-02,present
A002249,S0283,G010,2026-01-02,present
A002250,S0293,G010,2026-01-02,present
A002251,S0193,G010,2026-01-03,present
A002252,S0212,G010,2026-01-03,present
A002253,S0283,G010,2026-01-03,present
A002254,S0293,G010,2026-01-03,present
A002255,S0193,G010,2026-01-05,present
A002256,S0212,G010,2026-01-05,present
A002257,S0283,G010,2026-01-05,absent
A002258,S0293,G010,2026-01-05,present
A002259,S0193,G010,2026-01-06,present
A002260,S0212,G010,2026-01-06,late
A002261,S0283,G010,2026-01-06,present
A002262,S0293,G010,2026-01-06,late
A002263,S0193,G010,2026-01-07,absent
A002264,S0212,G010,2026-01-07,excused
A002265,S0283,G010,2026-01-07,present
A002266,S0293,G010,2026-01-07,present
A002267,S0193,G010,2026-01-08,present
A002268,S0212,G010,2026-01-08,absent
A002269,S0283,G010,2026-01-08,present
A002270,S0293,G010,2026-01-08,present
A002271,S0193,G010,2026-01-09,excused
A002272,S0212,G010,2026-01-09,present
A002273,S0283,G010,2026-01-09,present
A002274,S0293,G010,2026-01-09,present
A002275,S0027,G010,2026-01-10,present
A002276,S0193,G010,2026-01-10,present
A002277,S0212,G010,2026-01-10,present
A002278,S0283,G010,2026-01-10,present
A002279,S0293,G010,2026-01-10,present
A002280,S0027,G010,2026-01-12,present
A002281,S0193,G010,2026-01-12,present
A002282,S0212,G010,2026-01-12,present
A002283,S0283,G010,2026-01-12,excused
A002284,S0293,G010,2026-01-12,absent
A002285,S0027,G010,2026-01-13,present
A002286,S0193,G010,2026-01-13,late
A002287,S0212,G010,2026-01-13,present
A002288,S0283,G010,2026-01-13,present
A002289,S0293,G010,2026-01-13,late
A002290,S0027,G010,2026-01-14,present
A002291,S0193,G010,2026-01-14,present
A002292,S0212,G010,2026-01-14,absent
A002293,S0283,G010,2026-01-14,present
A002294,S0293,G010,2026-01-14,present
A002295,S0027,G010,2026-01-15,present
A002296,S0193,G010,2026-01-15,present
A002297,S0212,G010,2026-01-15,present
A002298,S0283,G010,2026-01-15,present
A002299,S0293,G010,2026-01-15,present
A002300,S0027,G010,2026-01-16,present
A002301,S0193,G010,2026-01-16,present
A002302,S0212,G010,2026-01-16,present
A002303,S0283,G010,2026-01-16,present
A002304,S0293,G010,2026-01-16,present
A002305,S0027,G010,2026-01-17,present
A002306,S0193,G010,2026-01-17,excused
A002307,S0212,G010,2026-01-17,present
A002308,S0283,G010,2026-01-17,present
A002309,S0293,G010,2026-01-17,excused
A002310,S0027,G010,2026-01-19,present
A002311,S0193,G010,2026-01-19,present
A002312,S0212,G010,2026-01-19,present
A002313,S0283,G010,2026-01-19,present
A002314,S0293,G010,2026-01-19,present
A002315,S0027,G010,2026-01-20,present
A002316,S0193,G010,2026-01-20,present
A002317,S0212,G010,2026-01-20,present
A002318,S0283,G010,2026-01-20,present
A002319,S0293,G010,2026-01-20,present
A002320,S0027,G010,2026-01-21,absent
A002321,S0193,G010,2026-01-21,late
A002322,S0212,G010,2026-01-21,present
A002323,S0283,G010,2026-01-21,present
A002324,S0293,G010,2026-01-21,present
A002325,S0027,G010,2026-01-22,absent
A002326,S0193,G010,2026-01-22,late
A002327,S0212,G010,2026-01-22,present
A002328,S0283,G010,2026-01-22,present
A002329,S0293,G010,2026-01-22,present
A002330,S0027,G010,2026-01-23,absent
A002331,S0193,G010,2026-01-23,present
A002332,S0212,G010,2026-01-23,present
A002333,S0283,G010,2026-01-23,present
A002334,S0293,G010,2026-01-23,present
A002335,S0027,G010,2026-01-24,absent
A002336,S0193,G010,2026-01-24,present
A002337,S0212,G010,2026-01-24,present
A002338,S0283,G010,2026-01-24,present
A002339,S0293,G010,2026-01-24,present
A002340,S0027,G010,2026-01-26,present
A002341,S0193,G010,2026-01-26,present
A002342,S0212,G010,2026-01-26,present
A002343,S0283,G010,2026-01-26,present
A002344,S0293,G010,2026-01-26,present
A002345,S0027,G010,2026-01-27,excused
A002346,S0193,G010,2026-01-27,present
A002347,S0212,G010,2026-01-27,present
A002348,S0283,G010,2026-01-27,absent
A002349,S0293,G010,2026-01-27,present
A002350,S0027,G010,2026-01-28,present
A002351,S0193,G010,2026-01-28,absent
A002352,S0212,G010,2026-01-28,present
A002353,S0283,G010,2026-01-28,present
A002354,S0293,G010,2026-01-28,present
A002355,S0027,G010,2026-01-29,present
A002356,S0193,G010,2026-01-29,present
A002357,S0212,G010,2026-01-29,present
A002358,S0283,G010,2026-01-29,present
A002359,S0293,G010,2026-01-29,present
A002360,S0300,G010,2026-01-29,present
A002361,S0027,G010,2026-01-30,absent
A002362,S0193,G010,2026-01-30,late
A002363,S0212,G010,2026-01-30,present
A002364,S0283,G010,2026-01-30,present
A002365,S0293,G010,2026-01-30,present
A002366,S0300,G010,2026-01-30,present
A002367,S0027,G010,2026-01-31,present
A002368,S0193,G010,2026-01-31,present
A002369,S0212,G010,2026-01-31,present
A002370,S0283,G010,2026-01-31,present
A002371,S0293,G010,2026-01-31,present
A002372,S0300,G010,2026-01-31,present
A002373,S0027,G010,2026-02-02,present
A002374,S0145,G010,2026-02-02,present
A002375,S0193,G010,2026-02-02,excused
A002376,S0212,G010,2026-02-02,late
A002377,S0283,G010,2026-02-02,absent
A002378,S0293,G010,2026-02-02,absent
A002379,S0300,G010,2026-02-02,present
A002380,S0027,G010,2026-02-03,present
A002381,S0145,G010,2026-02-03,present
A002382,S0193,G010,2026-02-03,excused
A002383,S0212,G010,2026-02-03,present
A002384,S0283,G010,2026-02-03,present
A002385,S0293,G010,2026-02-03,absent
A002386,S0300,G010,2026-02-03,present
A002387,S0027,G010,2026-02-04,present
A002388,S0145,G010,2026-02-04,present
A002389,S0193,G010,2026-02-04,present
A002390,S0212,G010,2026-02-04,present
A002391,S0283,G010,2026-02-04,late
A002392,S0293,G010,2026-02-04,present
A002393,S0300,G010,2026-02-04,absent
A002394,S0027,G010,2026-02-05,present
A002395,S0074,G010,2026-02-05,present
A002396,S0145,G010,2026-02-05,present
A002397,S0193,G010,2026-02-05,present
A002398,S0212,G010,2026-02-05,absent
A002399,S0283,G010,2026-02-05,present
A002400,S0293,G010,2026-02-05,present
A002401,S0300,G010,2026-02-05,present
A002402,S0027,G010,2026-02-06,excused
A002403,S0074,G010,2026-02-06,present
A002404,S0145,G010,2026-02-06,present
A002405,S0193,G010,2026-02-06,present
A002406,S0212,G010,2026-02-06,present
A002407,S0283,G010,2026-02-06,present
A002408,S0293,G010,2026-02-06,present
A002409,S0300,G010,2026-02-06,present
A002410,S0027,G010,2026-02-07,present
A002411,S0074,G010,2026-02-07,present
A002412,S0145,G010,2026-02-07,present
A002413,S0193,G010,2026-02-07,present
A002414,S0212,G010,2026-02-07,present
A002415,S0283,G010,2026-02-07,present
A002416,S0293,G010,2026-02-07,present
A002417,S0300,G010,2026-02-07,present
A002418,S0027,G010,2026-02-09,present
A002419,S0074,G010,2026-02-09,present
A002420,S0145,G010,2026-02-09,present
A002421,S0193,G010,2026-02-09,present
A002422,S0212,G010,2026-02-09,late
A002423,S0283,G010,2026-02-09,present
A002424,S0293,G010,2026-02-09,present
A002425,S0300,G010,2026-02-09,late
A002426,S0027,G010,2026-02-10,present
A002427,S0074,G010,2026-02-10,present
A002428,S0145,G010,2026-02-10,present
A002429,S0193,G010,2026-02-10,present
A002430,S0212,G010,2026-02-10,present
A002431,S0283,G010,2026-02-10,present
A002432,S0293,G010,2026-02-10,late
A002433,S0300,G010,2026-02-10,late
A002434,S0027,G010,2026-02-11,present
A002435,S0074,G010,2026-02-11,late
A002436,S0145,G010,2026-02-11,present
A002437,S0193,G010,2026-02-11,late
A002438,S0212,G010,2026-02-11,present
A002439,S0283,G010,2026-02-11,present
A002440,S0293,G010,2026-02-11,present
A002441,S0300,G010,2026-02-11,present
A002442,S0027,G010,2026-02-12,absent
A002443,S0074,G010,2026-02-12,present
A002444,S0145,G010,2026-02-12,present
A002445,S0193,G010,2026-02-12,late
A002446,S0212,G010,2026-02-12,present
A002447,S0283,G010,2026-02-12,present
A002448,S0293,G010,2026-02-12,excused
A002449,S0300,G010,2026-02-12,present
A002450,S0027,G010,2026-02-13,present
A002451,S0074,G010,2026-02-13,present
A002452,S0145,G010,2026-02-13,present
A002453,S0193,G010,2026-02-13,present
A002454,S0212,G010,2026-02-13,present
A002455,S0283,G010,2026-02-13,present
A002456,S0293,G010,2026-02-13,present
A002457,S0300,G010,2026-02-13,present
A002458,S0027,G010,2026-02-14,present
A002459,S0074,G010,2026-02-14,present
A002460,S0145,G010,2026-02-14,present
A002461,S0193,G010,2026-02-14,present
A002462,S0212,G010,2026-02-14,present
A002463,S0283,G010,2026-02-14,absent
A002464,S0293,G010,2026-02-14,present
A002465,S0300,G010,2026-02-14,present
A002466,S0027,G010,2026-02-16,present
A002467,S0074,G010,2026-02-16,present
A002468,S0145,G010,2026-02-16,present
A002469,S0193,G010,2026-02-16,present
A002470,S0212,G010,2026-02-16,present
A002471,S0283,G010,2026-02-16,absent
A002472,S0293,G010,2026-02-16,present
A002473,S0300,G010,2026-02-16,late
A002474,S0027,G010,2026-02-17,late
A002475,S0074,G010,2026-02-17,present
A002476,S0145,G010,2026-02-17,present
A002477,S0193,G010,2026-02-17,present
A002478,S0212,G010,2026-02-17,present
A002479,S0283,G010,2026-02-17,present
A002480,S0293,G010,2026-02-17,present
A002481,S0300,G010,2026-02-17,present
A002482,S0027,G010,2026-02-18,present
A002483,S0074,G010,2026-02-18,late
A002484,S0145,G010,2026-02-18,present
A002485,S0193,G010,2026-02-18,present
A002486,S0212,G010,2026-02-18,present
A002487,S0283,G010,2026-02-18,late
A002488,S0293,G010,2026-02-18,absent
A002489,S0300,G010,2026-02-18,present
A002490,S0027,G010,2026-02-19,present
A002491,S0074,G010,2026-02-19,present
A002492,S0145,G010,2026-02-19,present
A002493,S0193,G010,2026-02-19,present
A002494,S0212,G010,2026-02-19,absent
A002495,S0283,G010,2026-02-19,present
A002496,S0293,G010,2026-02-19,present
A002497,S0300,G010,2026-02-19,present
A002498,S0027,G010,2026-02-20,late
A002499,S0074,G010,2026-02-20,excused
A002500,S0145,G010,2026-02-20,present
A002501,S0193,G010,2026-02-20,present
A002502,S0212,G010,2026-02-20,present
A002503,S0283,G010,2026-02-20,excused
A002504,S0293,G010,2026-02-20,present
A002505,S0300,G010,2026-02-20,present
A002506,S0027,G010,2026-02-21,present
A002507,S0074,G010,2026-02-21,present
A002508,S0145,G010,2026-02-21,present
A002509,S0193,G010,2026-02-21,present
A002510,S0212,G010,2026-02-21,absent
A002511,S0283,G010,2026-02-21,absent
A002512,S0293,G010,2026-02-21,present
A002513,S0300,G010,2026-02-21,present
A002514,S0027,G010,2026-02-23,present
A002515,S0074,G010,2026-02-23,present
A002516,S0145,G010,2026-02-23,present
A002517,S0193,G010,2026-02-23,present
A002518,S0212,G010,2026-02-23,present
A002519,S0283,G010,2026-02-23,excused
A002520,S0293,G010,2026-02-23,present
A002521,S0300,G010,2026-02-23,present
A002522,S0027,G010,2026-02-24,present
A002523,S0074,G010,2026-02-24,absent
A002524,S0145,G010,2026-02-24,present
A002525,S0193,G010,2026-02-24,present
A002526,S0212,G010,2026-02-24,present
A002527,S0283,G010,2026-02-24,present
A002528,S0293,G010,2026-02-24,present
A002529,S0300,G010,2026-02-24,present
A002530,S0027,G010,2026-02-25,present
A002531,S0074,G010,2026-02-25,present
A002532,S0145,G010,2026-02-25,present
A002533,S0193,G010,2026-02-25,present
A002534,S0212,G010,2026-02-25,excused
A002535,S0283,G010,2026-02-25,present
A002536,S0293,G010,2026-02-25,absent
A002537,S0300,G010,2026-02-25,present
A002538,S0027,G010,2026-02-26,present
A002539,S0074,G010,2026-02-26,present
A002540,S0145,G010,2026-02-26,excused
A002541,S0193,G010,2026-02-26,present
A002542,S0212,G010,2026-02-26,present
A002543,S0283,G010,2026-02-26,present
A002544,S0293,G010,2026-02-26,present
A002545,S0300,G010,2026-02-26,present
A002546,S0027,G010,2026-02-27,present
A002547,S0074,G010,2026-02-27,present
A002548,S0145,G010,2026-02-27,present
A002549,S0193,G010,2026-02-27,present
A002550,S0212,G010,2026-02-27,present
A002551,S0283,G010,2026-02-27,present
A002552,S0293,G010,2026-02-27,present
A002553,S0300,G010,2026-02-27,present
A002554,S0027,G010,2026-02-28,present
A002555,S0074,G010,2026-02-28,present
A002556,S0145,G010,2026-02-28,excused
A002557,S0193,G010,2026-02-28,present
A002558,S0212,G010,2026-02-28,present
A002559,S0283,G010,2026-02-28,present
A002560,S0293,G010,2026-02-28,present
A002561,S0300,G010,2026-02-28,present
A002562,S0027,G010,2026-03-02,present
A002563,S0074,G010,2026-03-02,present
A002564,S0145,G010,2026-03-02,present
A002565,S0193,G010,2026-03-02,late
A002566,S0212,G010,2026-03-02,present
A002567,S0283,G010,2026-03-02,present
A002568,S0293,G010,2026-03-02,present
A002569,S0300,G010,2026-03-02,present
A002570,S0027,G010,2026-03-03,present
A002571,S0074,G010,2026-03-03,present
A002572,S0145,G010,2026-03-03,present
A002573,S0193,G010,2026-03-03,absent
A002574,S0212,G010,2026-03-03,present
A002575,S0283,G010,2026-03-03,present
A002576,S0293,G010,2026-03-03,present
A002577,S0300,G010,2026-03-03,present
A002578,S0027,G010,2026-03-04,present
A002579,S0074,G010,2026-03-04,present
A002580,S0145,G010,2026-03-04,present
A002581,S0193,G010,2026-03-04,present
A002582,S0212,G010,2026-03-04,present
A002583,S0283,G010,2026-03-04,present
A002584,S0293,G010,2026-03-04,absent
A002585,S0300,G010,2026-03-04,present
A002586,S0027,G010,2026-03-05,absent
A002587,S0074,G010,2026-03-05,present
A002588,S0145,G010,2026-03-05,present
A002589,S0193,G010,2026-03-05,present
A002590,S0212,G010,2026-03-05,present
A002591,S0283,G010,2026-03-05,present
A002592,S0293,G010,2026-03-05,present
A002593,S0300,G010,2026-03-05,present
A002594,S0027,G010,2026-03-06,present
A002595,S0074,G010,2026-03-06,present
A002596,S0145,G010,2026-03-06,present
A002597,S0193,G010,2026-03-06,present
A002598,S0212,G010,2026-03-06,present
A002599,S0283,G010,2026-03-06,present
A002600,S0293,G010,2026-03-06,present
A002601,S0300,G010,2026-03-06,present
A002602,S0027,G010,2026-03-07,present
A002603,S0074,G010,2026-03-07,present
A002604,S0145,G010,2026-03-07,absent
A002605,S0193,G010,2026-03-07,present
A002606,S0212,G010,2026-03-07,present
A002607,S0283,G010,2026-03-07,present
A002608,S0293,G010,2026-03-07,absent
A002609,S0300,G010,2026-03-07,present
A002610,S0027,G010,2026-03-09,present
A002611,S0074,G010,2026-03-09,late
A002612,S0145,G010,2026-03-09,present
A002613,S0193,G010,2026-03-09,late
A002614,S0212,G010,2026-03-09,present
A002615,S0283,G010,2026-03-09,present
A002616,S0293,G010,2026-03-09,present
A002617,S0300,G010,2026-03-09,present
A002618,S0027,G010,2026-03-10,present
A002619,S0074,G010,2026-03-10,present
A002620,S0145,G010,2026-03-10,present
A002621,S0193,G010,2026-03-10,present
A002622,S0212,G010,2026-03-10,excused
A002623,S0283,G010,2026-03-10,excused
A002624,S0293,G010,2026-03-10,present
A002625,S0300,G010,2026-03-10,present
A002626,S0027,G010,2026-03-11,present
A002627,S0074,G010,2026-03-11,present
A002628,S0145,G010,2026-03-11,excused
A002629,S0193,G010,2026-03-11,absent
A002630,S0212,G010,2026-03-11,present
A002631,S0283,G010,2026-03-11,present
A002632,S0293,G010,2026-03-11,present
A002633,S0300,G010,2026-03-11,excused
A002634,S0027,G010,2026-03-12,excused
A002635,S0074,G010,2026-03-12,present
A002636,S0145,G010,2026-03-12,present
A002637,S0193,G010,2026-03-12,excused
A002638,S0212,G010,2026-03-12,present
A002639,S0283,G010,2026-03-12,present
A002640,S0293,G010,2026-03-12,present
A002641,S0300,G010,2026-03-12,present
A002642,S0027,G010,2026-03-13,absent
A002643,S0074,G010,2026-03-13,late
A002644,S0145,G010,2026-03-13,late
A002645,S0193,G010,2026-03-13,present
A002646,S0212,G010,2026-03-13,excused
A002647,S0283,G010,2026-03-13,present
A002648,S0293,G010,2026-03-13,present
A002649,S0300,G010,2026-03-13,present
A002650,S0027,G010,2026-03-14,present
A002651,S0074,G010,2026-03-14,late
A002652,S0145,G010,2026-03-14,absent
A002653,S0193,G010,2026-03-14,late
A002654,S0212,G010,2026-03-14,present
A002655,S0283,G010,2026-03-14,present
A002656,S0293,G010,2026-03-14,present
A002657,S0300,G010,2026-03-14,present
A002658,S0027,G010,2026-03-16,present
A002659,S0074,G010,2026-03-16,present
A002660,S0145,G010,2026-03-16,present
A002661,S0193,G010,2026-03-16,present
A002662,S0212,G010,2026-03-16,late
A002663,S0283,G010,2026-03-16,present
A002664,S0293,G010,2026-03-16,present
A002665,S0300,G010,2026-03-16,late
A002666,S0027,G010,2026-03-17,present
A002667,S0074,G010,2026-03-17,present
A002668,S0145,G010,2026-03-17,present
A002669,S0193,G010,2026-03-17,present
A002670,S0212,G010,2026-03-17,present
A002671,S0283,G010,2026-03-17,present
A002672,S0293,G010,2026-03-17,present
A002673,S0300,G010,2026-03-17,present
A002674,S0027,G010,2026-03-18,present
A002675,S0074,G010,2026-03-18,absent
A002676,S0145,G010,2026-03-18,present
A002677,S0193,G010,2026-03-18,absent
A002678,S0212,G010,2026-03-18,present
A002679,S0283,G010,2026-03-18,present
A002680,S0293,G010,2026-03-18,present
A002681,S0300,G010,2026-03-18,present
A002682,S0027,G010,2026-03-19,present
A002683,S0074,G010,2026-03-19,present
A002684,S0145,G010,2026-03-19,present
A002685,S0193,G010,2026-03-19,present
A002686,S0212,G010,2026-03-19,present
A002687,S0283,G010,2026-03-19,late
A002688,S0293,G010,2026-03-19,present
A002689,S0300,G010,2026-03-19,present
A002690,S0027,G010,2026-03-20,present
A002691,S0074,G010,2026-03-20,present
A002692,S0145,G010,2026-03-20,present
A002693,S0193,G010,2026-03-20,present
A002694,S0212,G010,2026-03-20,absent
A002695,S0283,G010,2026-03-20,present
A002696,S0293,G010,2026-03-20,present
A002697,S0300,G010,2026-03-20,present
A002698,S0027,G010,2026-03-21,late
A002699,S0074,G010,2026-03-21,late
A002700,S0145,G010,2026-03-21,present
A002701,S0193,G010,2026-03-21,present
A002702,S0212,G010,2026-03-21,late
A002703,S0283,G010,2026-03-21,present
A002704,S0293,G010,2026-03-21,present
A002705,S0300,G010,2026-03-21,late
A002706,S0027,G010,2026-03-23,present
A002707,S0074,G010,2026-03-23,late
A002708,S0145,G010,2026-03-23,present
A002709,S0193,G010,2026-03-23,present
A002710,S0212,G010,2026-03-23,present
A002711,S0283,G010,2026-03-23,present
A002712,S0293,G010,2026-03-23,late
A002713,S0300,G010,2026-03-23,present
A002714,S0027,G010,2026-03-24,late
A002715,S0074,G010,2026-03-24,present
A002716,S0145,G010,2026-03-24,excused
A002717,S0193,G010,2026-03-24,present
A002718,S0212,G010,2026-03-24,present
A002719,S0283,G010,2026-03-24,present
A002720,S0293,G010,2026-03-24,present
A002721,S0300,G010,2026-03-24,present
A002722,S0027,G010,2026-03-25,late
A002723,S0074,G010,2026-03-25,late
A002724,S0145,G010,2026-03-25,present
A002725,S0193,G010,2026-03-25,present
A002726,S0212,G010,2026-03-25,present
A002727,S0283,G010,2026-03-25,absent
A002728,S0293,G010,2026-03-25,present
A002729,S0300,G010,2026-03-25,present
A002730,S0027,G010,2026-03-26,present
A002731,S0074,G010,2026-03-26,late
A002732,S0145,G010,2026-03-26,present
A002733,S0193,G010,2026-03-26,present
A002734,S0212,G010,2026-03-26,present
A002735,S0283,G010,2026-03-26,excused
A002736,S0293,G010,2026-03-26,present
A002737,S0300,G010,2026-03-26,late
A002738,S0027,G010,2026-03-27,late
A002739,S0074,G010,2026-03-27,present
A002740,S0145,G010,2026-03-27,present
A002741,S0193,G010,2026-03-27,absent
A002742,S0212,G010,2026-03-27,present
A002743,S0283,G010,2026-03-27,present
A002744,S0293,G010,2026-03-27,present
A002745,S0300,G010,2026-03-27,absent
A002746,S0001,G011,2026-05-28,present
A002747,S0001,G011,2026-05-30,present
A002748,S0001,G011,2026-06-01,present
A002749,S0001,G011,2026-06-03,present
A002750,S0190,G011,2026-06-03,present
A002751,S0001,G011,2026-06-05,present
A002752,S0190,G011,2026-06-05,late
A002753,S0001,G011,2026-06-09,excused
A002754,S0190,G011,2026-06-09,present
A002755,S0001,G011,2026-06-11,present
A002756,S0022,G011,2026-06-11,present
A002757,S0190,G011,2026-06-11,present
A002758,S0001,G011,2026-06-13,present
A002759,S0022,G011,2026-06-13,present
A002760,S0190,G011,2026-06-13,present
A002761,S0001,G011,2026-06-15,present
A002762,S0022,G011,2026-06-15,present
A002763,S0190,G011,2026-06-15,present
A002764,S0001,G011,2026-06-17,present
A002765,S0022,G011,2026-06-17,present
A002766,S0190,G011,2026-06-17,present
A002767,S0001,G011,2026-06-19,present
A002768,S0022,G011,2026-06-19,present
A002769,S0190,G011,2026-06-19,present
A002770,S0001,G011,2026-06-23,present
A002771,S0022,G011,2026-06-23,present
A002772,S0064,G011,2026-06-23,present
A002773,S0190,G011,2026-06-23,present
A002774,S0001,G011,2026-06-25,present
A002775,S0022,G011,2026-06-25,present
A002776,S0064,G011,2026-06-25,present
A002777,S0190,G011,2026-06-25,present
A002778,S0001,G011,2026-06-27,present
A002779,S0022,G011,2026-06-27,present
A002780,S0064,G011,2026-06-27,present
A002781,S0190,G011,2026-06-27,absent
A002782,S0001,G011,2026-06-29,present
A002783,S0022,G011,2026-06-29,present
A002784,S0064,G011,2026-06-29,present
A002785,S0190,G011,2026-06-29,present
A002786,S0001,G011,2026-07-01,present
A002787,S0022,G011,2026-07-01,present
A002788,S0064,G011,2026-07-01,present
A002789,S0190,G011,2026-07-01,present
A002790,S0001,G011,2026-07-03,excused
A002791,S0022,G011,2026-07-03,late
A002792,S0064,G011,2026-07-03,present
A002793,S0190,G011,2026-07-03,present
A002794,S0001,G011,2026-07-07,present
A002795,S0022,G011,2026-07-07,absent
A002796,S0064,G011,2026-07-07,present
A002797,S0190,G011,2026-07-07,present
A002798,S0001,G011,2026-07-09,absent
A002799,S0022,G011,2026-07-09,present
A002800,S0064,G011,2026-07-09,absent
A002801,S0190,G011,2026-07-09,absent
A002802,S0208,G011,2026-07-09,absent
A002803,S0001,G011,2026-07-11,present
A002804,S0022,G011,2026-07-11,present
A002805,S0064,G011,2026-07-11,present
A002806,S0190,G011,2026-07-11,absent
A002807,S0208,G011,2026-07-11,present
A002808,S0001,G011,2026-07-13,absent
A002809,S0022,G011,2026-07-13,excused
A002810,S0064,G011,2026-07-13,present
A002811,S0190,G011,2026-07-13,late
A002812,S0208,G011,2026-07-13,present
A002813,S0001,G011,2026-07-15,excused
A002814,S0022,G011,2026-07-15,late
A002815,S0064,G011,2026-07-15,present
A002816,S0190,G011,2026-07-15,present
A002817,S0208,G011,2026-07-15,present
A002818,S0001,G011,2026-07-17,absent
A002819,S0022,G011,2026-07-17,present
A002820,S0064,G011,2026-07-17,present
A002821,S0190,G011,2026-07-17,present
A002822,S0208,G011,2026-07-17,present
A002823,S0001,G011,2026-07-21,excused
A002824,S0022,G011,2026-07-21,present
A002825,S0064,G011,2026-07-21,present
A002826,S0190,G011,2026-07-21,absent
A002827,S0208,G011,2026-07-21,present
A002828,S0001,G011,2026-07-23,present
A002829,S0022,G011,2026-07-23,present
A002830,S0064,G011,2026-07-23,late
A002831,S0190,G011,2026-07-23,late
A002832,S0208,G011,2026-07-23,present
A002833,S0001,G011,2026-07-25,present
A002834,S0022,G011,2026-07-25,present
A002835,S0064,G011,2026-07-25,present
A002836,S0190,G011,2026-07-25,present
A002837,S0208,G011,2026-07-25,present
A002838,S0001,G011,2026-07-27,present
A002839,S0022,G011,2026-07-27,late
A002840,S0064,G011,2026-07-27,present
A002841,S0190,G011,2026-07-27,present
A002842,S0208,G011,2026-07-27,excused
A002843,S0001,G011,2026-07-29,present
A002844,S0022,G011,2026-07-29,present
A002845,S0064,G011,2026-07-29,present
A002846,S0190,G011,2026-07-29,late
A002847,S0208,G011,2026-07-29,present
A002848,S0001,G011,2026-07-31,late
A002849,S0022,G011,2026-07-31,present
A002850,S0064,G011,2026-07-31,present
A002851,S0190,G011,2026-07-31,present
A002852,S0208,G011,2026-07-31,absent
A002853,S0001,G011,2026-08-04,present
A002854,S0022,G011,2026-08-04,present
A002855,S0064,G011,2026-08-04,present
A002856,S0190,G011,2026-08-04,present
A002857,S0208,G011,2026-08-04,present
A002858,S0001,G011,2026-08-06,present
A002859,S0022,G011,2026-08-06,present
A002860,S0064,G011,2026-08-06,present
A002861,S0190,G011,2026-08-06,present
A002862,S0208,G011,2026-08-06,excused
A002863,S0001,G011,2026-08-08,present
A002864,S0022,G011,2026-08-08,present
A002865,S0064,G011,2026-08-08,present
A002866,S0190,G011,2026-08-08,present
A002867,S0208,G011,2026-08-08,present
A002868,S0001,G011,2026-08-10,present
A002869,S0022,G011,2026-08-10,present
A002870,S0064,G011,2026-08-10,present
A002871,S0190,G011,2026-08-10,present
A002872,S0208,G011,2026-08-10,present
A002873,S0001,G011,2026-08-12,present
A002874,S0022,G011,2026-08-12,present
A002875,S0064,G011,2026-08-12,present
A002876,S0190,G011,2026-08-12,present
A002877,S0208,G011,2026-08-12,present
A002878,S0234,G011,2026-08-12,excused
A002879,S0001,G011,2026-08-14,present
A002880,S0022,G011,2026-08-14,present
A002881,S0064,G011,2026-08-14,present
A002882,S0190,G011,2026-08-14,present
A002883,S0208,G011,2026-08-14,absent
A002884,S0234,G011,2026-08-14,present
A002885,S0001,G011,2026-08-18,present
A002886,S0005,G011,2026-08-18,present
A002887,S0022,G011,2026-08-18,present
A002888,S0064,G011,2026-08-18,present
A002889,S0190,G011,2026-08-18,present
A002890,S0208,G011,2026-08-18,present
A002891,S0234,G011,2026-08-18,present
A002892,S0001,G011,2026-08-20,present
A002893,S0005,G011,2026-08-20,present
A002894,S0022,G011,2026-08-20,present
A002895,S0064,G011,2026-08-20,excused
A002896,S0190,G011,2026-08-20,present
A002897,S0208,G011,2026-08-20,present
A002898,S0234,G011,2026-08-20,late
A002899,S0001,G011,2026-08-22,excused
A002900,S0005,G011,2026-08-22,absent
A002901,S0022,G011,2026-08-22,present
A002902,S0064,G011,2026-08-22,present
A002903,S0190,G011,2026-08-22,present
A002904,S0208,G011,2026-08-22,present
A002905,S0234,G011,2026-08-22,present
A002906,S0001,G011,2026-08-24,present
A002907,S0005,G011,2026-08-24,present
A002908,S0022,G011,2026-08-24,present
A002909,S0064,G011,2026-08-24,present
A002910,S0190,G011,2026-08-24,present
A002911,S0208,G011,2026-08-24,present
A002912,S0234,G011,2026-08-24,absent
A002913,S0001,G011,2026-08-26,late
A002914,S0005,G011,2026-08-26,present
A002915,S0022,G011,2026-08-26,present
A002916,S0064,G011,2026-08-26,late
A002917,S0190,G011,2026-08-26,present
A002918,S0208,G011,2026-08-26,present
A002919,S0234,G011,2026-08-26,present
A002920,S0001,G011,2026-08-28,present
A002921,S0005,G011,2026-08-28,present
A002922,S0022,G011,2026-08-28,present
A002923,S0064,G011,2026-08-28,present
A002924,S0190,G011,2026-08-28,present
A002925,S0208,G011,2026-08-28,present
A002926,S0234,G011,2026-08-28,present
A002927,S0221,G012,2026-07-01,present
A002928,S0221,G012,2026-07-03,absent
A002929,S0068,G012,2026-07-07,present
A002930,S0221,G012,2026-07-07,present
A002931,S0068,G012,2026-07-09,present
A002932,S0221,G012,2026-07-09,present
A002933,S0068,G012,2026-07-11,present
A002934,S0221,G012,2026-07-11,present
A002935,S0068,G012,2026-07-13,absent
A002936,S0221,G012,2026-07-13,present
A002937,S0068,G012,2026-07-15,late
A002938,S0221,G012,2026-07-15,present
A002939,S0068,G012,2026-07-17,present
A002940,S0221,G012,2026-07-17,present
A002941,S0068,G012,2026-07-21,present
A002942,S0221,G012,2026-07-21,present
A002943,S0246,G012,2026-07-21,late
A002944,S0068,G012,2026-07-23,late
A002945,S0199,G012,2026-07-23,present
A002946,S0221,G012,2026-07-23,absent
A002947,S0246,G012,2026-07-23,absent
A002948,S0068,G012,2026-07-25,late
A002949,S0199,G012,2026-07-25,present
A002950,S0221,G012,2026-07-25,present
A002951,S0246,G012,2026-07-25,late
A002952,S0020,G012,2026-07-27,present
A002953,S0068,G012,2026-07-27,present
A002954,S0199,G012,2026-07-27,present
A002955,S0221,G012,2026-07-27,present
A002956,S0246,G012,2026-07-27,present
A002957,S0020,G012,2026-07-29,present
A002958,S0068,G012,2026-07-29,present
A002959,S0199,G012,2026-07-29,present
A002960,S0221,G012,2026-07-29,present
A002961,S0246,G012,2026-07-29,present
A002962,S0020,G012,2026-07-31,present
A002963,S0068,G012,2026-07-31,present
A002964,S0126,G012,2026-07-31,present
A002965,S0199,G012,2026-07-31,late
A002966,S0221,G012,2026-07-31,present
A002967,S0246,G012,2026-07-31,present
A002968,S0020,G012,2026-08-04,present
A002969,S0068,G012,2026-08-04,present
A002970,S0126,G012,2026-08-04,present
A002971,S0199,G012,2026-08-04,present
A002972,S0221,G012,2026-08-04,present
A002973,S0246,G012,2026-08-04,present
A002974,S0020,G012,2026-08-06,present
A002975,S0068,G012,2026-08-06,present
A002976,S0126,G012,2026-08-06,present
A002977,S0199,G012,2026-08-06,absent
A002978,S0221,G012,2026-08-06,present
A002979,S0246,G012,2026-08-06,present
A002980,S0020,G012,2026-08-08,present
A002981,S0068,G012,2026-08-08,present
A002982,S0126,G012,2026-08-08,present
A002983,S0199,G012,2026-08-08,present
A002984,S0221,G012,2026-08-08,present
A002985,S0246,G012,2026-08-08,present
A002986,S0020,G012,2026-08-10,present
A002987,S0068,G012,2026-08-10,absent
A002988,S0126,G012,2026-08-10,present
A002989,S0199,G012,2026-08-10,present
A002990,S0221,G012,2026-08-10,present
A002991,S0246,G012,2026-08-10,present
A002992,S0020,G012,2026-08-12,present
A002993,S0068,G012,2026-08-12,present
A002994,S0126,G012,2026-08-12,present
A002995,S0199,G012,2026-08-12,present
A002996,S0221,G012,2026-08-12,present
A002997,S0246,G012,2026-08-12,present
A002998,S0020,G012,2026-08-14,present
A002999,S0068,G012,2026-08-14,absent
A003000,S0126,G012,2026-08-14,present
A003001,S0195,G012,2026-08-14,late
A003002,S0199,G012,2026-08-14,absent
A003003,S0217,G012,2026-08-14,late
A003004,S0221,G012,2026-08-14,present
A003005,S0246,G012,2026-08-14,absent
A003006,S0020,G012,2026-08-18,present
A003007,S0068,G012,2026-08-18,present
A003008,S0126,G012,2026-08-18,present
A003009,S0195,G012,2026-08-18,present
A003010,S0199,G012,2026-08-18,late
A003011,S0217,G012,2026-08-18,present
A003012,S0221,G012,2026-08-18,present
A003013,S0246,G012,2026-08-18,present
A003014,S0255,G012,2026-08-18,present
A003015,S0020,G012,2026-08-20,absent
A003016,S0068,G012,2026-08-20,late
A003017,S0126,G012,2026-08-20,present
A003018,S0195,G012,2026-08-20,present
A003019,S0199,G012,2026-08-20,present
A003020,S0217,G012,2026-08-20,present
A003021,S0221,G012,2026-08-20,present
A003022,S0246,G012,2026-08-20,present
A003023,S0255,G012,2026-08-20,present
A003024,S0020,G012,2026-08-22,present
A003025,S0068,G012,2026-08-22,present
A003026,S0126,G012,2026-08-22,present
A003027,S0195,G012,2026-08-22,present
A003028,S0199,G012,2026-08-22,present
A003029,S0217,G012,2026-08-22,late
A003030,S0221,G012,2026-08-22,present
A003031,S0246,G012,2026-08-22,late
A003032,S0248,G012,2026-08-22,present
A003033,S0255,G012,2026-08-22,present
A003034,S0020,G012,2026-08-24,present
A003035,S0068,G012,2026-08-24,present
A003036,S0126,G012,2026-08-24,present
A003037,S0195,G012,2026-08-24,present
A003038,S0199,G012,2026-08-24,present
A003039,S0217,G012,2026-08-24,absent
A003040,S0221,G012,2026-08-24,present
A003041,S0246,G012,2026-08-24,absent
A003042,S0248,G012,2026-08-24,present
A003043,S0255,G012,2026-08-24,excused
A003044,S0020,G012,2026-08-26,present
A003045,S0068,G012,2026-08-26,excused
A003046,S0126,G012,2026-08-26,present
A003047,S0195,G012,2026-08-26,present
A003048,S0199,G012,2026-08-26,present
A003049,S0217,G012,2026-08-26,present
A003050,S0221,G012,2026-08-26,present
A003051,S0246,G012,2026-08-26,present
A003052,S0248,G012,2026-08-26,present
A003053,S0255,G012,2026-08-26,absent
A003054,S0020,G012,2026-08-28,present
A003055,S0068,G012,2026-08-28,present
A003056,S0126,G012,2026-08-28,present
A003057,S0195,G012,2026-08-28,present
A003058,S0199,G012,2026-08-28,present
A003059,S0217,G012,2026-08-28,present
A003060,S0221,G012,2026-08-28,present
A003061,S0246,G012,2026-08-28,present
A003062,S0248,G012,2026-08-28,present
A003063,S0255,G012,2026-08-28,present
A003064,S0082,G013,2026-05-30,present
A003065,S0082,G013,2026-06-01,present
A003066,S0082,G013,2026-06-03,present
A003067,S0082,G013,2026-06-05,late
A003068,S0003,G013,2026-06-09,present
A003069,S0082,G013,2026-06-09,present
A003070,S0003,G013,2026-06-11,present
A003071,S0082,G013,2026-06-11,excused
A003072,S0167,G013,2026-06-11,present
A003073,S0003,G013,2026-06-13,absent
A003074,S0082,G013,2026-06-13,absent
A003075,S0167,G013,2026-06-13,excused
A003076,S0003,G013,2026-06-15,absent
A003077,S0082,G013,2026-06-15,present
A003078,S0167,G013,2026-06-15,present
A003079,S0003,G013,2026-06-17,excused
A003080,S0082,G013,2026-06-17,present
A003081,S0167,G013,2026-06-17,present
A003082,S0003,G013,2026-06-19,late
A003083,S0082,G013,2026-06-19,present
A003084,S0167,G013,2026-06-19,present
A003085,S0230,G013,2026-06-19,present
A003086,S0003,G013,2026-06-23,present
A003087,S0082,G013,2026-06-23,present
A003088,S0167,G013,2026-06-23,present
A003089,S0230,G013,2026-06-23,excused
A003090,S0003,G013,2026-06-25,late
A003091,S0082,G013,2026-06-25,present
A003092,S0154,G013,2026-06-25,absent
A003093,S0167,G013,2026-06-25,present
A003094,S0230,G013,2026-06-25,present
A003095,S0003,G013,2026-06-27,late
A003096,S0082,G013,2026-06-27,late
A003097,S0154,G013,2026-06-27,present
A003098,S0167,G013,2026-06-27,present
A003099,S0230,G013,2026-06-27,present
A003100,S0003,G013,2026-06-29,present
A003101,S0082,G013,2026-06-29,present
A003102,S0154,G013,2026-06-29,present
A003103,S0167,G013,2026-06-29,absent
A003104,S0230,G013,2026-06-29,present
A003105,S0003,G013,2026-07-01,present
A003106,S0082,G013,2026-07-01,present
A003107,S0154,G013,2026-07-01,present
A003108,S0167,G013,2026-07-01,present
A003109,S0230,G013,2026-07-01,present
A003110,S0003,G013,2026-07-03,present
A003111,S0082,G013,2026-07-03,present
A003112,S0154,G013,2026-07-03,present
A003113,S0167,G013,2026-07-03,present
A003114,S0230,G013,2026-07-03,absent
A003115,S0003,G013,2026-07-07,present
A003116,S0082,G013,2026-07-07,present
A003117,S0154,G013,2026-07-07,present
A003118,S0167,G013,2026-07-07,present
A003119,S0230,G013,2026-07-07,present
A003120,S0003,G013,2026-07-09,present
A003121,S0082,G013,2026-07-09,present
A003122,S0154,G013,2026-07-09,present
A003123,S0167,G013,2026-07-09,present
A003124,S0230,G013,2026-07-09,late
A003125,S0003,G013,2026-07-11,present
A003126,S0082,G013,2026-07-11,present
A003127,S0154,G013,2026-07-11,present
A003128,S0167,G013,2026-07-11,absent
A003129,S0230,G013,2026-07-11,present
A003130,S0003,G013,2026-07-13,present
A003131,S0082,G013,2026-07-13,present
A003132,S0154,G013,2026-07-13,present
A003133,S0167,G013,2026-07-13,absent
A003134,S0230,G013,2026-07-13,absent
A003135,S0003,G013,2026-07-15,present
A003136,S0082,G013,2026-07-15,present
A003137,S0154,G013,2026-07-15,present
A003138,S0167,G013,2026-07-15,present
A003139,S0230,G013,2026-07-15,late
A003140,S0003,G013,2026-07-17,present
A003141,S0082,G013,2026-07-17,late
A003142,S0154,G013,2026-07-17,late
A003143,S0167,G013,2026-07-17,present
A003144,S0230,G013,2026-07-17,present
A003145,S0003,G013,2026-07-21,present
A003146,S0082,G013,2026-07-21,present
A003147,S0154,G013,2026-07-21,present
A003148,S0167,G013,2026-07-21,present
A003149,S0230,G013,2026-07-21,present
A003150,S0003,G013,2026-07-23,present
A003151,S0082,G013,2026-07-23,late
A003152,S0154,G013,2026-07-23,present
A003153,S0167,G013,2026-07-23,present
A003154,S0230,G013,2026-07-23,present
A003155,S0003,G013,2026-07-25,present
A003156,S0056,G013,2026-07-25,late
A003157,S0082,G013,2026-07-25,present
A003158,S0154,G013,2026-07-25,present
A003159,S0167,G013,2026-07-25,present
A003160,S0230,G013,2026-07-25,excused
A003161,S0003,G013,2026-07-27,present
A003162,S0056,G013,2026-07-27,late
A003163,S0082,G013,2026-07-27,present
A003164,S0154,G013,2026-07-27,late
A003165,S0167,G013,2026-07-27,present
A003166,S0230,G013,2026-07-27,absent
A003167,S0003,G013,2026-07-29,present
A003168,S0056,G013,2026-07-29,present
A003169,S0082,G013,2026-07-29,present
A003170,S0154,G013,2026-07-29,present
A003171,S0167,G013,2026-07-29,present
A003172,S0230,G013,2026-07-29,present
A003173,S0003,G013,2026-07-31,late
A003174,S0056,G013,2026-07-31,present
A003175,S0082,G013,2026-07-31,present
A003176,S0154,G013,2026-07-31,present
A003177,S0167,G013,2026-07-31,present
A003178,S0230,G013,2026-07-31,present
A003179,S0257,G013,2026-07-31,present
A003180,S0003,G013,2026-08-04,present
A003181,S0056,G013,2026-08-04,absent
A003182,S0082,G013,2026-08-04,present
A003183,S0154,G013,2026-08-04,present
A003184,S0167,G013,2026-08-04,present
A003185,S0230,G013,2026-08-04,present
A003186,S0257,G013,2026-08-04,late
A003187,S0003,G013,2026-08-06,absent
A003188,S0056,G013,2026-08-06,late
A003189,S0082,G013,2026-08-06,present
A003190,S0154,G013,2026-08-06,present
A003191,S0167,G013,2026-08-06,present
A003192,S0230,G013,2026-08-06,present
A003193,S0257,G013,2026-08-06,present
A003194,S0003,G013,2026-08-08,present
A003195,S0056,G013,2026-08-08,present
A003196,S0082,G013,2026-08-08,present
A003197,S0154,G013,2026-08-08,present
A003198,S0167,G013,2026-08-08,present
A003199,S0230,G013,2026-08-08,present
A003200,S0257,G013,2026-08-08,present
A003201,S0003,G013,2026-08-10,present
A003202,S0056,G013,2026-08-10,present
A003203,S0082,G013,2026-08-10,present
A003204,S0096,G013,2026-08-10,late
A003205,S0154,G013,2026-08-10,late
A003206,S0167,G013,2026-08-10,present
A003207,S0230,G013,2026-08-10,present
A003208,S0257,G013,2026-08-10,absent
A003209,S0003,G013,2026-08-12,absent
A003210,S0056,G013,2026-08-12,present
A003211,S0082,G013,2026-08-12,excused
A003212,S0096,G013,2026-08-12,absent
A003213,S0154,G013,2026-08-12,late
A003214,S0167,G013,2026-08-12,present
A003215,S0230,G013,2026-08-12,present
A003216,S0257,G013,2026-08-12,present
A003217,S0003,G013,2026-08-14,present
A003218,S0056,G013,2026-08-14,present
A003219,S0082,G013,2026-08-14,present
A003220,S0096,G013,2026-08-14,absent
A003221,S0154,G013,2026-08-14,present
A003222,S0167,G013,2026-08-14,present
A003223,S0230,G013,2026-08-14,present
A003224,S0257,G013,2026-08-14,late
A003225,S0003,G013,2026-08-18,late
A003226,S0056,G013,2026-08-18,present
A003227,S0082,G013,2026-08-18,present
A003228,S0096,G013,2026-08-18,present
A003229,S0154,G013,2026-08-18,present
A003230,S0167,G013,2026-08-18,absent
A003231,S0230,G013,2026-08-18,excused
A003232,S0257,G013,2026-08-18,present
A003233,S0003,G013,2026-08-20,present
A003234,S0056,G013,2026-08-20,present
A003235,S0082,G013,2026-08-20,present
A003236,S0096,G013,2026-08-20,present
A003237,S0154,G013,2026-08-20,present
A003238,S0167,G013,2026-08-20,late
A003239,S0230,G013,2026-08-20,present
A003240,S0257,G013,2026-08-20,present
A003241,S0003,G013,2026-08-22,present
A003242,S0056,G013,2026-08-22,absent
A003243,S0082,G013,2026-08-22,absent
A003244,S0096,G013,2026-08-22,absent
A003245,S0154,G013,2026-08-22,present
A003246,S0167,G013,2026-08-22,present
A003247,S0230,G013,2026-08-22,present
A003248,S0257,G013,2026-08-22,late
A003249,S0003,G013,2026-08-24,present
A003250,S0056,G013,2026-08-24,present
A003251,S0082,G013,2026-08-24,present
A003252,S0096,G013,2026-08-24,present
A003253,S0119,G013,2026-08-24,present
A003254,S0154,G013,2026-08-24,present
A003255,S0167,G013,2026-08-24,present
A003256,S0230,G013,2026-08-24,present
A003257,S0257,G013,2026-08-24,present
A003258,S0003,G013,2026-08-26,present
A003259,S0056,G013,2026-08-26,present
A003260,S0082,G013,2026-08-26,present
A003261,S0096,G013,2026-08-26,present
A003262,S0119,G013,2026-08-26,present
A003263,S0154,G013,2026-08-26,present
A003264,S0167,G013,2026-08-26,present
A003265,S0230,G013,2026-08-26,present
A003266,S0257,G013,2026-08-26,present
A003267,S0003,G013,2026-08-28,present
A003268,S0056,G013,2026-08-28,absent
A003269,S0082,G013,2026-08-28,present
A003270,S0096,G013,2026-08-28,present
A003271,S0119,G013,2026-08-28,present
A003272,S0154,G013,2026-08-28,late
A003273,S0167,G013,2026-08-28,present
A003274,S0230,G013,2026-08-28,present
A003275,S0257,G013,2026-08-28,present
A003276,S0072,G016,2026-02-12,present
A003277,S0072,G016,2026-02-14,present
A003278,S0072,G016,2026-02-16,present
A003279,S0072,G016,2026-02-18,present
A003280,S0072,G016,2026-02-20,present
A003281,S0072,G016,2026-02-24,present
A003282,S0072,G016,2026-02-26,absent
A003283,S0072,G016,2026-02-28,present
A003284,S0072,G016,2026-03-02,present
A003285,S0072,G016,2026-03-04,present
A003286,S0072,G016,2026-03-06,present
A003287,S0072,G016,2026-03-10,absent
A003288,S0072,G016,2026-03-12,present
A003289,S0072,G016,2026-03-14,present
A003290,S0072,G016,2026-03-16,absent
A003291,S0072,G016,2026-03-18,absent
A003292,S0072,G016,2026-03-20,present
A003293,S0072,G016,2026-03-24,present
A003294,S0072,G016,2026-03-26,present
A003295,S0072,G016,2026-03-28,excused
A003296,S0072,G016,2026-03-30,present
A003297,S0072,G016,2026-04-01,late
A003298,S0072,G016,2026-04-03,present
A003299,S0072,G016,2026-04-07,absent
A003300,S0072,G016,2026-04-09,present
A003301,S0072,G016,2026-04-11,late
A003302,S0072,G016,2026-04-13,absent
A003303,S0072,G016,2026-04-15,absent
A003304,S0072,G016,2026-04-17,late
A003305,S0072,G016,2026-04-21,absent
A003306,S0072,G016,2026-04-23,present
A003307,S0072,G016,2026-04-25,present
A003308,S0072,G016,2026-04-27,absent
A003309,S0072,G016,2026-04-29,present
A003310,S0072,G016,2026-05-01,present
A003311,S0072,G016,2026-05-05,present
A003312,S0072,G016,2026-05-07,late
A003313,S0134,G016,2026-05-07,present
A003314,S0072,G016,2026-05-09,present
A003315,S0134,G016,2026-05-09,present
A003316,S0072,G016,2026-05-11,absent
A003317,S0134,G016,2026-05-11,present
A003318,S0072,G016,2026-05-13,present
A003319,S0134,G016,2026-05-13,present
A003320,S0072,G016,2026-05-15,present
A003321,S0134,G016,2026-05-15,present
A003322,S0072,G016,2026-05-19,present
A003323,S0134,G016,2026-05-19,present
A003324,S0072,G016,2026-05-21,present
A003325,S0134,G016,2026-05-21,present
A003326,S0072,G016,2026-05-23,late
A003327,S0134,G016,2026-05-23,present
A003328,S0072,G016,2026-05-25,present
A003329,S0134,G016,2026-05-25,present
A003330,S0072,G016,2026-05-27,present
A003331,S0134,G016,2026-05-27,present
A003332,S0072,G016,2026-05-29,present
A003333,S0134,G016,2026-05-29,late
A003334,S0072,G016,2026-06-02,absent
A003335,S0134,G016,2026-06-02,present
A003336,S0297,G016,2026-06-02,present
A003337,S0072,G016,2026-06-04,present
A003338,S0134,G016,2026-06-04,absent
A003339,S0297,G016,2026-06-04,present
A003340,S0072,G016,2026-06-06,present
A003341,S0134,G016,2026-06-06,present
A003342,S0297,G016,2026-06-06,present
A003343,S0072,G016,2026-06-08,present
A003344,S0134,G016,2026-06-08,late
A003345,S0297,G016,2026-06-08,present
A003346,S0072,G016,2026-06-10,present
A003347,S0134,G016,2026-06-10,present
A003348,S0297,G016,2026-06-10,present
A003349,S0072,G016,2026-06-12,present
A003350,S0134,G016,2026-06-12,present
A003351,S0139,G016,2026-06-12,present
A003352,S0297,G016,2026-06-12,present
A003353,S0072,G016,2026-06-16,present
A003354,S0134,G016,2026-06-16,present
A003355,S0139,G016,2026-06-16,excused
A003356,S0297,G016,2026-06-16,excused
A003357,S0072,G016,2026-06-18,present
A003358,S0134,G016,2026-06-18,present
A003359,S0139,G016,2026-06-18,present
A003360,S0297,G016,2026-06-18,present
A003361,S0072,G016,2026-06-20,present
A003362,S0134,G016,2026-06-20,present
A003363,S0139,G016,2026-06-20,present
A003364,S0297,G016,2026-06-20,present
A003365,S0072,G016,2026-06-22,absent
A003366,S0134,G016,2026-06-22,present
A003367,S0139,G016,2026-06-22,present
A003368,S0297,G016,2026-06-22,present
A003369,S0072,G016,2026-06-24,present
A003370,S0134,G016,2026-06-24,present
A003371,S0139,G016,2026-06-24,present
A003372,S0297,G016,2026-06-24,present
A003373,S0072,G016,2026-06-26,present
A003374,S0134,G016,2026-06-26,present
A003375,S0139,G016,2026-06-26,late
A003376,S0297,G016,2026-06-26,present
A003377,S0072,G016,2026-06-30,present
A003378,S0134,G016,2026-06-30,absent
A003379,S0139,G016,2026-06-30,present
A003380,S0297,G016,2026-06-30,present
A003381,S0072,G016,2026-07-02,present
A003382,S0134,G016,2026-07-02,present
A003383,S0139,G016,2026-07-02,present
A003384,S0297,G016,2026-07-02,present
A003385,S0072,G016,2026-07-04,present
A003386,S0134,G016,2026-07-04,present
A003387,S0139,G016,2026-07-04,absent
A003388,S0297,G016,2026-07-04,excused
A003389,S0072,G016,2026-07-06,present
A003390,S0134,G016,2026-07-06,present
A003391,S0139,G016,2026-07-06,present
A003392,S0161,G016,2026-07-06,absent
A003393,S0297,G016,2026-07-06,present
A003394,S0072,G016,2026-07-08,absent
A003395,S0134,G016,2026-07-08,absent
A003396,S0139,G016,2026-07-08,present
A003397,S0161,G016,2026-07-08,present
A003398,S0297,G016,2026-07-08,present
A003399,S0072,G016,2026-07-10,present
A003400,S0134,G016,2026-07-10,late
A003401,S0139,G016,2026-07-10,present
A003402,S0161,G016,2026-07-10,present
A003403,S0297,G016,2026-07-10,present
A003404,S0072,G016,2026-07-14,present
A003405,S0134,G016,2026-07-14,present
A003406,S0139,G016,2026-07-14,present
A003407,S0161,G016,2026-07-14,present
A003408,S0297,G016,2026-07-14,present
A003409,S0072,G016,2026-07-16,present
A003410,S0134,G016,2026-07-16,present
A003411,S0139,G016,2026-07-16,present
A003412,S0161,G016,2026-07-16,absent
A003413,S0297,G016,2026-07-16,present
A003414,S0072,G016,2026-07-18,present
A003415,S0134,G016,2026-07-18,present
A003416,S0139,G016,2026-07-18,present
A003417,S0161,G016,2026-07-18,present
A003418,S0297,G016,2026-07-18,present
A003419,S0072,G016,2026-07-20,present
A003420,S0134,G016,2026-07-20,present
A003421,S0139,G016,2026-07-20,present
A003422,S0161,G016,2026-07-20,present
A003423,S0289,G016,2026-07-20,absent
A003424,S0297,G016,2026-07-20,present
A003425,S0072,G016,2026-07-22,present
A003426,S0134,G016,2026-07-22,present
A003427,S0139,G016,2026-07-22,present
A003428,S0161,G016,2026-07-22,excused
A003429,S0289,G016,2026-07-22,present
A003430,S0297,G016,2026-07-22,present
A003431,S0072,G016,2026-07-24,present
A003432,S0134,G016,2026-07-24,present
A003433,S0139,G016,2026-07-24,present
A003434,S0161,G016,2026-07-24,present
A003435,S0289,G016,2026-07-24,absent
A003436,S0297,G016,2026-07-24,present
A003437,S0072,G016,2026-07-28,excused
A003438,S0134,G016,2026-07-28,present
A003439,S0139,G016,2026-07-28,present
A003440,S0161,G016,2026-07-28,present
A003441,S0220,G016,2026-07-28,late
A003442,S0289,G016,2026-07-28,absent
A003443,S0297,G016,2026-07-28,present
A003444,S0072,G016,2026-07-30,late
A003445,S0134,G016,2026-07-30,present
A003446,S0139,G016,2026-07-30,present
A003447,S0161,G016,2026-07-30,present
A003448,S0220,G016,2026-07-30,present
A003449,S0289,G016,2026-07-30,present
A003450,S0297,G016,2026-07-30,present
A003451,S0072,G016,2026-08-01,present
A003452,S0134,G016,2026-08-01,present
A003453,S0139,G016,2026-08-01,present
A003454,S0161,G016,2026-08-01,present
A003455,S0220,G016,2026-08-01,present
A003456,S0289,G016,2026-08-01,present
A003457,S0297,G016,2026-08-01,present
A003458,S0299,G017,2026-04-13,present
A003459,S0299,G017,2026-04-15,present
A003460,S0299,G017,2026-04-17,present
A003461,S0299,G017,2026-04-21,present
A003462,S0299,G017,2026-04-23,excused
A003463,S0299,G017,2026-04-25,present
A003464,S0299,G017,2026-04-27,present
A003465,S0299,G017,2026-04-29,absent
A003466,S0299,G017,2026-05-01,present
A003467,S0299,G017,2026-05-05,present
A003468,S0299,G017,2026-05-07,present
A003469,S0299,G017,2026-05-09,present
A003470,S0299,G017,2026-05-11,late
A003471,S0299,G017,2026-05-13,present
A003472,S0299,G017,2026-05-15,present
A003473,S0299,G017,2026-05-19,present
A003474,S0299,G017,2026-05-21,present
A003475,S0299,G017,2026-05-23,present
A003476,S0299,G017,2026-05-25,present
A003477,S0299,G017,2026-05-27,late
A003478,S0299,G017,2026-05-29,present
A003479,S0299,G017,2026-06-02,present
A003480,S0299,G017,2026-06-04,present
A003481,S0299,G017,2026-06-06,present
A003482,S0299,G017,2026-06-08,present
A003483,S0299,G017,2026-06-10,present
A003484,S0299,G017,2026-06-12,present
A003485,S0299,G017,2026-06-16,present
A003486,S0299,G017,2026-06-18,absent
A003487,S0285,G017,2026-06-20,present
A003488,S0299,G017,2026-06-20,present
A003489,S0285,G017,2026-06-22,present
A003490,S0299,G017,2026-06-22,late
A003491,S0285,G017,2026-06-24,present
A003492,S0299,G017,2026-06-24,present
A003493,S0285,G017,2026-06-26,present
A003494,S0299,G017,2026-06-26,present
A003495,S0107,G017,2026-06-30,present
A003496,S0285,G017,2026-06-30,present
A003497,S0299,G017,2026-06-30,present
A003498,S0107,G017,2026-07-02,present
A003499,S0285,G017,2026-07-02,present
A003500,S0299,G017,2026-07-02,present
A003501,S0107,G017,2026-07-04,late
A003502,S0285,G017,2026-07-04,late
A003503,S0299,G017,2026-07-04,present
A003504,S0107,G017,2026-07-06,present
A003505,S0285,G017,2026-07-06,present
A003506,S0299,G017,2026-07-06,present
A003507,S0107,G017,2026-07-08,present
A003508,S0285,G017,2026-07-08,present
A003509,S0299,G017,2026-07-08,late
A003510,S0107,G017,2026-07-10,present
A003511,S0285,G017,2026-07-10,present
A003512,S0299,G017,2026-07-10,present
A003513,S0107,G017,2026-07-14,absent
A003514,S0285,G017,2026-07-14,present
A003515,S0299,G017,2026-07-14,present
A003516,S0107,G017,2026-07-16,present
A003517,S0285,G017,2026-07-16,present
A003518,S0299,G017,2026-07-16,present
A003519,S0107,G017,2026-07-18,excused
A003520,S0285,G017,2026-07-18,present
A003521,S0299,G017,2026-07-18,present
A003522,S0107,G017,2026-07-20,present
A003523,S0285,G017,2026-07-20,present
A003524,S0299,G017,2026-07-20,absent
A003525,S0107,G017,2026-07-22,present
A003526,S0200,G017,2026-07-22,excused
A003527,S0285,G017,2026-07-22,present
A003528,S0299,G017,2026-07-22,absent
A003529,S0107,G017,2026-07-24,present
A003530,S0200,G017,2026-07-24,late
A003531,S0285,G017,2026-07-24,present
A003532,S0299,G017,2026-07-24,present
A003533,S0107,G017,2026-07-28,present
A003534,S0200,G017,2026-07-28,present
A003535,S0285,G017,2026-07-28,present
A003536,S0299,G017,2026-07-28,present
A003537,S0107,G017,2026-07-30,absent
A003538,S0200,G017,2026-07-30,present
A003539,S0285,G017,2026-07-30,present
A003540,S0299,G017,2026-07-30,present
A003541,S0107,G017,2026-08-01,present
A003542,S0200,G017,2026-08-01,present
A003543,S0285,G017,2026-08-01,late
A003544,S0299,G017,2026-08-01,present
A003545,S0107,G017,2026-08-03,present
A003546,S0200,G017,2026-08-03,present
A003547,S0285,G017,2026-08-03,present
A003548,S0299,G017,2026-08-03,present
A003549,S0107,G017,2026-08-05,late
A003550,S0200,G017,2026-08-05,present
A003551,S0285,G017,2026-08-05,present
A003552,S0299,G017,2026-08-05,present
A003553,S0107,G017,2026-08-07,present
A003554,S0200,G017,2026-08-07,present
A003555,S0285,G017,2026-08-07,late
A003556,S0299,G017,2026-08-07,present
A003557,S0107,G017,2026-08-11,absent
A003558,S0200,G017,2026-08-11,present
A003559,S0285,G017,2026-08-11,absent
A003560,S0299,G017,2026-08-11,absent
A003561,S0107,G017,2026-08-13,absent
A003562,S0200,G017,2026-08-13,present
A003563,S0285,G017,2026-08-13,present
A003564,S0299,G017,2026-08-13,present
A003565,S0107,G017,2026-08-15,present
A003566,S0200,G017,2026-08-15,present
A003567,S0285,G017,2026-08-15,excused
A003568,S0299,G017,2026-08-15,present
A003569,S0107,G017,2026-08-17,present
A003570,S0200,G017,2026-08-17,present
A003571,S0285,G017,2026-08-17,present
A003572,S0299,G017,2026-08-17,present
A003573,S0107,G017,2026-08-19,present
A003574,S0200,G017,2026-08-19,present
A003575,S0285,G017,2026-08-19,absent
A003576,S0299,G017,2026-08-19,present
A003577,S0107,G017,2026-08-21,late
A003578,S0200,G017,2026-08-21,present
A003579,S0285,G017,2026-08-21,present
A003580,S0299,G017,2026-08-21,absent
A003581,S0107,G017,2026-08-25,absent
A003582,S0142,G017,2026-08-25,present
A003583,S0200,G017,2026-08-25,present
A003584,S0285,G017,2026-08-25,present
A003585,S0299,G017,2026-08-25,present
A003586,S0107,G017,2026-08-27,present
A003587,S0142,G017,2026-08-27,present
A003588,S0200,G017,2026-08-27,present
A003589,S0285,G017,2026-08-27,excused
A003590,S0299,G017,2026-08-27,absent
A003591,S0107,G017,2026-08-29,present
A003592,S0142,G017,2026-08-29,present
A003593,S0200,G017,2026-08-29,present
A003594,S0285,G017,2026-08-29,present
A003595,S0299,G017,2026-08-29,present
A003596,S0107,G017,2026-08-31,late
A003597,S0142,G017,2026-08-31,present
A003598,S0200,G017,2026-08-31,present
A003599,S0285,G017,2026-08-31,absent
A003600,S0299,G017,2026-08-31,present
A003601,S0092,G019,2026-07-08,late
A003602,S0092,G019,2026-07-10,late
A003603,S0233,G019,2026-07-10,present
A003604,S0092,G019,2026-07-14,present
A003605,S0233,G019,2026-07-14,present
A003606,S0092,G019,2026-07-16,present
A003607,S0228,G019,2026-07-16,late
A003608,S0233,G019,2026-07-16,present
A003609,S0092,G019,2026-07-18,late
A003610,S0228,G019,2026-07-18,excused
A003611,S0233,G019,2026-07-18,present
A003612,S0071,G019,2026-07-20,present
A003613,S0092,G019,2026-07-20,present
A003614,S0228,G019,2026-07-20,present
A003615,S0233,G019,2026-07-20,present
A003616,S0071,G019,2026-07-22,present
A003617,S0092,G019,2026-07-22,present
A003618,S0228,G019,2026-07-22,present
A003619,S0233,G019,2026-07-22,present
A003620,S0071,G019,2026-07-24,present
A003621,S0092,G019,2026-07-24,present
A003622,S0228,G019,2026-07-24,present
A003623,S0233,G019,2026-07-24,present
A003624,S0071,G019,2026-07-28,present
A003625,S0075,G019,2026-07-28,present
A003626,S0092,G019,2026-07-28,present
A003627,S0228,G019,2026-07-28,present
A003628,S0233,G019,2026-07-28,present
A003629,S0276,G019,2026-07-28,present
A003630,S0071,G019,2026-07-30,present
A003631,S0075,G019,2026-07-30,present
A003632,S0092,G019,2026-07-30,present
A003633,S0228,G019,2026-07-30,present
A003634,S0233,G019,2026-07-30,late
A003635,S0276,G019,2026-07-30,absent
A003636,S0071,G019,2026-08-01,present
A003637,S0075,G019,2026-08-01,present
A003638,S0092,G019,2026-08-01,present
A003639,S0228,G019,2026-08-01,present
A003640,S0233,G019,2026-08-01,present
A003641,S0276,G019,2026-08-01,excused
A003642,S0071,G019,2026-08-03,late
A003643,S0075,G019,2026-08-03,present
A003644,S0092,G019,2026-08-03,excused
A003645,S0148,G019,2026-08-03,present
A003646,S0228,G019,2026-08-03,present
A003647,S0233,G019,2026-08-03,late
A003648,S0276,G019,2026-08-03,present
A003649,S0071,G019,2026-08-05,present
A003650,S0075,G019,2026-08-05,absent
A003651,S0092,G019,2026-08-05,present
A003652,S0148,G019,2026-08-05,present
A003653,S0228,G019,2026-08-05,absent
A003654,S0233,G019,2026-08-05,late
A003655,S0276,G019,2026-08-05,present
A003656,S0058,G019,2026-08-07,present
A003657,S0059,G019,2026-08-07,present
A003658,S0071,G019,2026-08-07,absent
A003659,S0075,G019,2026-08-07,present
A003660,S0092,G019,2026-08-07,present
A003661,S0148,G019,2026-08-07,absent
A003662,S0228,G019,2026-08-07,present
A003663,S0233,G019,2026-08-07,present
A003664,S0276,G019,2026-08-07,present
A003665,S0058,G019,2026-08-11,present
A003666,S0059,G019,2026-08-11,present
A003667,S0071,G019,2026-08-11,absent
A003668,S0075,G019,2026-08-11,present
A003669,S0092,G019,2026-08-11,present
A003670,S0148,G019,2026-08-11,present
A003671,S0228,G019,2026-08-11,present
A003672,S0233,G019,2026-08-11,present
A003673,S0276,G019,2026-08-11,present
A003674,S0058,G019,2026-08-13,present
A003675,S0059,G019,2026-08-13,present
A003676,S0071,G019,2026-08-13,present
A003677,S0075,G019,2026-08-13,present
A003678,S0092,G019,2026-08-13,present
A003679,S0131,G019,2026-08-13,present
A003680,S0148,G019,2026-08-13,present
A003681,S0228,G019,2026-08-13,present
A003682,S0233,G019,2026-08-13,present
A003683,S0276,G019,2026-08-13,present
A003684,S0058,G019,2026-08-15,present
A003685,S0059,G019,2026-08-15,present
A003686,S0071,G019,2026-08-15,present
A003687,S0075,G019,2026-08-15,absent
A003688,S0092,G019,2026-08-15,present
A003689,S0131,G019,2026-08-15,present
A003690,S0148,G019,2026-08-15,present
A003691,S0228,G019,2026-08-15,present
A003692,S0233,G019,2026-08-15,present
A003693,S0276,G019,2026-08-15,present
A003694,S0058,G019,2026-08-17,present
A003695,S0059,G019,2026-08-17,absent
A003696,S0071,G019,2026-08-17,present
A003697,S0075,G019,2026-08-17,present
A003698,S0092,G019,2026-08-17,present
A003699,S0131,G019,2026-08-17,present
A003700,S0148,G019,2026-08-17,present
A003701,S0228,G019,2026-08-17,present
A003702,S0233,G019,2026-08-17,present
A003703,S0276,G019,2026-08-17,late
A003704,S0058,G019,2026-08-19,present
A003705,S0059,G019,2026-08-19,present
A003706,S0071,G019,2026-08-19,present
A003707,S0075,G019,2026-08-19,absent
A003708,S0092,G019,2026-08-19,absent
A003709,S0131,G019,2026-08-19,present
A003710,S0148,G019,2026-08-19,present
A003711,S0228,G019,2026-08-19,late
A003712,S0233,G019,2026-08-19,present
A003713,S0276,G019,2026-08-19,present
A003714,S0024,G019,2026-08-21,present
A003715,S0058,G019,2026-08-21,present
A003716,S0059,G019,2026-08-21,present
A003717,S0071,G019,2026-08-21,absent
A003718,S0075,G019,2026-08-21,excused
A003719,S0092,G019,2026-08-21,present
A003720,S0131,G019,2026-08-21,present
A003721,S0148,G019,2026-08-21,present
A003722,S0228,G019,2026-08-21,late
A003723,S0233,G019,2026-08-21,absent
A003724,S0276,G019,2026-08-21,late
A003725,S0012,G019,2026-08-25,present
A003726,S0024,G019,2026-08-25,present
A003727,S0058,G019,2026-08-25,present
A003728,S0059,G019,2026-08-25,present
A003729,S0071,G019,2026-08-25,present
A003730,S0075,G019,2026-08-25,present
A003731,S0092,G019,2026-08-25,present
A003732,S0131,G019,2026-08-25,present
A003733,S0148,G019,2026-08-25,absent
A003734,S0228,G019,2026-08-25,present
A003735,S0233,G019,2026-08-25,present
A003736,S0263,G019,2026-08-25,present
A003737,S0276,G019,2026-08-25,present
A003738,S0012,G019,2026-08-27,present
A003739,S0024,G019,2026-08-27,absent
A003740,S0058,G019,2026-08-27,present
A003741,S0059,G019,2026-08-27,absent
A003742,S0071,G019,2026-08-27,present
A003743,S0075,G019,2026-08-27,present
A003744,S0092,G019,2026-08-27,absent
A003745,S0131,G019,2026-08-27,present
A003746,S0148,G019,2026-08-27,present
A003747,S0228,G019,2026-08-27,present
A003748,S0233,G019,2026-08-27,present
A003749,S0263,G019,2026-08-27,absent
A003750,S0276,G019,2026-08-27,excused
A003751,S0012,G019,2026-08-29,present
A003752,S0024,G019,2026-08-29,absent
A003753,S0058,G019,2026-08-29,present
A003754,S0059,G019,2026-08-29,present
A003755,S0071,G019,2026-08-29,present
A003756,S0075,G019,2026-08-29,present
A003757,S0092,G019,2026-08-29,present
A003758,S0131,G019,2026-08-29,present
A003759,S0148,G019,2026-08-29,present
A003760,S0228,G019,2026-08-29,excused
A003761,S0233,G019,2026-08-29,absent
A003762,S0244,G019,2026-08-29,absent
A003763,S0263,G019,2026-08-29,absent
A003764,S0276,G019,2026-08-29,absent
A003765,S0012,G019,2026-08-31,present
A003766,S0024,G019,2026-08-31,present
A003767,S0058,G019,2026-08-31,absent
A003768,S0059,G019,2026-08-31,present
A003769,S0071,G019,2026-08-31,present
A003770,S0075,G019,2026-08-31,present
A003771,S0092,G019,2026-08-31,present
A003772,S0131,G019,2026-08-31,present
A003773,S0148,G019,2026-08-31,present
A003774,S0228,G019,2026-08-31,absent
A003775,S0233,G019,2026-08-31,present
A003776,S0244,G019,2026-08-31,present
A003777,S0263,G019,2026-08-31,late
A003778,S0276,G019,2026-08-31,present
A003779,S0086,G020,2026-06-27,present
A003780,S0086,G020,2026-06-29,absent
A003781,S0086,G020,2026-07-01,present
A003782,S0086,G020,2026-07-03,present
A003783,S0036,G020,2026-07-07,present
A003784,S0086,G020,2026-07-07,excused
A003785,S0286,G020,2026-07-07,present
A003786,S0036,G020,2026-07-09,present
A003787,S0086,G020,2026-07-09,present
A003788,S0286,G020,2026-07-09,excused
A003789,S0036,G020,2026-07-11,present
A003790,S0086,G020,2026-07-11,present
A003791,S0286,G020,2026-07-11,present
A003792,S0036,G020,2026-07-13,late
A003793,S0086,G020,2026-07-13,present
A003794,S0286,G020,2026-07-13,present
A003795,S0036,G020,2026-07-15,present
A003796,S0086,G020,2026-07-15,absent
A003797,S0286,G020,2026-07-15,present
A003798,S0011,G020,2026-07-17,present
A003799,S0036,G020,2026-07-17,present
A003800,S0086,G020,2026-07-17,present
A003801,S0286,G020,2026-07-17,present
A003802,S0011,G020,2026-07-21,absent
A003803,S0036,G020,2026-07-21,present
A003804,S0086,G020,2026-07-21,present
A003805,S0286,G020,2026-07-21,present
A003806,S0011,G020,2026-07-23,present
A003807,S0036,G020,2026-07-23,present
A003808,S0086,G020,2026-07-23,present
A003809,S0286,G020,2026-07-23,late
A003810,S0011,G020,2026-07-25,late
A003811,S0036,G020,2026-07-25,present
A003812,S0086,G020,2026-07-25,present
A003813,S0286,G020,2026-07-25,present
A003814,S0011,G020,2026-07-27,late
A003815,S0036,G020,2026-07-27,present
A003816,S0086,G020,2026-07-27,present
A003817,S0286,G020,2026-07-27,present
A003818,S0011,G020,2026-07-29,present
A003819,S0036,G020,2026-07-29,present
A003820,S0086,G020,2026-07-29,present
A003821,S0286,G020,2026-07-29,present
A003822,S0011,G020,2026-07-31,present
A003823,S0036,G020,2026-07-31,present
A003824,S0086,G020,2026-07-31,present
A003825,S0286,G020,2026-07-31,present
A003826,S0011,G020,2026-08-04,present
A003827,S0036,G020,2026-08-04,present
A003828,S0086,G020,2026-08-04,excused
A003829,S0286,G020,2026-08-04,present
A003830,S0011,G020,2026-08-06,present
A003831,S0036,G020,2026-08-06,present
A003832,S0086,G020,2026-08-06,present
A003833,S0286,G020,2026-08-06,present
A003834,S0011,G020,2026-08-08,late
A003835,S0036,G020,2026-08-08,present
A003836,S0086,G020,2026-08-08,present
A003837,S0286,G020,2026-08-08,absent
A003838,S0011,G020,2026-08-10,absent
A003839,S0036,G020,2026-08-10,present
A003840,S0086,G020,2026-08-10,present
A003841,S0149,G020,2026-08-10,present
A003842,S0286,G020,2026-08-10,present
A003843,S0011,G020,2026-08-12,present
A003844,S0036,G020,2026-08-12,present
A003845,S0086,G020,2026-08-12,absent
A003846,S0149,G020,2026-08-12,present
A003847,S0286,G020,2026-08-12,present
A003848,S0011,G020,2026-08-14,present
A003849,S0036,G020,2026-08-14,absent
A003850,S0086,G020,2026-08-14,present
A003851,S0149,G020,2026-08-14,present
A003852,S0286,G020,2026-08-14,present
A003853,S0011,G020,2026-08-18,present
A003854,S0036,G020,2026-08-18,present
A003855,S0086,G020,2026-08-18,present
A003856,S0149,G020,2026-08-18,present
A003857,S0286,G020,2026-08-18,present
A003858,S0011,G020,2026-08-20,present
A003859,S0036,G020,2026-08-20,present
A003860,S0086,G020,2026-08-20,late
A003861,S0149,G020,2026-08-20,present
A003862,S0286,G020,2026-08-20,absent
A003863,S0011,G020,2026-08-22,present
A003864,S0036,G020,2026-08-22,absent
A003865,S0086,G020,2026-08-22,present
A003866,S0149,G020,2026-08-22,present
A003867,S0156,G020,2026-08-22,present
A003868,S0286,G020,2026-08-22,present
A003869,S0011,G020,2026-08-24,late
A003870,S0036,G020,2026-08-24,late
A003871,S0086,G020,2026-08-24,present
A003872,S0149,G020,2026-08-24,late
A003873,S0156,G020,2026-08-24,present
A003874,S0286,G020,2026-08-24,present
A003875,S0011,G020,2026-08-26,absent
A003876,S0036,G020,2026-08-26,present
A003877,S0086,G020,2026-08-26,present
A003878,S0149,G020,2026-08-26,present
A003879,S0156,G020,2026-08-26,present
A003880,S0286,G020,2026-08-26,present
A003881,S0011,G020,2026-08-28,present
A003882,S0036,G020,2026-08-28,present
A003883,S0086,G020,2026-08-28,present
A003884,S0149,G020,2026-08-28,late
A003885,S0156,G020,2026-08-28,present
A003886,S0286,G020,2026-08-28,present
A003887,S0104,G021,2026-02-24,present
A003888,S0104,G021,2026-02-26,excused
A003889,S0104,G021,2026-02-28,present
A003890,S0104,G021,2026-03-02,present
A003891,S0104,G021,2026-03-04,present
A003892,S0104,G021,2026-03-06,present
A003893,S0104,G021,2026-03-10,present
A003894,S0104,G021,2026-03-12,present
A003895,S0104,G021,2026-03-14,present
A003896,S0104,G021,2026-03-16,present
A003897,S0104,G021,2026-03-18,present
A003898,S0104,G021,2026-03-20,present
A003899,S0104,G021,2026-03-24,present
A003900,S0104,G021,2026-03-26,present
A003901,S0104,G021,2026-03-28,present
A003902,S0104,G021,2026-03-30,excused
A003903,S0104,G021,2026-04-01,present
A003904,S0104,G021,2026-04-03,present
A003905,S0077,G021,2026-04-07,present
A003906,S0104,G021,2026-04-07,present
A003907,S0077,G021,2026-04-09,present
A003908,S0104,G021,2026-04-09,present
A003909,S0077,G021,2026-04-11,present
A003910,S0104,G021,2026-04-11,late
A003911,S0077,G021,2026-04-13,present
A003912,S0104,G021,2026-04-13,present
A003913,S0077,G021,2026-04-15,present
A003914,S0104,G021,2026-04-15,present
A003915,S0077,G021,2026-04-17,absent
A003916,S0104,G021,2026-04-17,present
A003917,S0077,G021,2026-04-21,absent
A003918,S0104,G021,2026-04-21,present
A003919,S0077,G021,2026-04-23,present
A003920,S0104,G021,2026-04-23,present
A003921,S0077,G021,2026-04-25,present
A003922,S0104,G021,2026-04-25,present
A003923,S0077,G021,2026-04-27,present
A003924,S0104,G021,2026-04-27,excused
A003925,S0077,G021,2026-04-29,present
A003926,S0104,G021,2026-04-29,present
A003927,S0077,G021,2026-05-01,present
A003928,S0104,G021,2026-05-01,present
A003929,S0077,G021,2026-05-05,absent
A003930,S0104,G021,2026-05-05,late
A003931,S0077,G021,2026-05-07,present
A003932,S0104,G021,2026-05-07,excused
A003933,S0077,G021,2026-05-09,present
A003934,S0104,G021,2026-05-09,present
A003935,S0077,G021,2026-05-11,present
A003936,S0104,G021,2026-05-11,present
A003937,S0077,G021,2026-05-13,present
A003938,S0104,G021,2026-05-13,present
A003939,S0077,G021,2026-05-15,present
A003940,S0104,G021,2026-05-15,present
A003941,S0077,G021,2026-05-19,present
A003942,S0104,G021,2026-05-19,present
A003943,S0030,G021,2026-05-21,excused
A003944,S0077,G021,2026-05-21,absent
A003945,S0104,G021,2026-05-21,excused
A003946,S0030,G021,2026-05-23,present
A003947,S0077,G021,2026-05-23,present
A003948,S0104,G021,2026-05-23,present
A003949,S0030,G021,2026-05-25,present
A003950,S0077,G021,2026-05-25,present
A003951,S0104,G021,2026-05-25,present
A003952,S0009,G021,2026-05-27,absent
A003953,S0030,G021,2026-05-27,present
A003954,S0077,G021,2026-05-27,present
A003955,S0104,G021,2026-05-27,present
A003956,S0009,G021,2026-05-29,present
A003957,S0030,G021,2026-05-29,present
A003958,S0077,G021,2026-05-29,excused
A003959,S0104,G021,2026-05-29,present
A003960,S0009,G021,2026-06-02,present
A003961,S0030,G021,2026-06-02,present
A003962,S0077,G021,2026-06-02,present
A003963,S0104,G021,2026-06-02,late
A003964,S0009,G021,2026-06-04,absent
A003965,S0030,G021,2026-06-04,present
A003966,S0077,G021,2026-06-04,late
A003967,S0104,G021,2026-06-04,present
A003968,S0009,G021,2026-06-06,absent
A003969,S0030,G021,2026-06-06,present
A003970,S0077,G021,2026-06-06,absent
A003971,S0104,G021,2026-06-06,late
A003972,S0009,G021,2026-06-08,present
A003973,S0030,G021,2026-06-08,present
A003974,S0077,G021,2026-06-08,present
A003975,S0104,G021,2026-06-08,present
A003976,S0009,G021,2026-06-10,present
A003977,S0030,G021,2026-06-10,present
A003978,S0077,G021,2026-06-10,present
A003979,S0104,G021,2026-06-10,present
A003980,S0009,G021,2026-06-12,late
A003981,S0030,G021,2026-06-12,present
A003982,S0077,G021,2026-06-12,present
A003983,S0104,G021,2026-06-12,present
A003984,S0009,G021,2026-06-16,excused
A003985,S0030,G021,2026-06-16,present
A003986,S0077,G021,2026-06-16,present
A003987,S0104,G021,2026-06-16,present
A003988,S0009,G021,2026-06-18,present
A003989,S0030,G021,2026-06-18,excused
A003990,S0077,G021,2026-06-18,present
A003991,S0104,G021,2026-06-18,present
A003992,S0009,G021,2026-06-20,present
A003993,S0030,G021,2026-06-20,present
A003994,S0077,G021,2026-06-20,present
A003995,S0104,G021,2026-06-20,present
A003996,S0009,G021,2026-06-22,present
A003997,S0030,G021,2026-06-22,present
A003998,S0077,G021,2026-06-22,present
A003999,S0104,G021,2026-06-22,present
A004000,S0009,G021,2026-06-24,present
A004001,S0030,G021,2026-06-24,present
A004002,S0077,G021,2026-06-24,absent
A004003,S0104,G021,2026-06-24,absent
A004004,S0009,G021,2026-06-26,late
A004005,S0030,G021,2026-06-26,present
A004006,S0077,G021,2026-06-26,late
A004007,S0104,G021,2026-06-26,present
A004008,S0009,G021,2026-06-30,present
A004009,S0030,G021,2026-06-30,present
A004010,S0077,G021,2026-06-30,present
A004011,S0104,G021,2026-06-30,present
A004012,S0009,G021,2026-07-02,present
A004013,S0030,G021,2026-07-02,excused
A004014,S0077,G021,2026-07-02,present
A004015,S0104,G021,2026-07-02,excused
A004016,S0009,G021,2026-07-04,present
A004017,S0030,G021,2026-07-04,late
A004018,S0077,G021,2026-07-04,present
A004019,S0104,G021,2026-07-04,present
A004020,S0009,G021,2026-07-06,present
A004021,S0030,G021,2026-07-06,excused
A004022,S0077,G021,2026-07-06,present
A004023,S0104,G021,2026-07-06,present
A004024,S0009,G021,2026-07-08,absent
A004025,S0030,G021,2026-07-08,present
A004026,S0077,G021,2026-07-08,present
A004027,S0104,G021,2026-07-08,present
A004028,S0009,G021,2026-07-10,absent
A004029,S0030,G021,2026-07-10,late
A004030,S0077,G021,2026-07-10,present
A004031,S0104,G021,2026-07-10,present
A004032,S0009,G021,2026-07-14,present
A004033,S0030,G021,2026-07-14,present
A004034,S0077,G021,2026-07-14,present
A004035,S0104,G021,2026-07-14,present
A004036,S0175,G023,2025-11-14,present
A004037,S0175,G023,2025-11-18,present
A004038,S0175,G023,2025-11-20,present
A004039,S0175,G023,2025-11-22,present
A004040,S0175,G023,2025-11-24,late
A004041,S0175,G023,2025-11-26,absent
A004042,S0175,G023,2025-11-28,present
A004043,S0175,G023,2025-12-02,late
A004044,S0175,G023,2025-12-04,excused
A004045,S0175,G023,2025-12-06,present
A004046,S0192,G023,2025-12-06,present
A004047,S0175,G023,2025-12-08,present
A004048,S0192,G023,2025-12-08,absent
A004049,S0175,G023,2025-12-10,present
A004050,S0192,G023,2025-12-10,present
A004051,S0175,G023,2025-12-12,present
A004052,S0192,G023,2025-12-12,present
A004053,S0175,G023,2025-12-16,absent
A004054,S0192,G023,2025-12-16,absent
A004055,S0175,G023,2025-12-18,present
A004056,S0192,G023,2025-12-18,present
A004057,S0175,G023,2025-12-20,excused
A004058,S0192,G023,2025-12-20,present
A004059,S0175,G023,2025-12-22,present
A004060,S0192,G023,2025-12-22,present
A004061,S0271,G023,2025-12-22,present
A004062,S0175,G023,2025-12-24,present
A004063,S0192,G023,2025-12-24,present
A004064,S0271,G023,2025-12-24,present
A004065,S0175,G023,2025-12-26,present
A004066,S0192,G023,2025-12-26,absent
A004067,S0271,G023,2025-12-26,excused
A004068,S0175,G023,2025-12-30,absent
A004069,S0192,G023,2025-12-30,present
A004070,S0253,G023,2025-12-30,present
A004071,S0271,G023,2025-12-30,present
A004072,S0175,G023,2026-01-01,present
A004073,S0184,G023,2026-01-01,present
A004074,S0192,G023,2026-01-01,absent
A004075,S0253,G023,2026-01-01,present
A004076,S0271,G023,2026-01-01,present
A004077,S0175,G023,2026-01-03,present
A004078,S0184,G023,2026-01-03,present
A004079,S0192,G023,2026-01-03,absent
A004080,S0253,G023,2026-01-03,present
A004081,S0271,G023,2026-01-03,present
A004082,S0175,G023,2026-01-05,present
A004083,S0184,G023,2026-01-05,late
A004084,S0192,G023,2026-01-05,present
A004085,S0253,G023,2026-01-05,present
A004086,S0271,G023,2026-01-05,present
A004087,S0175,G023,2026-01-07,late
A004088,S0184,G023,2026-01-07,present
A004089,S0192,G023,2026-01-07,present
A004090,S0253,G023,2026-01-07,present
A004091,S0271,G023,2026-01-07,present
A004092,S0175,G023,2026-01-09,absent
A004093,S0184,G023,2026-01-09,absent
A004094,S0192,G023,2026-01-09,present
A004095,S0253,G023,2026-01-09,present
A004096,S0271,G023,2026-01-09,absent
A004097,S0037,G023,2026-01-13,absent
A004098,S0140,G023,2026-01-13,present
A004099,S0175,G023,2026-01-13,present
A004100,S0184,G023,2026-01-13,present
A004101,S0192,G023,2026-01-13,present
A004102,S0253,G023,2026-01-13,late
A004103,S0271,G023,2026-01-13,present
A004104,S0037,G023,2026-01-15,present
A004105,S0140,G023,2026-01-15,present
A004106,S0175,G023,2026-01-15,present
A004107,S0184,G023,2026-01-15,present
A004108,S0192,G023,2026-01-15,excused
A004109,S0253,G023,2026-01-15,present
A004110,S0271,G023,2026-01-15,present
A004111,S0037,G023,2026-01-17,absent
A004112,S0140,G023,2026-01-17,present
A004113,S0175,G023,2026-01-17,present
A004114,S0184,G023,2026-01-17,present
A004115,S0192,G023,2026-01-17,present
A004116,S0253,G023,2026-01-17,present
A004117,S0271,G023,2026-01-17,present
A004118,S0037,G023,2026-01-19,late
A004119,S0140,G023,2026-01-19,absent
A004120,S0175,G023,2026-01-19,present
A004121,S0184,G023,2026-01-19,present
A004122,S0192,G023,2026-01-19,present
A004123,S0253,G023,2026-01-19,present
A004124,S0271,G023,2026-01-19,present
A004125,S0037,G023,2026-01-21,present
A004126,S0140,G023,2026-01-21,present
A004127,S0175,G023,2026-01-21,late
A004128,S0184,G023,2026-01-21,present
A004129,S0192,G023,2026-01-21,present
A004130,S0253,G023,2026-01-21,late
A004131,S0271,G023,2026-01-21,late
A004132,S0037,G023,2026-01-23,present
A004133,S0140,G023,2026-01-23,present
A004134,S0175,G023,2026-01-23,absent
A004135,S0184,G023,2026-01-23,present
A004136,S0192,G023,2026-01-23,present
A004137,S0253,G023,2026-01-23,present
A004138,S0271,G023,2026-01-23,present
A004139,S0037,G023,2026-01-27,late
A004140,S0136,G023,2026-01-27,excused
A004141,S0140,G023,2026-01-27,present
A004142,S0175,G023,2026-01-27,present
A004143,S0184,G023,2026-01-27,late
A004144,S0192,G023,2026-01-27,present
A004145,S0253,G023,2026-01-27,present
A004146,S0271,G023,2026-01-27,present
A004147,S0037,G023,2026-01-29,present
A004148,S0136,G023,2026-01-29,present
A004149,S0140,G023,2026-01-29,present
A004150,S0175,G023,2026-01-29,absent
A004151,S0184,G023,2026-01-29,excused
A004152,S0192,G023,2026-01-29,present
A004153,S0253,G023,2026-01-29,present
A004154,S0271,G023,2026-01-29,present
A004155,S0037,G023,2026-01-31,present
A004156,S0136,G023,2026-01-31,present
A004157,S0140,G023,2026-01-31,present
A004158,S0175,G023,2026-01-31,present
A004159,S0184,G023,2026-01-31,absent
A004160,S0192,G023,2026-01-31,absent
A004161,S0253,G023,2026-01-31,absent
A004162,S0271,G023,2026-01-31,present
A004163,S0037,G023,2026-02-02,present
A004164,S0136,G023,2026-02-02,present
A004165,S0140,G023,2026-02-02,present
A004166,S0175,G023,2026-02-02,present
A004167,S0184,G023,2026-02-02,absent
A004168,S0192,G023,2026-02-02,absent
A004169,S0253,G023,2026-02-02,present
A004170,S0271,G023,2026-02-02,present
A004171,S0037,G023,2026-02-04,present
A004172,S0125,G023,2026-02-04,present
A004173,S0136,G023,2026-02-04,present
A004174,S0140,G023,2026-02-04,absent
A004175,S0175,G023,2026-02-04,late
A004176,S0184,G023,2026-02-04,present
A004177,S0192,G023,2026-02-04,absent
A004178,S0253,G023,2026-02-04,present
A004179,S0271,G023,2026-02-04,present
A004180,S0037,G023,2026-02-06,present
A004181,S0103,G023,2026-02-06,present
A004182,S0125,G023,2026-02-06,present
A004183,S0136,G023,2026-02-06,present
A004184,S0140,G023,2026-02-06,present
A004185,S0175,G023,2026-02-06,present
A004186,S0184,G023,2026-02-06,present
A004187,S0192,G023,2026-02-06,late
A004188,S0253,G023,2026-02-06,present
A004189,S0271,G023,2026-02-06,present
A004190,S0037,G023,2026-02-10,present
A004191,S0103,G023,2026-02-10,present
A004192,S0125,G023,2026-02-10,present
A004193,S0136,G023,2026-02-10,present
A004194,S0140,G023,2026-02-10,present
A004195,S0175,G023,2026-02-10,late
A004196,S0184,G023,2026-02-10,present
A004197,S0192,G023,2026-02-10,present
A004198,S0253,G023,2026-02-10,present
A004199,S0271,G023,2026-02-10,present
A004200,S0037,G023,2026-02-12,absent
A004201,S0103,G023,2026-02-12,present
A004202,S0125,G023,2026-02-12,present
A004203,S0136,G023,2026-02-12,absent
A004204,S0140,G023,2026-02-12,present
A004205,S0175,G023,2026-02-12,present
A004206,S0184,G023,2026-02-12,present
A004207,S0192,G023,2026-02-12,late
A004208,S0253,G023,2026-02-12,present
A004209,S0271,G023,2026-02-12,present
A004210,S0037,G023,2026-02-14,present
A004211,S0103,G023,2026-02-14,present
A004212,S0125,G023,2026-02-14,present
A004213,S0136,G023,2026-02-14,late
A004214,S0140,G023,2026-02-14,present
A004215,S0175,G023,2026-02-14,absent
A004216,S0184,G023,2026-02-14,present
A004217,S0192,G023,2026-02-14,present
A004218,S0253,G023,2026-02-14,present
A004219,S0271,G023,2026-02-14,present
A004220,S0037,G023,2026-02-16,present
A004221,S0103,G023,2026-02-16,present
A004222,S0125,G023,2026-02-16,present
A004223,S0136,G023,2026-02-16,absent
A004224,S0140,G023,2026-02-16,present
A004225,S0175,G023,2026-02-16,present
A004226,S0184,G023,2026-02-16,present
A004227,S0192,G023,2026-02-16,present
A004228,S0253,G023,2026-02-16,present
A004229,S0271,G023,2026-02-16,present
A004230,S0037,G023,2026-02-18,present
A004231,S0103,G023,2026-02-18,present
A004232,S0125,G023,2026-02-18,present
A004233,S0136,G023,2026-02-18,present
A004234,S0140,G023,2026-02-18,late
A004235,S0175,G023,2026-02-18,present
A004236,S0184,G023,2026-02-18,present
A004237,S0192,G023,2026-02-18,present
A004238,S0253,G023,2026-02-18,present
A004239,S0271,G023,2026-02-18,present
A004240,S0037,G023,2026-02-20,present
A004241,S0103,G023,2026-02-20,present
A004242,S0125,G023,2026-02-20,absent
A004243,S0136,G023,2026-02-20,present
A004244,S0140,G023,2026-02-20,present
A004245,S0175,G023,2026-02-20,present
A004246,S0184,G023,2026-02-20,absent
A004247,S0192,G023,2026-02-20,absent
A004248,S0253,G023,2026-02-20,present
A004249,S0271,G023,2026-02-20,present
A004250,S0037,G023,2026-02-24,excused
A004251,S0039,G023,2026-02-24,present
A004252,S0103,G023,2026-02-24,present
A004253,S0125,G023,2026-02-24,present
A004254,S0136,G023,2026-02-24,absent
A004255,S0140,G023,2026-02-24,present
A004256,S0175,G023,2026-02-24,present
A004257,S0184,G023,2026-02-24,present
A004258,S0192,G023,2026-02-24,present
A004259,S0253,G023,2026-02-24,present
A004260,S0271,G023,2026-02-24,present
A004261,S0037,G023,2026-02-26,absent
A004262,S0039,G023,2026-02-26,present
A004263,S0103,G023,2026-02-26,present
A004264,S0125,G023,2026-02-26,absent
A004265,S0136,G023,2026-02-26,present
A004266,S0140,G023,2026-02-26,present
A004267,S0175,G023,2026-02-26,present
A004268,S0184,G023,2026-02-26,late
A004269,S0192,G023,2026-02-26,present
A004270,S0253,G023,2026-02-26,present
A004271,S0271,G023,2026-02-26,present
A004272,S0037,G023,2026-02-28,present
A004273,S0039,G023,2026-02-28,present
A004274,S0103,G023,2026-02-28,present
A004275,S0125,G023,2026-02-28,present
A004276,S0129,G023,2026-02-28,present
A004277,S0136,G023,2026-02-28,present
A004278,S0140,G023,2026-02-28,present
A004279,S0175,G023,2026-02-28,present
A004280,S0184,G023,2026-02-28,present
A004281,S0192,G023,2026-02-28,present
A004282,S0253,G023,2026-02-28,present
A004283,S0271,G023,2026-02-28,present
A004284,S0037,G023,2026-03-02,present
A004285,S0039,G023,2026-03-02,absent
A004286,S0103,G023,2026-03-02,present
A004287,S0125,G023,2026-03-02,late
A004288,S0129,G023,2026-03-02,late
A004289,S0136,G023,2026-03-02,excused
A004290,S0140,G023,2026-03-02,present
A004291,S0175,G023,2026-03-02,present
A004292,S0184,G023,2026-03-02,present
A004293,S0192,G023,2026-03-02,present
A004294,S0253,G023,2026-03-02,present
A004295,S0271,G023,2026-03-02,present
A004296,S0037,G023,2026-03-04,present
A004297,S0039,G023,2026-03-04,present
A004298,S0103,G023,2026-03-04,absent
A004299,S0125,G023,2026-03-04,present
A004300,S0129,G023,2026-03-04,present
A004301,S0136,G023,2026-03-04,present
A004302,S0140,G023,2026-03-04,present
A004303,S0175,G023,2026-03-04,absent
A004304,S0184,G023,2026-03-04,present
A004305,S0192,G023,2026-03-04,present
A004306,S0253,G023,2026-03-04,present
A004307,S0271,G023,2026-03-04,present
A004308,S0037,G023,2026-03-06,present
A004309,S0039,G023,2026-03-06,excused
A004310,S0103,G023,2026-03-06,present
A004311,S0125,G023,2026-03-06,absent
A004312,S0129,G023,2026-03-06,absent
A004313,S0136,G023,2026-03-06,present
A004314,S0140,G023,2026-03-06,present
A004315,S0175,G023,2026-03-06,present
A004316,S0184,G023,2026-03-06,present
A004317,S0192,G023,2026-03-06,present
A004318,S0253,G023,2026-03-06,absent
A004319,S0271,G023,2026-03-06,present
A004320,S0037,G023,2026-03-10,present
A004321,S0039,G023,2026-03-10,present
A004322,S0103,G023,2026-03-10,present
A004323,S0125,G023,2026-03-10,present
A004324,S0129,G023,2026-03-10,present
A004325,S0136,G023,2026-03-10,late
A004326,S0140,G023,2026-03-10,present
A004327,S0175,G023,2026-03-10,present
A004328,S0184,G023,2026-03-10,present
A004329,S0192,G023,2026-03-10,present
A004330,S0253,G023,2026-03-10,present
A004331,S0271,G023,2026-03-10,present
A004332,S0037,G023,2026-03-12,present
A004333,S0039,G023,2026-03-12,absent
A004334,S0103,G023,2026-03-12,absent
A004335,S0125,G023,2026-03-12,present
A004336,S0129,G023,2026-03-12,present
A004337,S0136,G023,2026-03-12,present
A004338,S0140,G023,2026-03-12,present
A004339,S0175,G023,2026-03-12,present
A004340,S0184,G023,2026-03-12,present
A004341,S0192,G023,2026-03-12,present
A004342,S0253,G023,2026-03-12,present
A004343,S0271,G023,2026-03-12,present
A004344,S0037,G023,2026-03-14,present
A004345,S0039,G023,2026-03-14,present
A004346,S0103,G023,2026-03-14,present
A004347,S0125,G023,2026-03-14,present
A004348,S0129,G023,2026-03-14,excused
A004349,S0136,G023,2026-03-14,present
A004350,S0140,G023,2026-03-14,present
A004351,S0175,G023,2026-03-14,present
A004352,S0184,G023,2026-03-14,absent
A004353,S0192,G023,2026-03-14,present
A004354,S0253,G023,2026-03-14,present
A004355,S0271,G023,2026-03-14,present
A004356,S0037,G023,2026-03-16,present
A004357,S0039,G023,2026-03-16,present
A004358,S0103,G023,2026-03-16,excused
A004359,S0125,G023,2026-03-16,present
A004360,S0129,G023,2026-03-16,present
A004361,S0136,G023,2026-03-16,present
A004362,S0140,G023,2026-03-16,absent
A004363,S0175,G023,2026-03-16,absent
A004364,S0184,G023,2026-03-16,present
A004365,S0192,G023,2026-03-16,present
A004366,S0253,G023,2026-03-16,absent
A004367,S0271,G023,2026-03-16,late
A004368,S0037,G023,2026-03-18,absent
A004369,S0039,G023,2026-03-18,present
A004370,S0103,G023,2026-03-18,present
A004371,S0125,G023,2026-03-18,late
A004372,S0129,G023,2026-03-18,present
A004373,S0136,G023,2026-03-18,present
A004374,S0140,G023,2026-03-18,present
A004375,S0175,G023,2026-03-18,present
A004376,S0184,G023,2026-03-18,present
A004377,S0192,G023,2026-03-18,present
A004378,S0253,G023,2026-03-18,present
A004379,S0271,G023,2026-03-18,present
A004380,S0037,G023,2026-03-20,absent
A004381,S0039,G023,2026-03-20,absent
A004382,S0103,G023,2026-03-20,present
A004383,S0125,G023,2026-03-20,present
A004384,S0129,G023,2026-03-20,present
A004385,S0136,G023,2026-03-20,present
A004386,S0140,G023,2026-03-20,present
A004387,S0175,G023,2026-03-20,present
A004388,S0184,G023,2026-03-20,present
A004389,S0192,G023,2026-03-20,absent
A004390,S0253,G023,2026-03-20,absent
A004391,S0271,G023,2026-03-20,present
A004392,S0037,G023,2026-03-24,present
A004393,S0039,G023,2026-03-24,present
A004394,S0103,G023,2026-03-24,late
A004395,S0125,G023,2026-03-24,present
A004396,S0129,G023,2026-03-24,present
A004397,S0136,G023,2026-03-24,present
A004398,S0140,G023,2026-03-24,present
A004399,S0175,G023,2026-03-24,present
A004400,S0178,G023,2026-03-24,present
A004401,S0184,G023,2026-03-24,present
A004402,S0192,G023,2026-03-24,present
A004403,S0253,G023,2026-03-24,present
A004404,S0271,G023,2026-03-24,absent
A004405,S0037,G023,2026-03-26,present
A004406,S0039,G023,2026-03-26,present
A004407,S0103,G023,2026-03-26,present
A004408,S0125,G023,2026-03-26,present
A004409,S0129,G023,2026-03-26,present
A004410,S0136,G023,2026-03-26,present
A004411,S0140,G023,2026-03-26,present
A004412,S0175,G023,2026-03-26,absent
A004413,S0178,G023,2026-03-26,present
A004414,S0184,G023,2026-03-26,present
A004415,S0192,G023,2026-03-26,present
A004416,S0253,G023,2026-03-26,present
A004417,S0271,G023,2026-03-26,present
A004418,S0037,G023,2026-03-28,present
A004419,S0039,G023,2026-03-28,absent
A004420,S0103,G023,2026-03-28,present
A004421,S0125,G023,2026-03-28,present
A004422,S0129,G023,2026-03-28,late
A004423,S0136,G023,2026-03-28,absent
A004424,S0140,G023,2026-03-28,present
A004425,S0175,G023,2026-03-28,present
A004426,S0178,G023,2026-03-28,present
A004427,S0184,G023,2026-03-28,present
A004428,S0192,G023,2026-03-28,present
A004429,S0253,G023,2026-03-28,present
A004430,S0265,G023,2026-03-28,present
A004431,S0271,G023,2026-03-28,present
A004432,S0037,G023,2026-03-30,present
A004433,S0039,G023,2026-03-30,present
A004434,S0103,G023,2026-03-30,present
A004435,S0125,G023,2026-03-30,present
A004436,S0129,G023,2026-03-30,absent
A004437,S0136,G023,2026-03-30,late
A004438,S0140,G023,2026-03-30,present
A004439,S0175,G023,2026-03-30,present
A004440,S0178,G023,2026-03-30,late
A004441,S0184,G023,2026-03-30,absent
A004442,S0192,G023,2026-03-30,absent
A004443,S0253,G023,2026-03-30,present
A004444,S0265,G023,2026-03-30,present
A004445,S0271,G023,2026-03-30,excused
A004446,S0037,G023,2026-04-01,present
A004447,S0039,G023,2026-04-01,present
A004448,S0103,G023,2026-04-01,present
A004449,S0125,G023,2026-04-01,present
A004450,S0129,G023,2026-04-01,present
A004451,S0136,G023,2026-04-01,late
A004452,S0140,G023,2026-04-01,present
A004453,S0175,G023,2026-04-01,present
A004454,S0178,G023,2026-04-01,present
A004455,S0184,G023,2026-04-01,present
A004456,S0192,G023,2026-04-01,present
A004457,S0253,G023,2026-04-01,present
A004458,S0265,G023,2026-04-01,present
A004459,S0271,G023,2026-04-01,present
A004460,S0037,G023,2026-04-03,present
A004461,S0039,G023,2026-04-03,excused
A004462,S0103,G023,2026-04-03,present
A004463,S0125,G023,2026-04-03,late
A004464,S0129,G023,2026-04-03,present
A004465,S0136,G023,2026-04-03,present
A004466,S0140,G023,2026-04-03,present
A004467,S0175,G023,2026-04-03,late
A004468,S0178,G023,2026-04-03,present
A004469,S0184,G023,2026-04-03,present
A004470,S0192,G023,2026-04-03,present
A004471,S0253,G023,2026-04-03,present
A004472,S0265,G023,2026-04-03,present
A004473,S0271,G023,2026-04-03,present
A004474,S0032,G023,2026-04-07,present
A004475,S0037,G023,2026-04-07,late
A004476,S0039,G023,2026-04-07,late
A004477,S0103,G023,2026-04-07,excused
A004478,S0125,G023,2026-04-07,present
A004479,S0129,G023,2026-04-07,present
A004480,S0136,G023,2026-04-07,present
A004481,S0140,G023,2026-04-07,absent
A004482,S0175,G023,2026-04-07,present
A004483,S0178,G023,2026-04-07,present
A004484,S0184,G023,2026-04-07,present
A004485,S0192,G023,2026-04-07,present
A004486,S0253,G023,2026-04-07,present
A004487,S0265,G023,2026-04-07,present
A004488,S0271,G023,2026-04-07,present
A004489,S0275,G023,2026-04-07,present
A004490,S0032,G023,2026-04-09,present
A004491,S0037,G023,2026-04-09,present
A004492,S0039,G023,2026-04-09,excused
A004493,S0103,G023,2026-04-09,excused
A004494,S0125,G023,2026-04-09,present
A004495,S0129,G023,2026-04-09,absent
A004496,S0136,G023,2026-04-09,present
A004497,S0140,G023,2026-04-09,present
A004498,S0175,G023,2026-04-09,present
A004499,S0178,G023,2026-04-09,present
A004500,S0184,G023,2026-04-09,present
A004501,S0192,G023,2026-04-09,present
A004502,S0253,G023,2026-04-09,late
A004503,S0265,G023,2026-04-09,present
A004504,S0271,G023,2026-04-09,present
A004505,S0275,G023,2026-04-09,absent
A004506,S0032,G023,2026-04-11,absent
A004507,S0037,G023,2026-04-11,present
A004508,S0039,G023,2026-04-11,present
A004509,S0103,G023,2026-04-11,present
A004510,S0125,G023,2026-04-11,present
A004511,S0129,G023,2026-04-11,present
A004512,S0136,G023,2026-04-11,present
A004513,S0140,G023,2026-04-11,absent
A004514,S0175,G023,2026-04-11,present
A004515,S0178,G023,2026-04-11,excused
A004516,S0184,G023,2026-04-11,present
A004517,S0192,G023,2026-04-11,absent
A004518,S0253,G023,2026-04-11,present
A004519,S0265,G023,2026-04-11,present
A004520,S0271,G023,2026-04-11,absent
A004521,S0275,G023,2026-04-11,present
A004522,S0032,G023,2026-04-13,present
A004523,S0037,G023,2026-04-13,excused
A004524,S0039,G023,2026-04-13,excused
A004525,S0103,G023,2026-04-13,present
A004526,S0125,G023,2026-04-13,present
A004527,S0129,G023,2026-04-13,present
A004528,S0136,G023,2026-04-13,present
A004529,S0140,G023,2026-04-13,present
A004530,S0175,G023,2026-04-13,present
A004531,S0178,G023,2026-04-13,present
A004532,S0184,G023,2026-04-13,late
A004533,S0192,G023,2026-04-13,present
A004534,S0253,G023,2026-04-13,present
A004535,S0265,G023,2026-04-13,late
A004536,S0271,G023,2026-04-13,present
A004537,S0275,G023,2026-04-13,present
A004538,S0288,G023,2026-04-13,late
A004539,S0032,G023,2026-04-15,excused
A004540,S0037,G023,2026-04-15,present
A004541,S0039,G023,2026-04-15,present
A004542,S0103,G023,2026-04-15,present
A004543,S0125,G023,2026-04-15,present
A004544,S0129,G023,2026-04-15,present
A004545,S0136,G023,2026-04-15,present
A004546,S0140,G023,2026-04-15,present
A004547,S0166,G023,2026-04-15,present
A004548,S0175,G023,2026-04-15,late
A004549,S0178,G023,2026-04-15,present
A004550,S0184,G023,2026-04-15,present
A004551,S0192,G023,2026-04-15,absent
A004552,S0253,G023,2026-04-15,present
A004553,S0265,G023,2026-04-15,present
A004554,S0271,G023,2026-04-15,absent
A004555,S0275,G023,2026-04-15,absent
A004556,S0288,G023,2026-04-15,present
A004557,S0032,G023,2026-04-17,present
A004558,S0037,G023,2026-04-17,present
A004559,S0039,G023,2026-04-17,present
A004560,S0103,G023,2026-04-17,present
A004561,S0125,G023,2026-04-17,excused
A004562,S0129,G023,2026-04-17,present
A004563,S0136,G023,2026-04-17,present
A004564,S0140,G023,2026-04-17,present
A004565,S0166,G023,2026-04-17,present
A004566,S0175,G023,2026-04-17,present
A004567,S0178,G023,2026-04-17,present
A004568,S0184,G023,2026-04-17,late
A004569,S0192,G023,2026-04-17,present
A004570,S0253,G023,2026-04-17,excused
A004571,S0265,G023,2026-04-17,present
A004572,S0271,G023,2026-04-17,present
A004573,S0275,G023,2026-04-17,present
A004574,S0288,G023,2026-04-17,late
A004575,S0032,G023,2026-04-21,absent
A004576,S0037,G023,2026-04-21,present
A004577,S0039,G023,2026-04-21,present
A004578,S0103,G023,2026-04-21,present
A004579,S0125,G023,2026-04-21,present
A004580,S0129,G023,2026-04-21,present
A004581,S0136,G023,2026-04-21,present
A004582,S0140,G023,2026-04-21,present
A004583,S0166,G023,2026-04-21,present
A004584,S0175,G023,2026-04-21,present
A004585,S0178,G023,2026-04-21,present
A004586,S0184,G023,2026-04-21,absent
A004587,S0192,G023,2026-04-21,present
A004588,S0253,G023,2026-04-21,late
A004589,S0265,G023,2026-04-21,absent
A004590,S0271,G023,2026-04-21,present
A004591,S0275,G023,2026-04-21,present
A004592,S0288,G023,2026-04-21,present
A004593,S0032,G023,2026-04-23,present
A004594,S0037,G023,2026-04-23,excused
A004595,S0039,G023,2026-04-23,present
A004596,S0103,G023,2026-04-23,present
A004597,S0125,G023,2026-04-23,absent
A004598,S0129,G023,2026-04-23,late
A004599,S0136,G023,2026-04-23,present
A004600,S0140,G023,2026-04-23,present
A004601,S0166,G023,2026-04-23,absent
A004602,S0175,G023,2026-04-23,present
A004603,S0178,G023,2026-04-23,absent
A004604,S0184,G023,2026-04-23,late
A004605,S0192,G023,2026-04-23,present
A004606,S0253,G023,2026-04-23,present
A004607,S0265,G023,2026-04-23,late
A004608,S0271,G023,2026-04-23,present
A004609,S0275,G023,2026-04-23,present
A004610,S0288,G023,2026-04-23,present
A004611,S0032,G023,2026-04-25,present
A004612,S0037,G023,2026-04-25,present
A004613,S0039,G023,2026-04-25,present
A004614,S0103,G023,2026-04-25,present
A004615,S0125,G023,2026-04-25,present
A004616,S0129,G023,2026-04-25,present
A004617,S0136,G023,2026-04-25,present
A004618,S0140,G023,2026-04-25,absent
A004619,S0166,G023,2026-04-25,present
A004620,S0175,G023,2026-04-25,absent
A004621,S0178,G023,2026-04-25,present
A004622,S0184,G023,2026-04-25,present
A004623,S0192,G023,2026-04-25,present
A004624,S0253,G023,2026-04-25,absent
A004625,S0265,G023,2026-04-25,present
A004626,S0271,G023,2026-04-25,absent
A004627,S0275,G023,2026-04-25,present
A004628,S0288,G023,2026-04-25,late
A004629,S0032,G023,2026-04-27,absent
A004630,S0037,G023,2026-04-27,late
A004631,S0039,G023,2026-04-27,present
A004632,S0094,G023,2026-04-27,present
A004633,S0103,G023,2026-04-27,present
A004634,S0125,G023,2026-04-27,present
A004635,S0129,G023,2026-04-27,present
A004636,S0136,G023,2026-04-27,present
A004637,S0140,G023,2026-04-27,present
A004638,S0166,G023,2026-04-27,present
A004639,S0175,G023,2026-04-27,present
A004640,S0178,G023,2026-04-27,present
A004641,S0184,G023,2026-04-27,late
A004642,S0192,G023,2026-04-27,present
A004643,S0253,G023,2026-04-27,present
A004644,S0265,G023,2026-04-27,present
A004645,S0271,G023,2026-04-27,present
A004646,S0275,G023,2026-04-27,present
A004647,S0288,G023,2026-04-27,present
A004648,S0032,G023,2026-04-29,present
A004649,S0037,G023,2026-04-29,present
A004650,S0039,G023,2026-04-29,present
A004651,S0094,G023,2026-04-29,absent
A004652,S0103,G023,2026-04-29,present
A004653,S0125,G023,2026-04-29,present
A004654,S0129,G023,2026-04-29,present
A004655,S0136,G023,2026-04-29,present
A004656,S0140,G023,2026-04-29,present
A004657,S0166,G023,2026-04-29,absent
A004658,S0175,G023,2026-04-29,present
A004659,S0178,G023,2026-04-29,present
A004660,S0184,G023,2026-04-29,absent
A004661,S0192,G023,2026-04-29,present
A004662,S0253,G023,2026-04-29,present
A004663,S0265,G023,2026-04-29,late
A004664,S0271,G023,2026-04-29,present
A004665,S0275,G023,2026-04-29,absent
A004666,S0288,G023,2026-04-29,present
A004667,S0032,G023,2026-05-01,excused
A004668,S0037,G023,2026-05-01,absent
A004669,S0039,G023,2026-05-01,present
A004670,S0094,G023,2026-05-01,excused
A004671,S0103,G023,2026-05-01,present
A004672,S0125,G023,2026-05-01,absent
A004673,S0129,G023,2026-05-01,present
A004674,S0136,G023,2026-05-01,present
A004675,S0140,G023,2026-05-01,present
A004676,S0166,G023,2026-05-01,present
A004677,S0175,G023,2026-05-01,present
A004678,S0178,G023,2026-05-01,present
A004679,S0184,G023,2026-05-01,present
A004680,S0192,G023,2026-05-01,absent
A004681,S0253,G023,2026-05-01,late
A004682,S0265,G023,2026-05-01,present
A004683,S0271,G023,2026-05-01,present
A004684,S0275,G023,2026-05-01,present
A004685,S0288,G023,2026-05-01,excused
A004686,S0032,G023,2026-05-05,absent
A004687,S0037,G023,2026-05-05,late
A004688,S0039,G023,2026-05-05,present
A004689,S0094,G023,2026-05-05,present
A004690,S0103,G023,2026-05-05,present
A004691,S0125,G023,2026-05-05,present
A004692,S0129,G023,2026-05-05,present
A004693,S0136,G023,2026-05-05,present
A004694,S0140,G023,2026-05-05,present
A004695,S0166,G023,2026-05-05,present
A004696,S0175,G023,2026-05-05,present
A004697,S0178,G023,2026-05-05,present
A004698,S0184,G023,2026-05-05,present
A004699,S0192,G023,2026-05-05,present
A004700,S0253,G023,2026-05-05,present
A004701,S0265,G023,2026-05-05,present
A004702,S0271,G023,2026-05-05,present
A004703,S0275,G023,2026-05-05,present
A004704,S0288,G023,2026-05-05,present
A004705,S0032,G023,2026-05-07,present
A004706,S0037,G023,2026-05-07,present
A004707,S0039,G023,2026-05-07,present
A004708,S0094,G023,2026-05-07,absent
A004709,S0103,G023,2026-05-07,present
A004710,S0125,G023,2026-05-07,present
A004711,S0129,G023,2026-05-07,present
A004712,S0136,G023,2026-05-07,present
A004713,S0140,G023,2026-05-07,present
A004714,S0166,G023,2026-05-07,present
A004715,S0175,G023,2026-05-07,present
A004716,S0178,G023,2026-05-07,present
A004717,S0184,G023,2026-05-07,late
A004718,S0192,G023,2026-05-07,late
A004719,S0253,G023,2026-05-07,present
A004720,S0265,G023,2026-05-07,present
A004721,S0271,G023,2026-05-07,present
A004722,S0275,G023,2026-05-07,present
A004723,S0288,G023,2026-05-07,present
A004724,S0032,G023,2026-05-09,present
A004725,S0037,G023,2026-05-09,excused
A004726,S0039,G023,2026-05-09,present
A004727,S0094,G023,2026-05-09,late
A004728,S0103,G023,2026-05-09,excused
A004729,S0125,G023,2026-05-09,present
A004730,S0129,G023,2026-05-09,present
A004731,S0136,G023,2026-05-09,present
A004732,S0140,G023,2026-05-09,present
A004733,S0166,G023,2026-05-09,late
A004734,S0175,G023,2026-05-09,excused
A004735,S0178,G023,2026-05-09,present
A004736,S0184,G023,2026-05-09,present
A004737,S0192,G023,2026-05-09,absent
A004738,S0253,G023,2026-05-09,present
A004739,S0265,G023,2026-05-09,present
A004740,S0271,G023,2026-05-09,present
A004741,S0275,G023,2026-05-09,present
A004742,S0288,G023,2026-05-09,present
A004743,S0032,G023,2026-05-11,present
A004744,S0037,G023,2026-05-11,present
A004745,S0039,G023,2026-05-11,present
A004746,S0094,G023,2026-05-11,present
A004747,S0103,G023,2026-05-11,absent
A004748,S0125,G023,2026-05-11,present
A004749,S0129,G023,2026-05-11,late
A004750,S0136,G023,2026-05-11,present
A004751,S0140,G023,2026-05-11,present
A004752,S0166,G023,2026-05-11,present
A004753,S0175,G023,2026-05-11,absent
A004754,S0178,G023,2026-05-11,present
A004755,S0184,G023,2026-05-11,present
A004756,S0192,G023,2026-05-11,excused
A004757,S0253,G023,2026-05-11,present
A004758,S0265,G023,2026-05-11,present
A004759,S0271,G023,2026-05-11,present
A004760,S0275,G023,2026-05-11,present
A004761,S0288,G023,2026-05-11,present
A004762,S0032,G023,2026-05-13,absent
A004763,S0037,G023,2026-05-13,late
A004764,S0039,G023,2026-05-13,present
A004765,S0094,G023,2026-05-13,absent
A004766,S0103,G023,2026-05-13,absent
A004767,S0125,G023,2026-05-13,present
A004768,S0129,G023,2026-05-13,absent
A004769,S0136,G023,2026-05-13,present
A004770,S0140,G023,2026-05-13,present
A004771,S0166,G023,2026-05-13,excused
A004772,S0175,G023,2026-05-13,present
A004773,S0178,G023,2026-05-13,present
A004774,S0184,G023,2026-05-13,present
A004775,S0192,G023,2026-05-13,present
A004776,S0253,G023,2026-05-13,present
A004777,S0265,G023,2026-05-13,present
A004778,S0271,G023,2026-05-13,present
A004779,S0275,G023,2026-05-13,present
A004780,S0288,G023,2026-05-13,present
A004781,S0168,G024,2025-12-29,present
A004782,S0168,G024,2025-12-31,late
A004783,S0168,G024,2026-01-02,present
A004784,S0168,G024,2026-01-06,present
A004785,S0168,G024,2026-01-08,excused
A004786,S0247,G024,2026-01-08,present
A004787,S0168,G024,2026-01-10,present
A004788,S0247,G024,2026-01-10,present
A004789,S0168,G024,2026-01-12,late
A004790,S0247,G024,2026-01-12,present
A004791,S0168,G024,2026-01-14,late
A004792,S0247,G024,2026-01-14,excused
A004793,S0168,G024,2026-01-16,late
A004794,S0247,G024,2026-01-16,absent
A004795,S0168,G024,2026-01-20,present
A004796,S0247,G024,2026-01-20,late
A004797,S0168,G024,2026-01-22,present
A004798,S0247,G024,2026-01-22,absent
A004799,S0168,G024,2026-01-24,present
A004800,S0247,G024,2026-01-24,present
A004801,S0168,G024,2026-01-26,present
A004802,S0247,G024,2026-01-26,excused
A004803,S0168,G024,2026-01-28,present
A004804,S0247,G024,2026-01-28,present
A004805,S0168,G024,2026-01-30,present
A004806,S0247,G024,2026-01-30,present
A004807,S0168,G024,2026-02-03,present
A004808,S0247,G024,2026-02-03,present
A004809,S0168,G024,2026-02-05,present
A004810,S0247,G024,2026-02-05,late
A004811,S0168,G024,2026-02-07,late
A004812,S0247,G024,2026-02-07,present
A004813,S0168,G024,2026-02-09,present
A004814,S0247,G024,2026-02-09,present
A004815,S0168,G024,2026-02-11,present
A004816,S0247,G024,2026-02-11,present
A004817,S0168,G024,2026-02-13,absent
A004818,S0247,G024,2026-02-13,present
A004819,S0168,G024,2026-02-17,absent
A004820,S0247,G024,2026-02-17,present
A004821,S0168,G024,2026-02-19,excused
A004822,S0247,G024,2026-02-19,present
A004823,S0168,G024,2026-02-21,absent
A004824,S0247,G024,2026-02-21,present
A004825,S0168,G024,2026-02-23,present
A004826,S0247,G024,2026-02-23,present
A004827,S0168,G024,2026-02-25,present
A004828,S0247,G024,2026-02-25,late
A004829,S0168,G024,2026-02-27,absent
A004830,S0247,G024,2026-02-27,present
A004831,S0168,G024,2026-03-03,present
A004832,S0173,G024,2026-03-03,excused
A004833,S0247,G024,2026-03-03,present
A004834,S0089,G024,2026-03-05,present
A004835,S0168,G024,2026-03-05,present
A004836,S0173,G024,2026-03-05,absent
A004837,S0247,G024,2026-03-05,present
A004838,S0089,G024,2026-03-07,present
A004839,S0168,G024,2026-03-07,present
A004840,S0173,G024,2026-03-07,present
A004841,S0247,G024,2026-03-07,present
A004842,S0089,G024,2026-03-09,late
A004843,S0168,G024,2026-03-09,absent
A004844,S0173,G024,2026-03-09,late
A004845,S0247,G024,2026-03-09,present
A004846,S0089,G024,2026-03-11,present
A004847,S0168,G024,2026-03-11,present
A004848,S0173,G024,2026-03-11,late
A004849,S0247,G024,2026-03-11,present
A004850,S0089,G024,2026-03-13,present
A004851,S0168,G024,2026-03-13,present
A004852,S0173,G024,2026-03-13,present
A004853,S0235,G024,2026-03-13,late
A004854,S0247,G024,2026-03-13,present
A004855,S0089,G024,2026-03-17,present
A004856,S0168,G024,2026-03-17,present
A004857,S0173,G024,2026-03-17,present
A004858,S0235,G024,2026-03-17,late
A004859,S0247,G024,2026-03-17,absent
A004860,S0089,G024,2026-03-19,late
A004861,S0168,G024,2026-03-19,present
A004862,S0173,G024,2026-03-19,present
A004863,S0235,G024,2026-03-19,present
A004864,S0247,G024,2026-03-19,present
A004865,S0089,G024,2026-03-21,present
A004866,S0168,G024,2026-03-21,present
A004867,S0173,G024,2026-03-21,present
A004868,S0235,G024,2026-03-21,present
A004869,S0247,G024,2026-03-21,absent
A004870,S0089,G024,2026-03-23,present
A004871,S0168,G024,2026-03-23,present
A004872,S0173,G024,2026-03-23,present
A004873,S0235,G024,2026-03-23,present
A004874,S0247,G024,2026-03-23,late
A004875,S0089,G024,2026-03-25,present
A004876,S0168,G024,2026-03-25,present
A004877,S0173,G024,2026-03-25,present
A004878,S0235,G024,2026-03-25,present
A004879,S0247,G024,2026-03-25,present
A004880,S0089,G024,2026-03-27,present
A004881,S0168,G024,2026-03-27,present
A004882,S0173,G024,2026-03-27,present
A004883,S0235,G024,2026-03-27,present
A004884,S0247,G024,2026-03-27,late
A004885,S0089,G024,2026-03-31,present
A004886,S0168,G024,2026-03-31,present
A004887,S0173,G024,2026-03-31,present
A004888,S0235,G024,2026-03-31,absent
A004889,S0247,G024,2026-03-31,present
A004890,S0089,G024,2026-04-02,present
A004891,S0168,G024,2026-04-02,late
A004892,S0173,G024,2026-04-02,present
A004893,S0235,G024,2026-04-02,present
A004894,S0247,G024,2026-04-02,present
A004895,S0089,G024,2026-04-04,late
A004896,S0168,G024,2026-04-04,present
A004897,S0173,G024,2026-04-04,present
A004898,S0235,G024,2026-04-04,late
A004899,S0247,G024,2026-04-04,absent
A004900,S0259,G024,2026-04-04,present
A004901,S0089,G024,2026-04-06,present
A004902,S0168,G024,2026-04-06,present
A004903,S0173,G024,2026-04-06,absent
A004904,S0235,G024,2026-04-06,present
A004905,S0247,G024,2026-04-06,present
A004906,S0259,G024,2026-04-06,late
A004907,S0089,G024,2026-04-08,present
A004908,S0168,G024,2026-04-08,present
A004909,S0173,G024,2026-04-08,late
A004910,S0235,G024,2026-04-08,present
A004911,S0247,G024,2026-04-08,late
A004912,S0259,G024,2026-04-08,present
A004913,S0089,G024,2026-04-10,present
A004914,S0168,G024,2026-04-10,present
A004915,S0173,G024,2026-04-10,present
A004916,S0235,G024,2026-04-10,present
A004917,S0247,G024,2026-04-10,present
A004918,S0259,G024,2026-04-10,present
A004919,S0089,G024,2026-04-14,present
A004920,S0168,G024,2026-04-14,present
A004921,S0173,G024,2026-04-14,present
A004922,S0235,G024,2026-04-14,present
A004923,S0247,G024,2026-04-14,present
A004924,S0259,G024,2026-04-14,present
A004925,S0089,G024,2026-04-16,present
A004926,S0168,G024,2026-04-16,absent
A004927,S0173,G024,2026-04-16,absent
A004928,S0235,G024,2026-04-16,present
A004929,S0247,G024,2026-04-16,present
A004930,S0259,G024,2026-04-16,present
A004931,S0089,G024,2026-04-18,present
A004932,S0168,G024,2026-04-18,present
A004933,S0173,G024,2026-04-18,present
A004934,S0235,G024,2026-04-18,present
A004935,S0247,G024,2026-04-18,present
A004936,S0259,G024,2026-04-18,late
A004937,S0089,G024,2026-04-20,present
A004938,S0168,G024,2026-04-20,absent
A004939,S0173,G024,2026-04-20,present
A004940,S0235,G024,2026-04-20,absent
A004941,S0247,G024,2026-04-20,present
A004942,S0259,G024,2026-04-20,present
A004943,S0089,G024,2026-04-22,present
A004944,S0168,G024,2026-04-22,present
A004945,S0173,G024,2026-04-22,present
A004946,S0235,G024,2026-04-22,present
A004947,S0247,G024,2026-04-22,present
A004948,S0259,G024,2026-04-22,present
A004949,S0089,G024,2026-04-24,excused
A004950,S0168,G024,2026-04-24,present
A004951,S0173,G024,2026-04-24,present
A004952,S0235,G024,2026-04-24,present
A004953,S0247,G024,2026-04-24,late
A004954,S0259,G024,2026-04-24,late
A004955,S0089,G024,2026-04-28,present
A004956,S0168,G024,2026-04-28,present
A004957,S0173,G024,2026-04-28,present
A004958,S0235,G024,2026-04-28,present
A004959,S0247,G024,2026-04-28,present
A004960,S0259,G024,2026-04-28,present
A004961,S0089,G024,2026-04-30,present
A004962,S0168,G024,2026-04-30,present
A004963,S0173,G024,2026-04-30,present
A004964,S0235,G024,2026-04-30,present
A004965,S0247,G024,2026-04-30,present
A004966,S0259,G024,2026-04-30,present
A004967,S0089,G024,2026-05-02,late
A004968,S0168,G024,2026-05-02,present
A004969,S0173,G024,2026-05-02,present
A004970,S0235,G024,2026-05-02,present
A004971,S0247,G024,2026-05-02,absent
A004972,S0259,G024,2026-05-02,present
A004973,S0089,G024,2026-05-04,present
A004974,S0168,G024,2026-05-04,present
A004975,S0173,G024,2026-05-04,present
A004976,S0235,G024,2026-05-04,present
A004977,S0247,G024,2026-05-04,present
A004978,S0259,G024,2026-05-04,present
A004979,S0089,G024,2026-05-06,present
A004980,S0168,G024,2026-05-06,present
A004981,S0173,G024,2026-05-06,present
A004982,S0235,G024,2026-05-06,present
A004983,S0247,G024,2026-05-06,present
A004984,S0259,G024,2026-05-06,present
A004985,S0089,G024,2026-05-08,late
A004986,S0168,G024,2026-05-08,present
A004987,S0173,G024,2026-05-08,present
A004988,S0235,G024,2026-05-08,present
A004989,S0247,G024,2026-05-08,absent
A004990,S0259,G024,2026-05-08,present
A004991,S0089,G024,2026-05-12,present
A004992,S0168,G024,2026-05-12,present
A004993,S0173,G024,2026-05-12,present
A004994,S0235,G024,2026-05-12,present
A004995,S0247,G024,2026-05-12,present
A004996,S0259,G024,2026-05-12,present
A004997,S0089,G024,2026-05-14,excused
A004998,S0168,G024,2026-05-14,present
A004999,S0173,G024,2026-05-14,present
A005000,S0235,G024,2026-05-14,late
A005001,S0247,G024,2026-05-14,late
A005002,S0259,G024,2026-05-14,present
A005003,S0089,G024,2026-05-16,present
A005004,S0168,G024,2026-05-16,present
A005005,S0173,G024,2026-05-16,present
A005006,S0235,G024,2026-05-16,present
A005007,S0247,G024,2026-05-16,present
A005008,S0259,G024,2026-05-16,present
A005009,S0089,G024,2026-05-18,present
A005010,S0168,G024,2026-05-18,late
A005011,S0173,G024,2026-05-18,present
A005012,S0235,G024,2026-05-18,present
A005013,S0247,G024,2026-05-18,present
A005014,S0259,G024,2026-05-18,absent
A005015,S0089,G024,2026-05-20,present
A005016,S0168,G024,2026-05-20,present
A005017,S0173,G024,2026-05-20,present
A005018,S0235,G024,2026-05-20,present
A005019,S0247,G024,2026-05-20,present
A005020,S0259,G024,2026-05-20,absent
A005021,S0089,G024,2026-05-22,present
A005022,S0168,G024,2026-05-22,present
A005023,S0173,G024,2026-05-22,present
A005024,S0235,G024,2026-05-22,present
A005025,S0247,G024,2026-05-22,absent
A005026,S0259,G024,2026-05-22,present
A005027,S0089,G024,2026-05-26,present
A005028,S0168,G024,2026-05-26,present
A005029,S0172,G024,2026-05-26,present
A005030,S0173,G024,2026-05-26,present
A005031,S0235,G024,2026-05-26,present
A005032,S0247,G024,2026-05-26,present
A005033,S0259,G024,2026-05-26,present
A005034,S0089,G024,2026-05-28,absent
A005035,S0168,G024,2026-05-28,present
A005036,S0172,G024,2026-05-28,absent
A005037,S0173,G024,2026-05-28,excused
A005038,S0235,G024,2026-05-28,present
A005039,S0247,G024,2026-05-28,present
A005040,S0259,G024,2026-05-28,present
A005041,S0089,G024,2026-05-30,present
A005042,S0168,G024,2026-05-30,late
A005043,S0172,G024,2026-05-30,late
A005044,S0173,G024,2026-05-30,present
A005045,S0235,G024,2026-05-30,present
A005046,S0247,G024,2026-05-30,present
A005047,S0259,G024,2026-05-30,present
A005048,S0089,G024,2026-06-01,late
A005049,S0168,G024,2026-06-01,present
A005050,S0172,G024,2026-06-01,present
A005051,S0173,G024,2026-06-01,absent
A005052,S0235,G024,2026-06-01,present
A005053,S0247,G024,2026-06-01,present
A005054,S0259,G024,2026-06-01,present
A005055,S0089,G024,2026-06-03,present
A005056,S0168,G024,2026-06-03,present
A005057,S0172,G024,2026-06-03,present
A005058,S0173,G024,2026-06-03,present
A005059,S0235,G024,2026-06-03,present
A005060,S0247,G024,2026-06-03,absent
A005061,S0259,G024,2026-06-03,present
A005062,S0089,G024,2026-06-05,late
A005063,S0168,G024,2026-06-05,present
A005064,S0172,G024,2026-06-05,present
A005065,S0173,G024,2026-06-05,present
A005066,S0235,G024,2026-06-05,present
A005067,S0247,G024,2026-06-05,present
A005068,S0259,G024,2026-06-05,present
A005069,S0089,G024,2026-06-09,present
A005070,S0168,G024,2026-06-09,present
A005071,S0172,G024,2026-06-09,present
A005072,S0173,G024,2026-06-09,present
A005073,S0235,G024,2026-06-09,present
A005074,S0247,G024,2026-06-09,present
A005075,S0259,G024,2026-06-09,present
A005076,S0089,G024,2026-06-11,present
A005077,S0168,G024,2026-06-11,present
A005078,S0172,G024,2026-06-11,present
A005079,S0173,G024,2026-06-11,present
A005080,S0235,G024,2026-06-11,present
A005081,S0247,G024,2026-06-11,absent
A005082,S0259,G024,2026-06-11,present
A005083,S0089,G024,2026-06-13,present
A005084,S0168,G024,2026-06-13,present
A005085,S0172,G024,2026-06-13,present
A005086,S0173,G024,2026-06-13,present
A005087,S0235,G024,2026-06-13,present
A005088,S0247,G024,2026-06-13,present
A005089,S0259,G024,2026-06-13,present
A005090,S0089,G024,2026-06-15,present
A005091,S0168,G024,2026-06-15,present
A005092,S0172,G024,2026-06-15,absent
A005093,S0173,G024,2026-06-15,present
A005094,S0235,G024,2026-06-15,present
A005095,S0247,G024,2026-06-15,present
A005096,S0259,G024,2026-06-15,present
A005097,S0089,G024,2026-06-17,present
A005098,S0168,G024,2026-06-17,present
A005099,S0172,G024,2026-06-17,absent
A005100,S0173,G024,2026-06-17,absent
A005101,S0235,G024,2026-06-17,present
A005102,S0247,G024,2026-06-17,present
A005103,S0259,G024,2026-06-17,present
A005104,S0089,G024,2026-06-19,present
A005105,S0168,G024,2026-06-19,present
A005106,S0172,G024,2026-06-19,present
A005107,S0173,G024,2026-06-19,absent
A005108,S0235,G024,2026-06-19,present
A005109,S0247,G024,2026-06-19,present
A005110,S0259,G024,2026-06-19,present
A005111,S0089,G024,2026-06-23,present
A005112,S0168,G024,2026-06-23,excused
A005113,S0172,G024,2026-06-23,present
A005114,S0173,G024,2026-06-23,late
A005115,S0235,G024,2026-06-23,late
A005116,S0247,G024,2026-06-23,present
A005117,S0259,G024,2026-06-23,absent
A005118,S0089,G024,2026-06-25,late
A005119,S0168,G024,2026-06-25,present
A005120,S0172,G024,2026-06-25,present
A005121,S0173,G024,2026-06-25,present
A005122,S0235,G024,2026-06-25,present
A005123,S0247,G024,2026-06-25,present
A005124,S0259,G024,2026-06-25,present
A005125,S0089,G024,2026-06-27,absent
A005126,S0097,G024,2026-06-27,present
A005127,S0168,G024,2026-06-27,present
A005128,S0172,G024,2026-06-27,present
A005129,S0173,G024,2026-06-27,absent
A005130,S0235,G024,2026-06-27,present
A005131,S0247,G024,2026-06-27,present
A005132,S0259,G024,2026-06-27,present
A005133,S0089,G024,2026-06-29,present
A005134,S0097,G024,2026-06-29,present
A005135,S0168,G024,2026-06-29,absent
A005136,S0172,G024,2026-06-29,present
A005137,S0173,G024,2026-06-29,present
A005138,S0235,G024,2026-06-29,absent
A005139,S0247,G024,2026-06-29,present
A005140,S0259,G024,2026-06-29,present
A005141,S0089,G024,2026-07-01,present
A005142,S0097,G024,2026-07-01,present
A005143,S0146,G024,2026-07-01,present
A005144,S0168,G024,2026-07-01,late
A005145,S0172,G024,2026-07-01,present
A005146,S0173,G024,2026-07-01,present
A005147,S0235,G024,2026-07-01,present
A005148,S0247,G024,2026-07-01,late
A005149,S0259,G024,2026-07-01,present
A005150,S0089,G024,2026-07-03,present
A005151,S0097,G024,2026-07-03,present
A005152,S0146,G024,2026-07-03,excused
A005153,S0168,G024,2026-07-03,present
A005154,S0172,G024,2026-07-03,absent
A005155,S0173,G024,2026-07-03,present
A005156,S0235,G024,2026-07-03,present
A005157,S0247,G024,2026-07-03,excused
A005158,S0259,G024,2026-07-03,present
A005159,S0029,G024,2026-07-07,present
A005160,S0089,G024,2026-07-07,present
A005161,S0097,G024,2026-07-07,present
A005162,S0146,G024,2026-07-07,present
A005163,S0168,G024,2026-07-07,present
A005164,S0172,G024,2026-07-07,present
A005165,S0173,G024,2026-07-07,present
A005166,S0235,G024,2026-07-07,present
A005167,S0247,G024,2026-07-07,late
A005168,S0259,G024,2026-07-07,present
A005169,S0029,G024,2026-07-09,present
A005170,S0089,G024,2026-07-09,present
A005171,S0097,G024,2026-07-09,present
A005172,S0146,G024,2026-07-09,present
A005173,S0168,G024,2026-07-09,present
A005174,S0172,G024,2026-07-09,absent
A005175,S0173,G024,2026-07-09,absent
A005176,S0235,G024,2026-07-09,excused
A005177,S0247,G024,2026-07-09,late
A005178,S0259,G024,2026-07-09,present
A005179,S0029,G024,2026-07-11,present
A005180,S0089,G024,2026-07-11,present
A005181,S0097,G024,2026-07-11,present
A005182,S0146,G024,2026-07-11,present
A005183,S0168,G024,2026-07-11,present
A005184,S0172,G024,2026-07-11,late
A005185,S0173,G024,2026-07-11,present
A005186,S0235,G024,2026-07-11,present
A005187,S0247,G024,2026-07-11,present
A005188,S0259,G024,2026-07-11,present
A005189,S0029,G024,2026-07-13,absent
A005190,S0089,G024,2026-07-13,present
A005191,S0097,G024,2026-07-13,present
A005192,S0146,G024,2026-07-13,present
A005193,S0168,G024,2026-07-13,present
A005194,S0172,G024,2026-07-13,present
A005195,S0173,G024,2026-07-13,absent
A005196,S0235,G024,2026-07-13,absent
A005197,S0247,G024,2026-07-13,present
A005198,S0259,G024,2026-07-13,present
A005199,S0029,G024,2026-07-15,present
A005200,S0089,G024,2026-07-15,present
A005201,S0097,G024,2026-07-15,present
A005202,S0146,G024,2026-07-15,present
A005203,S0168,G024,2026-07-15,present
A005204,S0172,G024,2026-07-15,absent
A005205,S0173,G024,2026-07-15,late
A005206,S0235,G024,2026-07-15,present
A005207,S0245,G024,2026-07-15,present
A005208,S0247,G024,2026-07-15,present
A005209,S0259,G024,2026-07-15,present
A005210,S0029,G024,2026-07-17,present
A005211,S0089,G024,2026-07-17,present
A005212,S0097,G024,2026-07-17,excused
A005213,S0146,G024,2026-07-17,present
A005214,S0168,G024,2026-07-17,present
A005215,S0172,G024,2026-07-17,present
A005216,S0173,G024,2026-07-17,present
A005217,S0235,G024,2026-07-17,present
A005218,S0245,G024,2026-07-17,present
A005219,S0247,G024,2026-07-17,present
A005220,S0259,G024,2026-07-17,present
A005221,S0029,G024,2026-07-21,present
A005222,S0089,G024,2026-07-21,absent
A005223,S0097,G024,2026-07-21,late
A005224,S0146,G024,2026-07-21,present
A005225,S0168,G024,2026-07-21,present
A005226,S0172,G024,2026-07-21,absent
A005227,S0173,G024,2026-07-21,excused
A005228,S0235,G024,2026-07-21,absent
A005229,S0245,G024,2026-07-21,present
A005230,S0247,G024,2026-07-21,absent
A005231,S0259,G024,2026-07-21,present
A005232,S0029,G024,2026-07-23,present
A005233,S0089,G024,2026-07-23,present
A005234,S0097,G024,2026-07-23,late
A005235,S0146,G024,2026-07-23,late
A005236,S0168,G024,2026-07-23,present
A005237,S0172,G024,2026-07-23,present
A005238,S0173,G024,2026-07-23,present
A005239,S0235,G024,2026-07-23,present
A005240,S0245,G024,2026-07-23,present
A005241,S0247,G024,2026-07-23,present
A005242,S0259,G024,2026-07-23,present
A005243,S0029,G024,2026-07-25,present
A005244,S0089,G024,2026-07-25,late
A005245,S0097,G024,2026-07-25,late
A005246,S0146,G024,2026-07-25,present
A005247,S0168,G024,2026-07-25,present
A005248,S0172,G024,2026-07-25,present
A005249,S0173,G024,2026-07-25,present
A005250,S0235,G024,2026-07-25,present
A005251,S0245,G024,2026-07-25,present
A005252,S0247,G024,2026-07-25,present
A005253,S0259,G024,2026-07-25,excused
A005254,S0029,G024,2026-07-27,present
A005255,S0089,G024,2026-07-27,present
A005256,S0097,G024,2026-07-27,present
A005257,S0146,G024,2026-07-27,present
A005258,S0168,G024,2026-07-27,present
A005259,S0172,G024,2026-07-27,present
A005260,S0173,G024,2026-07-27,present
A005261,S0235,G024,2026-07-27,present
A005262,S0245,G024,2026-07-27,excused
A005263,S0247,G024,2026-07-27,present
A005264,S0259,G024,2026-07-27,present
A005265,S0029,G024,2026-07-29,absent
A005266,S0089,G024,2026-07-29,absent
A005267,S0097,G024,2026-07-29,late
A005268,S0146,G024,2026-07-29,present
A005269,S0168,G024,2026-07-29,present
A005270,S0172,G024,2026-07-29,absent
A005271,S0173,G024,2026-07-29,excused
A005272,S0235,G024,2026-07-29,present
A005273,S0245,G024,2026-07-29,excused
A005274,S0247,G024,2026-07-29,present
A005275,S0259,G024,2026-07-29,present
A005276,S0029,G024,2026-07-31,late
A005277,S0089,G024,2026-07-31,absent
A005278,S0097,G024,2026-07-31,present
A005279,S0146,G024,2026-07-31,present
A005280,S0168,G024,2026-07-31,present
A005281,S0172,G024,2026-07-31,present
A005282,S0173,G024,2026-07-31,present
A005283,S0235,G024,2026-07-31,present
A005284,S0245,G024,2026-07-31,present
A005285,S0247,G024,2026-07-31,present
A005286,S0259,G024,2026-07-31,present
A005287,S0029,G024,2026-08-04,present
A005288,S0089,G024,2026-08-04,present
A005289,S0097,G024,2026-08-04,present
A005290,S0146,G024,2026-08-04,present
A005291,S0168,G024,2026-08-04,present
A005292,S0172,G024,2026-08-04,present
A005293,S0173,G024,2026-08-04,absent
A005294,S0235,G024,2026-08-04,present
A005295,S0245,G024,2026-08-04,present
A005296,S0247,G024,2026-08-04,present
A005297,S0259,G024,2026-08-04,present
A005298,S0029,G024,2026-08-06,present
A005299,S0089,G024,2026-08-06,present
A005300,S0097,G024,2026-08-06,present
A005301,S0146,G024,2026-08-06,present
A005302,S0168,G024,2026-08-06,excused
A005303,S0172,G024,2026-08-06,absent
A005304,S0173,G024,2026-08-06,late
A005305,S0235,G024,2026-08-06,present
A005306,S0245,G024,2026-08-06,present
A005307,S0247,G024,2026-08-06,present
A005308,S0259,G024,2026-08-06,present
A005309,S0029,G024,2026-08-08,present
A005310,S0089,G024,2026-08-08,present
A005311,S0097,G024,2026-08-08,excused
A005312,S0146,G024,2026-08-08,late
A005313,S0168,G024,2026-08-08,present
A005314,S0172,G024,2026-08-08,late
A005315,S0173,G024,2026-08-08,late
A005316,S0235,G024,2026-08-08,present
A005317,S0245,G024,2026-08-08,present
A005318,S0247,G024,2026-08-08,present
A005319,S0259,G024,2026-08-08,present
A005320,S0029,G024,2026-08-10,present
A005321,S0089,G024,2026-08-10,present
A005322,S0097,G024,2026-08-10,present
A005323,S0146,G024,2026-08-10,present
A005324,S0168,G024,2026-08-10,present
A005325,S0172,G024,2026-08-10,present
A005326,S0173,G024,2026-08-10,absent
A005327,S0235,G024,2026-08-10,present
A005328,S0245,G024,2026-08-10,present
A005329,S0247,G024,2026-08-10,present
A005330,S0259,G024,2026-08-10,present
A005331,S0262,G025,2026-06-18,present
A005332,S0262,G025,2026-06-19,present
A005333,S0083,G025,2026-06-20,present
A005334,S0203,G025,2026-06-20,present
A005335,S0262,G025,2026-06-20,present
A005336,S0014,G025,2026-06-22,present
A005337,S0083,G025,2026-06-22,excused
A005338,S0203,G025,2026-06-22,present
A005339,S0262,G025,2026-06-22,present
A005340,S0014,G025,2026-06-23,absent
A005341,S0083,G025,2026-06-23,present
A005342,S0203,G025,2026-06-23,present
A005343,S0262,G025,2026-06-23,excused
A005344,S0014,G025,2026-06-24,present
A005345,S0083,G025,2026-06-24,present
A005346,S0203,G025,2026-06-24,absent
A005347,S0262,G025,2026-06-24,late
A005348,S0014,G025,2026-06-25,present
A005349,S0083,G025,2026-06-25,present
A005350,S0203,G025,2026-06-25,present
A005351,S0262,G025,2026-06-25,present
A005352,S0014,G025,2026-06-26,present
A005353,S0083,G025,2026-06-26,excused
A005354,S0203,G025,2026-06-26,present
A005355,S0262,G025,2026-06-26,absent
A005356,S0014,G025,2026-06-27,absent
A005357,S0083,G025,2026-06-27,present
A005358,S0203,G025,2026-06-27,present
A005359,S0262,G025,2026-06-27,present
A005360,S0014,G025,2026-06-29,present
A005361,S0061,G025,2026-06-29,present
A005362,S0083,G025,2026-06-29,present
A005363,S0203,G025,2026-06-29,present
A005364,S0262,G025,2026-06-29,present
A005365,S0014,G025,2026-06-30,present
A005366,S0061,G025,2026-06-30,present
A005367,S0083,G025,2026-06-30,present
A005368,S0203,G025,2026-06-30,late
A005369,S0262,G025,2026-06-30,present
A005370,S0014,G025,2026-07-01,present
A005371,S0061,G025,2026-07-01,excused
A005372,S0083,G025,2026-07-01,present
A005373,S0203,G025,2026-07-01,excused
A005374,S0262,G025,2026-07-01,present
A005375,S0014,G025,2026-07-02,present
A005376,S0061,G025,2026-07-02,absent
A005377,S0083,G025,2026-07-02,present
A005378,S0203,G025,2026-07-02,late
A005379,S0262,G025,2026-07-02,present
A005380,S0014,G025,2026-07-03,present
A005381,S0049,G025,2026-07-03,present
A005382,S0061,G025,2026-07-03,present
A005383,S0083,G025,2026-07-03,present
A005384,S0203,G025,2026-07-03,present
A005385,S0262,G025,2026-07-03,present
A005386,S0014,G025,2026-07-04,present
A005387,S0049,G025,2026-07-04,present
A005388,S0061,G025,2026-07-04,present
A005389,S0083,G025,2026-07-04,present
A005390,S0203,G025,2026-07-04,present
A005391,S0262,G025,2026-07-04,absent
A005392,S0014,G025,2026-07-06,present
A005393,S0049,G025,2026-07-06,present
A005394,S0061,G025,2026-07-06,present
A005395,S0083,G025,2026-07-06,present
A005396,S0203,G025,2026-07-06,present
A005397,S0262,G025,2026-07-06,present
A005398,S0014,G025,2026-07-07,present
A005399,S0049,G025,2026-07-07,absent
A005400,S0061,G025,2026-07-07,present
A005401,S0083,G025,2026-07-07,present
A005402,S0203,G025,2026-07-07,present
A005403,S0262,G025,2026-07-07,present
A005404,S0014,G025,2026-07-08,present
A005405,S0049,G025,2026-07-08,present
A005406,S0061,G025,2026-07-08,present
A005407,S0083,G025,2026-07-08,present
A005408,S0203,G025,2026-07-08,present
A005409,S0262,G025,2026-07-08,late
A005410,S0014,G025,2026-07-09,present
A005411,S0049,G025,2026-07-09,late
A005412,S0061,G025,2026-07-09,late
A005413,S0083,G025,2026-07-09,present
A005414,S0203,G025,2026-07-09,absent
A005415,S0262,G025,2026-07-09,late
A005416,S0014,G025,2026-07-10,present
A005417,S0049,G025,2026-07-10,present
A005418,S0061,G025,2026-07-10,present
A005419,S0083,G025,2026-07-10,present
A005420,S0203,G025,2026-07-10,present
A005421,S0262,G025,2026-07-10,present
A005422,S0014,G025,2026-07-11,present
A005423,S0049,G025,2026-07-11,present
A005424,S0061,G025,2026-07-11,present
A005425,S0083,G025,2026-07-11,present
A005426,S0203,G025,2026-07-11,present
A005427,S0262,G025,2026-07-11,excused
A005428,S0014,G025,2026-07-13,absent
A005429,S0049,G025,2026-07-13,present
A005430,S0061,G025,2026-07-13,absent
A005431,S0083,G025,2026-07-13,absent
A005432,S0203,G025,2026-07-13,absent
A005433,S0262,G025,2026-07-13,absent
A005434,S0014,G025,2026-07-14,present
A005435,S0049,G025,2026-07-14,present
A005436,S0061,G025,2026-07-14,absent
A005437,S0083,G025,2026-07-14,absent
A005438,S0203,G025,2026-07-14,present
A005439,S0262,G025,2026-07-14,present
A005440,S0014,G025,2026-07-15,present
A005441,S0049,G025,2026-07-15,present
A005442,S0061,G025,2026-07-15,present
A005443,S0083,G025,2026-07-15,present
A005444,S0203,G025,2026-07-15,present
A005445,S0262,G025,2026-07-15,present
A005446,S0014,G025,2026-07-16,present
A005447,S0049,G025,2026-07-16,present
A005448,S0061,G025,2026-07-16,present
A005449,S0083,G025,2026-07-16,present
A005450,S0087,G025,2026-07-16,present
A005451,S0203,G025,2026-07-16,present
A005452,S0262,G025,2026-07-16,present
A005453,S0014,G025,2026-07-17,present
A005454,S0049,G025,2026-07-17,absent
A005455,S0061,G025,2026-07-17,present
A005456,S0083,G025,2026-07-17,present
A005457,S0087,G025,2026-07-17,present
A005458,S0203,G025,2026-07-17,present
A005459,S0262,G025,2026-07-17,present
A005460,S0014,G025,2026-07-18,present
A005461,S0049,G025,2026-07-18,absent
A005462,S0061,G025,2026-07-18,present
A005463,S0083,G025,2026-07-18,absent
A005464,S0087,G025,2026-07-18,late
A005465,S0203,G025,2026-07-18,present
A005466,S0262,G025,2026-07-18,late
A005467,S0014,G025,2026-07-20,present
A005468,S0049,G025,2026-07-20,present
A005469,S0061,G025,2026-07-20,present
A005470,S0063,G025,2026-07-20,present
A005471,S0083,G025,2026-07-20,present
A005472,S0087,G025,2026-07-20,present
A005473,S0203,G025,2026-07-20,present
A005474,S0262,G025,2026-07-20,present
A005475,S0280,G025,2026-07-20,present
A005476,S0014,G025,2026-07-21,present
A005477,S0049,G025,2026-07-21,excused
A005478,S0061,G025,2026-07-21,present
A005479,S0063,G025,2026-07-21,excused
A005480,S0083,G025,2026-07-21,present
A005481,S0087,G025,2026-07-21,present
A005482,S0203,G025,2026-07-21,present
A005483,S0262,G025,2026-07-21,present
A005484,S0280,G025,2026-07-21,present
A005485,S0014,G025,2026-07-22,present
A005486,S0049,G025,2026-07-22,absent
A005487,S0061,G025,2026-07-22,present
A005488,S0063,G025,2026-07-22,present
A005489,S0083,G025,2026-07-22,present
A005490,S0087,G025,2026-07-22,present
A005491,S0203,G025,2026-07-22,excused
A005492,S0262,G025,2026-07-22,present
A005493,S0280,G025,2026-07-22,present
A005494,S0014,G025,2026-07-23,excused
A005495,S0049,G025,2026-07-23,excused
A005496,S0061,G025,2026-07-23,absent
A005497,S0063,G025,2026-07-23,absent
A005498,S0083,G025,2026-07-23,present
A005499,S0087,G025,2026-07-23,present
A005500,S0203,G025,2026-07-23,present
A005501,S0262,G025,2026-07-23,present
A005502,S0280,G025,2026-07-23,absent
A005503,S0014,G025,2026-07-24,present
A005504,S0049,G025,2026-07-24,present
A005505,S0061,G025,2026-07-24,present
A005506,S0063,G025,2026-07-24,present
A005507,S0083,G025,2026-07-24,present
A005508,S0087,G025,2026-07-24,present
A005509,S0203,G025,2026-07-24,present
A005510,S0262,G025,2026-07-24,present
A005511,S0280,G025,2026-07-24,present
A005512,S0014,G025,2026-07-25,present
A005513,S0049,G025,2026-07-25,present
A005514,S0061,G025,2026-07-25,present
A005515,S0063,G025,2026-07-25,present
A005516,S0083,G025,2026-07-25,present
A005517,S0087,G025,2026-07-25,present
A005518,S0203,G025,2026-07-25,absent
A005519,S0241,G025,2026-07-25,present
A005520,S0262,G025,2026-07-25,present
A005521,S0280,G025,2026-07-25,present
A005522,S0014,G025,2026-07-27,absent
A005523,S0049,G025,2026-07-27,present
A005524,S0061,G025,2026-07-27,excused
A005525,S0063,G025,2026-07-27,present
A005526,S0083,G025,2026-07-27,absent
A005527,S0087,G025,2026-07-27,present
A005528,S0203,G025,2026-07-27,present
A005529,S0241,G025,2026-07-27,present
A005530,S0262,G025,2026-07-27,present
A005531,S0280,G025,2026-07-27,absent
A005532,S0014,G025,2026-07-28,present
A005533,S0049,G025,2026-07-28,present
A005534,S0061,G025,2026-07-28,present
A005535,S0063,G025,2026-07-28,present
A005536,S0083,G025,2026-07-28,present
A005537,S0087,G025,2026-07-28,present
A005538,S0203,G025,2026-07-28,present
A005539,S0241,G025,2026-07-28,present
A005540,S0262,G025,2026-07-28,present
A005541,S0280,G025,2026-07-28,absent
A005542,S0014,G025,2026-07-29,present
A005543,S0049,G025,2026-07-29,present
A005544,S0061,G025,2026-07-29,present
A005545,S0063,G025,2026-07-29,present
A005546,S0083,G025,2026-07-29,late
A005547,S0087,G025,2026-07-29,excused
A005548,S0203,G025,2026-07-29,absent
A005549,S0241,G025,2026-07-29,present
A005550,S0262,G025,2026-07-29,present
A005551,S0280,G025,2026-07-29,present
A005552,S0014,G025,2026-07-30,present
A005553,S0049,G025,2026-07-30,absent
A005554,S0061,G025,2026-07-30,absent
A005555,S0063,G025,2026-07-30,present
A005556,S0083,G025,2026-07-30,absent
A005557,S0087,G025,2026-07-30,late
A005558,S0203,G025,2026-07-30,present
A005559,S0241,G025,2026-07-30,present
A005560,S0262,G025,2026-07-30,absent
A005561,S0280,G025,2026-07-30,present
A005562,S0014,G025,2026-07-31,present
A005563,S0049,G025,2026-07-31,present
A005564,S0061,G025,2026-07-31,absent
A005565,S0063,G025,2026-07-31,absent
A005566,S0083,G025,2026-07-31,present
A005567,S0087,G025,2026-07-31,absent
A005568,S0203,G025,2026-07-31,present
A005569,S0241,G025,2026-07-31,present
A005570,S0262,G025,2026-07-31,present
A005571,S0280,G025,2026-07-31,present
A005572,S0014,G025,2026-08-01,present
A005573,S0049,G025,2026-08-01,present
A005574,S0061,G025,2026-08-01,present
A005575,S0063,G025,2026-08-01,present
A005576,S0083,G025,2026-08-01,present
A005577,S0087,G025,2026-08-01,present
A005578,S0203,G025,2026-08-01,present
A005579,S0241,G025,2026-08-01,present
A005580,S0262,G025,2026-08-01,absent
A005581,S0280,G025,2026-08-01,absent
A005582,S0014,G025,2026-08-03,present
A005583,S0049,G025,2026-08-03,present
A005584,S0061,G025,2026-08-03,present
A005585,S0063,G025,2026-08-03,present
A005586,S0083,G025,2026-08-03,present
A005587,S0087,G025,2026-08-03,present
A005588,S0203,G025,2026-08-03,present
A005589,S0241,G025,2026-08-03,present
A005590,S0250,G025,2026-08-03,present
A005591,S0262,G025,2026-08-03,present
A005592,S0280,G025,2026-08-03,present
A005593,S0014,G025,2026-08-04,present
A005594,S0049,G025,2026-08-04,present
A005595,S0061,G025,2026-08-04,excused
A005596,S0063,G025,2026-08-04,present
A005597,S0083,G025,2026-08-04,absent
A005598,S0087,G025,2026-08-04,present
A005599,S0203,G025,2026-08-04,present
A005600,S0241,G025,2026-08-04,present
A005601,S0250,G025,2026-08-04,present
A005602,S0262,G025,2026-08-04,present
A005603,S0280,G025,2026-08-04,present
A005604,S0014,G025,2026-08-05,present
A005605,S0049,G025,2026-08-05,present
A005606,S0061,G025,2026-08-05,present
A005607,S0063,G025,2026-08-05,absent
A005608,S0083,G025,2026-08-05,present
A005609,S0087,G025,2026-08-05,present
A005610,S0203,G025,2026-08-05,excused
A005611,S0241,G025,2026-08-05,excused
A005612,S0250,G025,2026-08-05,present
A005613,S0262,G025,2026-08-05,present
A005614,S0280,G025,2026-08-05,present
A005615,S0196,G026,2026-05-11,present
A005616,S0196,G026,2026-05-13,excused
A005617,S0196,G026,2026-05-15,present
A005618,S0196,G026,2026-05-19,present
A005619,S0115,G026,2026-05-21,late
A005620,S0196,G026,2026-05-21,present
A005621,S0115,G026,2026-05-23,excused
A005622,S0196,G026,2026-05-23,present
A005623,S0115,G026,2026-05-25,present
A005624,S0196,G026,2026-05-25,late
A005625,S0102,G026,2026-05-27,present
A005626,S0115,G026,2026-05-27,present
A005627,S0176,G026,2026-05-27,present
A005628,S0196,G026,2026-05-27,present
A005629,S0102,G026,2026-05-29,present
A005630,S0115,G026,2026-05-29,absent
A005631,S0176,G026,2026-05-29,excused
A005632,S0196,G026,2026-05-29,present
A005633,S0102,G026,2026-06-02,present
A005634,S0115,G026,2026-06-02,present
A005635,S0176,G026,2026-06-02,excused
A005636,S0196,G026,2026-06-02,present
A005637,S0102,G026,2026-06-04,excused
A005638,S0115,G026,2026-06-04,late
A005639,S0176,G026,2026-06-04,present
A005640,S0196,G026,2026-06-04,present
A005641,S0102,G026,2026-06-06,present
A005642,S0115,G026,2026-06-06,present
A005643,S0176,G026,2026-06-06,present
A005644,S0196,G026,2026-06-06,present
A005645,S0102,G026,2026-06-08,present
A005646,S0115,G026,2026-06-08,absent
A005647,S0176,G026,2026-06-08,present
A005648,S0196,G026,2026-06-08,present
A005649,S0102,G026,2026-06-10,present
A005650,S0115,G026,2026-06-10,present
A005651,S0176,G026,2026-06-10,present
A005652,S0196,G026,2026-06-10,present
A005653,S0238,G026,2026-06-10,present
A005654,S0102,G026,2026-06-12,present
A005655,S0115,G026,2026-06-12,present
A005656,S0176,G026,2026-06-12,present
A005657,S0196,G026,2026-06-12,absent
A005658,S0238,G026,2026-06-12,present
A005659,S0102,G026,2026-06-16,excused
A005660,S0115,G026,2026-06-16,present
A005661,S0176,G026,2026-06-16,late
A005662,S0196,G026,2026-06-16,present
A005663,S0238,G026,2026-06-16,excused
A005664,S0102,G026,2026-06-18,present
A005665,S0115,G026,2026-06-18,present
A005666,S0176,G026,2026-06-18,absent
A005667,S0196,G026,2026-06-18,present
A005668,S0238,G026,2026-06-18,present
A005669,S0102,G026,2026-06-20,present
A005670,S0115,G026,2026-06-20,absent
A005671,S0176,G026,2026-06-20,present
A005672,S0196,G026,2026-06-20,absent
A005673,S0238,G026,2026-06-20,present
A005674,S0102,G026,2026-06-22,excused
A005675,S0115,G026,2026-06-22,absent
A005676,S0176,G026,2026-06-22,present
A005677,S0196,G026,2026-06-22,present
A005678,S0238,G026,2026-06-22,present
A005679,S0102,G026,2026-06-24,present
A005680,S0115,G026,2026-06-24,present
A005681,S0176,G026,2026-06-24,present
A005682,S0196,G026,2026-06-24,present
A005683,S0238,G026,2026-06-24,present
A005684,S0016,G026,2026-06-26,present
A005685,S0102,G026,2026-06-26,late
A005686,S0115,G026,2026-06-26,present
A005687,S0176,G026,2026-06-26,present
A005688,S0196,G026,2026-06-26,late
A005689,S0238,G026,2026-06-26,present
A005690,S0016,G026,2026-06-30,present
A005691,S0102,G026,2026-06-30,late
A005692,S0115,G026,2026-06-30,present
A005693,S0176,G026,2026-06-30,absent
A005694,S0196,G026,2026-06-30,late
A005695,S0238,G026,2026-06-30,present
A005696,S0016,G026,2026-07-02,absent
A005697,S0102,G026,2026-07-02,present
A005698,S0115,G026,2026-07-02,excused
A005699,S0176,G026,2026-07-02,present
A005700,S0196,G026,2026-07-02,absent
A005701,S0238,G026,2026-07-02,present
A005702,S0016,G026,2026-07-04,present
A005703,S0102,G026,2026-07-04,present
A005704,S0115,G026,2026-07-04,excused
A005705,S0176,G026,2026-07-04,present
A005706,S0196,G026,2026-07-04,present
A005707,S0238,G026,2026-07-04,excused
A005708,S0016,G026,2026-07-06,present
A005709,S0102,G026,2026-07-06,present
A005710,S0115,G026,2026-07-06,present
A005711,S0176,G026,2026-07-06,late
A005712,S0196,G026,2026-07-06,excused
A005713,S0238,G026,2026-07-06,present
A005714,S0016,G026,2026-07-08,absent
A005715,S0102,G026,2026-07-08,present
A005716,S0115,G026,2026-07-08,present
A005717,S0176,G026,2026-07-08,present
A005718,S0196,G026,2026-07-08,present
A005719,S0238,G026,2026-07-08,present
A005720,S0016,G026,2026-07-10,present
A005721,S0102,G026,2026-07-10,present
A005722,S0115,G026,2026-07-10,present
A005723,S0176,G026,2026-07-10,late
A005724,S0196,G026,2026-07-10,present
A005725,S0238,G026,2026-07-10,present
A005726,S0016,G026,2026-07-14,present
A005727,S0102,G026,2026-07-14,absent
A005728,S0115,G026,2026-07-14,present
A005729,S0176,G026,2026-07-14,late
A005730,S0196,G026,2026-07-14,present
A005731,S0238,G026,2026-07-14,present
A005732,S0016,G026,2026-07-16,present
A005733,S0102,G026,2026-07-16,present
A005734,S0115,G026,2026-07-16,present
A005735,S0117,G026,2026-07-16,absent
A005736,S0176,G026,2026-07-16,present
A005737,S0196,G026,2026-07-16,present
A005738,S0238,G026,2026-07-16,present
A005739,S0016,G026,2026-07-18,present
A005740,S0102,G026,2026-07-18,present
A005741,S0115,G026,2026-07-18,present
A005742,S0117,G026,2026-07-18,late
A005743,S0176,G026,2026-07-18,present
A005744,S0196,G026,2026-07-18,late
A005745,S0238,G026,2026-07-18,present
A005746,S0016,G026,2026-07-20,absent
A005747,S0102,G026,2026-07-20,excused
A005748,S0115,G026,2026-07-20,present
A005749,S0117,G026,2026-07-20,present
A005750,S0176,G026,2026-07-20,absent
A005751,S0196,G026,2026-07-20,present
A005752,S0226,G026,2026-07-20,present
A005753,S0238,G026,2026-07-20,present
A005754,S0016,G026,2026-07-22,absent
A005755,S0102,G026,2026-07-22,present
A005756,S0115,G026,2026-07-22,present
A005757,S0117,G026,2026-07-22,present
A005758,S0176,G026,2026-07-22,present
A005759,S0196,G026,2026-07-22,present
A005760,S0226,G026,2026-07-22,present
A005761,S0238,G026,2026-07-22,absent
A005762,S0016,G026,2026-07-24,late
A005763,S0102,G026,2026-07-24,late
A005764,S0115,G026,2026-07-24,excused
A005765,S0117,G026,2026-07-24,present
A005766,S0176,G026,2026-07-24,present
A005767,S0196,G026,2026-07-24,present
A005768,S0226,G026,2026-07-24,present
A005769,S0238,G026,2026-07-24,excused
A005770,S0016,G026,2026-07-28,present
A005771,S0102,G026,2026-07-28,present
A005772,S0115,G026,2026-07-28,present
A005773,S0117,G026,2026-07-28,present
A005774,S0176,G026,2026-07-28,absent
A005775,S0196,G026,2026-07-28,present
A005776,S0226,G026,2026-07-28,present
A005777,S0238,G026,2026-07-28,excused
A005778,S0016,G026,2026-07-30,present
A005779,S0102,G026,2026-07-30,present
A005780,S0115,G026,2026-07-30,present
A005781,S0117,G026,2026-07-30,present
A005782,S0176,G026,2026-07-30,present
A005783,S0196,G026,2026-07-30,present
A005784,S0226,G026,2026-07-30,present
A005785,S0238,G026,2026-07-30,present
A005786,S0016,G026,2026-08-01,absent
A005787,S0102,G026,2026-08-01,present
A005788,S0115,G026,2026-08-01,excused
A005789,S0117,G026,2026-08-01,present
A005790,S0176,G026,2026-08-01,late
A005791,S0196,G026,2026-08-01,late
A005792,S0226,G026,2026-08-01,present
A005793,S0238,G026,2026-08-01,present
A005794,S0016,G026,2026-08-03,absent
A005795,S0102,G026,2026-08-03,present
A005796,S0115,G026,2026-08-03,late
A005797,S0117,G026,2026-08-03,present
A005798,S0176,G026,2026-08-03,late
A005799,S0196,G026,2026-08-03,present
A005800,S0226,G026,2026-08-03,present
A005801,S0238,G026,2026-08-03,present
A005802,S0273,G026,2026-08-03,present
A005803,S0016,G026,2026-08-05,present
A005804,S0102,G026,2026-08-05,present
A005805,S0115,G026,2026-08-05,absent
A005806,S0117,G026,2026-08-05,present
A005807,S0132,G026,2026-08-05,present
A005808,S0176,G026,2026-08-05,late
A005809,S0196,G026,2026-08-05,late
A005810,S0226,G026,2026-08-05,absent
A005811,S0238,G026,2026-08-05,present
A005812,S0273,G026,2026-08-05,late
A005813,S0016,G026,2026-08-07,present
A005814,S0102,G026,2026-08-07,present
A005815,S0115,G026,2026-08-07,late
A005816,S0117,G026,2026-08-07,present
A005817,S0132,G026,2026-08-07,present
A005818,S0176,G026,2026-08-07,present
A005819,S0196,G026,2026-08-07,present
A005820,S0226,G026,2026-08-07,present
A005821,S0238,G026,2026-08-07,absent
A005822,S0273,G026,2026-08-07,late
A005823,S0016,G026,2026-08-11,excused
A005824,S0102,G026,2026-08-11,present
A005825,S0115,G026,2026-08-11,present
A005826,S0117,G026,2026-08-11,absent
A005827,S0132,G026,2026-08-11,present
A005828,S0176,G026,2026-08-11,present
A005829,S0196,G026,2026-08-11,present
A005830,S0226,G026,2026-08-11,present
A005831,S0238,G026,2026-08-11,present
A005832,S0273,G026,2026-08-11,present
A005833,S0016,G026,2026-08-13,present
A005834,S0102,G026,2026-08-13,present
A005835,S0115,G026,2026-08-13,present
A005836,S0117,G026,2026-08-13,present
A005837,S0132,G026,2026-08-13,present
A005838,S0176,G026,2026-08-13,late
A005839,S0196,G026,2026-08-13,present
A005840,S0226,G026,2026-08-13,absent
A005841,S0238,G026,2026-08-13,present
A005842,S0273,G026,2026-08-13,present
A005843,S0016,G026,2026-08-15,late
A005844,S0102,G026,2026-08-15,present
A005845,S0115,G026,2026-08-15,present
A005846,S0117,G026,2026-08-15,present
A005847,S0132,G026,2026-08-15,present
A005848,S0176,G026,2026-08-15,late
A005849,S0196,G026,2026-08-15,excused
A005850,S0226,G026,2026-08-15,present
A005851,S0238,G026,2026-08-15,present
A005852,S0273,G026,2026-08-15,present
A005853,S0016,G026,2026-08-17,present
A005854,S0102,G026,2026-08-17,present
A005855,S0115,G026,2026-08-17,present
A005856,S0117,G026,2026-08-17,late
A005857,S0132,G026,2026-08-17,late
A005858,S0176,G026,2026-08-17,present
A005859,S0196,G026,2026-08-17,present
A005860,S0226,G026,2026-08-17,excused
A005861,S0238,G026,2026-08-17,present
A005862,S0273,G026,2026-08-17,present
A005863,S0016,G026,2026-08-19,present
A005864,S0102,G026,2026-08-19,present
A005865,S0115,G026,2026-08-19,present
A005866,S0117,G026,2026-08-19,present
A005867,S0132,G026,2026-08-19,present
A005868,S0176,G026,2026-08-19,absent
A005869,S0196,G026,2026-08-19,present
A005870,S0226,G026,2026-08-19,absent
A005871,S0238,G026,2026-08-19,present
A005872,S0273,G026,2026-08-19,present
A005873,S0016,G026,2026-08-21,excused
A005874,S0102,G026,2026-08-21,present
A005875,S0115,G026,2026-08-21,present
A005876,S0117,G026,2026-08-21,present
A005877,S0132,G026,2026-08-21,present
A005878,S0176,G026,2026-08-21,present
A005879,S0196,G026,2026-08-21,late
A005880,S0226,G026,2026-08-21,late
A005881,S0238,G026,2026-08-21,present
A005882,S0273,G026,2026-08-21,present
A005883,S0016,G026,2026-08-25,present
A005884,S0102,G026,2026-08-25,present
A005885,S0115,G026,2026-08-25,present
A005886,S0117,G026,2026-08-25,present
A005887,S0132,G026,2026-08-25,present
A005888,S0176,G026,2026-08-25,present
A005889,S0196,G026,2026-08-25,present
A005890,S0226,G026,2026-08-25,present
A005891,S0238,G026,2026-08-25,present
A005892,S0273,G026,2026-08-25,late
A005893,S0016,G026,2026-08-27,present
A005894,S0102,G026,2026-08-27,present
A005895,S0115,G026,2026-08-27,present
A005896,S0117,G026,2026-08-27,present
A005897,S0132,G026,2026-08-27,present
A005898,S0176,G026,2026-08-27,present
A005899,S0196,G026,2026-08-27,present
A005900,S0226,G026,2026-08-27,present
A005901,S0238,G026,2026-08-27,present
A005902,S0273,G026,2026-08-27,late
A005903,S0016,G026,2026-08-29,present
A005904,S0102,G026,2026-08-29,present
A005905,S0115,G026,2026-08-29,late
A005906,S0117,G026,2026-08-29,present
A005907,S0132,G026,2026-08-29,excused
A005908,S0176,G026,2026-08-29,late
A005909,S0196,G026,2026-08-29,present
A005910,S0226,G026,2026-08-29,present
A005911,S0238,G026,2026-08-29,absent
A005912,S0273,G026,2026-08-29,present
A005913,S0016,G026,2026-08-31,present
A005914,S0102,G026,2026-08-31,present
A005915,S0115,G026,2026-08-31,absent
A005916,S0117,G026,2026-08-31,present
A005917,S0132,G026,2026-08-31,present
A005918,S0176,G026,2026-08-31,present
A005919,S0196,G026,2026-08-31,present
A005920,S0204,G026,2026-08-31,absent
A005921,S0226,G026,2026-08-31,present
A005922,S0238,G026,2026-08-31,present
A005923,S0273,G026,2026-08-31,present
A005924,S0038,G028,2026-06-26,present
A005925,S0038,G028,2026-06-30,present
A005926,S0038,G028,2026-07-02,present
A005927,S0038,G028,2026-07-04,late
A005928,S0162,G028,2026-07-04,present
A005929,S0225,G028,2026-07-04,present
A005930,S0038,G028,2026-07-06,late
A005931,S0162,G028,2026-07-06,absent
A005932,S0225,G028,2026-07-06,present
A005933,S0038,G028,2026-07-08,present
A005934,S0162,G028,2026-07-08,absent
A005935,S0225,G028,2026-07-08,late
A005936,S0038,G028,2026-07-10,late
A005937,S0162,G028,2026-07-10,present
A005938,S0225,G028,2026-07-10,present
A005939,S0038,G028,2026-07-14,present
A005940,S0162,G028,2026-07-14,absent
A005941,S0225,G028,2026-07-14,present
A005942,S0038,G028,2026-07-16,present
A005943,S0162,G028,2026-07-16,present
A005944,S0225,G028,2026-07-16,present
A005945,S0038,G028,2026-07-18,present
A005946,S0162,G028,2026-07-18,present
A005947,S0225,G028,2026-07-18,present
A005948,S0038,G028,2026-07-20,present
A005949,S0162,G028,2026-07-20,present
A005950,S0225,G028,2026-07-20,present
A005951,S0038,G028,2026-07-22,excused
A005952,S0162,G028,2026-07-22,present
A005953,S0225,G028,2026-07-22,present
A005954,S0038,G028,2026-07-24,present
A005955,S0127,G028,2026-07-24,absent
A005956,S0162,G028,2026-07-24,present
A005957,S0225,G028,2026-07-24,present
A005958,S0290,G028,2026-07-24,present
A005959,S0038,G028,2026-07-28,present
A005960,S0127,G028,2026-07-28,present
A005961,S0162,G028,2026-07-28,present
A005962,S0225,G028,2026-07-28,present
A005963,S0290,G028,2026-07-28,present
A005964,S0038,G028,2026-07-30,present
A005965,S0127,G028,2026-07-30,excused
A005966,S0162,G028,2026-07-30,present
A005967,S0225,G028,2026-07-30,absent
A005968,S0290,G028,2026-07-30,excused
A005969,S0038,G028,2026-08-01,present
A005970,S0127,G028,2026-08-01,present
A005971,S0162,G028,2026-08-01,present
A005972,S0225,G028,2026-08-01,present
A005973,S0290,G028,2026-08-01,present
A005974,S0038,G028,2026-08-03,present
A005975,S0127,G028,2026-08-03,present
A005976,S0162,G028,2026-08-03,present
A005977,S0225,G028,2026-08-03,present
A005978,S0290,G028,2026-08-03,present
A005979,S0038,G028,2026-08-05,present
A005980,S0127,G028,2026-08-05,present
A005981,S0162,G028,2026-08-05,present
A005982,S0225,G028,2026-08-05,excused
A005983,S0290,G028,2026-08-05,present
A005984,S0038,G028,2026-08-07,late
A005985,S0127,G028,2026-08-07,late
A005986,S0162,G028,2026-08-07,present
A005987,S0225,G028,2026-08-07,present
A005988,S0290,G028,2026-08-07,late
A005989,S0013,G028,2026-08-11,present
A005990,S0038,G028,2026-08-11,present
A005991,S0127,G028,2026-08-11,present
A005992,S0162,G028,2026-08-11,present
A005993,S0225,G028,2026-08-11,absent
A005994,S0290,G028,2026-08-11,present
A005995,S0013,G028,2026-08-13,present
A005996,S0038,G028,2026-08-13,present
A005997,S0127,G028,2026-08-13,present
A005998,S0162,G028,2026-08-13,present
A005999,S0225,G028,2026-08-13,late
A006000,S0229,G028,2026-08-13,present
A006001,S0290,G028,2026-08-13,present
A006002,S0013,G028,2026-08-15,present
A006003,S0038,G028,2026-08-15,present
A006004,S0127,G028,2026-08-15,late
A006005,S0162,G028,2026-08-15,present
A006006,S0225,G028,2026-08-15,present
A006007,S0229,G028,2026-08-15,excused
A006008,S0290,G028,2026-08-15,present
A006009,S0013,G028,2026-08-17,absent
A006010,S0038,G028,2026-08-17,late
A006011,S0127,G028,2026-08-17,absent
A006012,S0162,G028,2026-08-17,present
A006013,S0197,G028,2026-08-17,present
A006014,S0225,G028,2026-08-17,present
A006015,S0229,G028,2026-08-17,present
A006016,S0251,G028,2026-08-17,present
A006017,S0290,G028,2026-08-17,present
A006018,S0013,G028,2026-08-19,excused
A006019,S0038,G028,2026-08-19,present
A006020,S0127,G028,2026-08-19,present
A006021,S0162,G028,2026-08-19,present
A006022,S0197,G028,2026-08-19,present
A006023,S0225,G028,2026-08-19,present
A006024,S0229,G028,2026-08-19,present
A006025,S0251,G028,2026-08-19,present
A006026,S0290,G028,2026-08-19,absent
A006027,S0013,G028,2026-08-21,present
A006028,S0038,G028,2026-08-21,absent
A006029,S0127,G028,2026-08-21,present
A006030,S0162,G028,2026-08-21,present
A006031,S0197,G028,2026-08-21,present
A006032,S0225,G028,2026-08-21,present
A006033,S0229,G028,2026-08-21,present
A006034,S0251,G028,2026-08-21,present
A006035,S0290,G028,2026-08-21,absent
A006036,S0013,G028,2026-08-25,present
A006037,S0038,G028,2026-08-25,present
A006038,S0127,G028,2026-08-25,present
A006039,S0162,G028,2026-08-25,present
A006040,S0197,G028,2026-08-25,late
A006041,S0225,G028,2026-08-25,present
A006042,S0229,G028,2026-08-25,present
A006043,S0251,G028,2026-08-25,present
A006044,S0290,G028,2026-08-25,present
A006045,S0013,G028,2026-08-27,present
A006046,S0038,G028,2026-08-27,present
A006047,S0127,G028,2026-08-27,late
A006048,S0162,G028,2026-08-27,present
A006049,S0197,G028,2026-08-27,present
A006050,S0225,G028,2026-08-27,present
A006051,S0229,G028,2026-08-27,present
A006052,S0251,G028,2026-08-27,present
A006053,S0290,G028,2026-08-27,late
A006054,S0013,G028,2026-08-29,present
A006055,S0038,G028,2026-08-29,present
A006056,S0127,G028,2026-08-29,present
A006057,S0162,G028,2026-08-29,present
A006058,S0197,G028,2026-08-29,present
A006059,S0225,G028,2026-08-29,present
A006060,S0229,G028,2026-08-29,absent
A006061,S0251,G028,2026-08-29,present
A006062,S0290,G028,2026-08-29,present
A006063,S0013,G028,2026-08-31,present
A006064,S0038,G028,2026-08-31,present
A006065,S0127,G028,2026-08-31,present
A006066,S0162,G028,2026-08-31,present
A006067,S0197,G028,2026-08-31,absent
A006068,S0225,G028,2026-08-31,present
A006069,S0229,G028,2026-08-31,present
A006070,S0251,G028,2026-08-31,present
A006071,S0290,G028,2026-08-31,present
A006072,S0268,G029,2026-06-30,present
A006073,S0268,G029,2026-07-02,present
A006074,S0268,G029,2026-07-04,present
A006075,S0268,G029,2026-07-06,late
A006076,S0268,G029,2026-07-08,present
A006077,S0268,G029,2026-07-10,present
A006078,S0252,G029,2026-07-14,present
A006079,S0268,G029,2026-07-14,present
A006080,S0252,G029,2026-07-16,present
A006081,S0268,G029,2026-07-16,present
A006082,S0252,G029,2026-07-18,present
A006083,S0268,G029,2026-07-18,present
A006084,S0252,G029,2026-07-20,present
A006085,S0268,G029,2026-07-20,present
A006086,S0252,G029,2026-07-22,late
A006087,S0268,G029,2026-07-22,present
A006088,S0252,G029,2026-07-24,present
A006089,S0268,G029,2026-07-24,present
A006090,S0252,G029,2026-07-28,present
A006091,S0268,G029,2026-07-28,present
A006092,S0252,G029,2026-07-30,present
A006093,S0268,G029,2026-07-30,present
A006094,S0252,G029,2026-08-01,present
A006095,S0268,G029,2026-08-01,present
A006096,S0252,G029,2026-08-03,present
A006097,S0268,G029,2026-08-03,present
A006098,S0053,G029,2026-08-05,present
A006099,S0252,G029,2026-08-05,present
A006100,S0268,G029,2026-08-05,excused
A006101,S0053,G029,2026-08-07,present
A006102,S0252,G029,2026-08-07,present
A006103,S0268,G029,2026-08-07,present
A006104,S0053,G029,2026-08-11,present
A006105,S0252,G029,2026-08-11,present
A006106,S0268,G029,2026-08-11,late
A006107,S0053,G029,2026-08-13,present
A006108,S0252,G029,2026-08-13,absent
A006109,S0268,G029,2026-08-13,absent
A006110,S0053,G029,2026-08-15,present
A006111,S0252,G029,2026-08-15,present
A006112,S0268,G029,2026-08-15,present
A006113,S0053,G029,2026-08-17,absent
A006114,S0252,G029,2026-08-17,absent
A006115,S0268,G029,2026-08-17,present
A006116,S0053,G029,2026-08-19,present
A006117,S0252,G029,2026-08-19,present
A006118,S0268,G029,2026-08-19,present
A006119,S0053,G029,2026-08-21,present
A006120,S0252,G029,2026-08-21,present
A006121,S0268,G029,2026-08-21,absent
A006122,S0053,G029,2026-08-25,present
A006123,S0227,G029,2026-08-25,present
A006124,S0252,G029,2026-08-25,present
A006125,S0268,G029,2026-08-25,present
A006126,S0053,G029,2026-08-27,present
A006127,S0227,G029,2026-08-27,absent
A006128,S0252,G029,2026-08-27,present
A006129,S0268,G029,2026-08-27,late
A006130,S0053,G029,2026-08-29,present
A006131,S0227,G029,2026-08-29,present
A006132,S0252,G029,2026-08-29,present
A006133,S0268,G029,2026-08-29,present
A006134,S0053,G029,2026-08-31,present
A006135,S0227,G029,2026-08-31,present
A006136,S0252,G029,2026-08-31,present
A006137,S0268,G029,2026-08-31,present
A006138,S0254,G030,2026-03-16,present
A006139,S0254,G030,2026-03-18,absent
A006140,S0254,G030,2026-03-20,present
A006141,S0254,G030,2026-03-24,absent
A006142,S0254,G030,2026-03-26,present
A006143,S0254,G030,2026-03-28,present
A006144,S0254,G030,2026-03-30,present
A006145,S0254,G030,2026-04-01,late
A006146,S0254,G030,2026-04-03,absent
A006147,S0296,G030,2026-04-03,absent
A006148,S0254,G030,2026-04-07,present
A006149,S0296,G030,2026-04-07,present
A006150,S0090,G030,2026-04-09,present
A006151,S0144,G030,2026-04-09,present
A006152,S0254,G030,2026-04-09,present
A006153,S0296,G030,2026-04-09,present
A006154,S0080,G030,2026-04-11,absent
A006155,S0090,G030,2026-04-11,present
A006156,S0144,G030,2026-04-11,present
A006157,S0254,G030,2026-04-11,present
A006158,S0296,G030,2026-04-11,present
A006159,S0080,G030,2026-04-13,present
A006160,S0090,G030,2026-04-13,present
A006161,S0144,G030,2026-04-13,present
A006162,S0254,G030,2026-04-13,present
A006163,S0278,G030,2026-04-13,present
A006164,S0296,G030,2026-04-13,present
A006165,S0080,G030,2026-04-15,present
A006166,S0090,G030,2026-04-15,present
A006167,S0144,G030,2026-04-15,present
A006168,S0254,G030,2026-04-15,present
A006169,S0278,G030,2026-04-15,present
A006170,S0296,G030,2026-04-15,present
A006171,S0080,G030,2026-04-17,present
A006172,S0090,G030,2026-04-17,present
A006173,S0144,G030,2026-04-17,present
A006174,S0254,G030,2026-04-17,late
A006175,S0278,G030,2026-04-17,excused
A006176,S0296,G030,2026-04-17,present
A006177,S0080,G030,2026-04-21,present
A006178,S0090,G030,2026-04-21,present
A006179,S0144,G030,2026-04-21,present
A006180,S0254,G030,2026-04-21,present
A006181,S0278,G030,2026-04-21,present
A006182,S0296,G030,2026-04-21,excused
A006183,S0080,G030,2026-04-23,present
A006184,S0090,G030,2026-04-23,present
A006185,S0144,G030,2026-04-23,present
A006186,S0254,G030,2026-04-23,present
A006187,S0278,G030,2026-04-23,present
A006188,S0296,G030,2026-04-23,present
A006189,S0080,G030,2026-04-25,present
A006190,S0090,G030,2026-04-25,absent
A006191,S0144,G030,2026-04-25,present
A006192,S0254,G030,2026-04-25,present
A006193,S0278,G030,2026-04-25,absent
A006194,S0296,G030,2026-04-25,present
A006195,S0080,G030,2026-04-27,present
A006196,S0090,G030,2026-04-27,late
A006197,S0144,G030,2026-04-27,present
A006198,S0254,G030,2026-04-27,present
A006199,S0278,G030,2026-04-27,present
A006200,S0296,G030,2026-04-27,late
A006201,S0080,G030,2026-04-29,present
A006202,S0090,G030,2026-04-29,present
A006203,S0144,G030,2026-04-29,present
A006204,S0254,G030,2026-04-29,present
A006205,S0278,G030,2026-04-29,present
A006206,S0296,G030,2026-04-29,present
A006207,S0080,G030,2026-05-01,present
A006208,S0090,G030,2026-05-01,present
A006209,S0144,G030,2026-05-01,present
A006210,S0254,G030,2026-05-01,present
A006211,S0278,G030,2026-05-01,present
A006212,S0296,G030,2026-05-01,present
A006213,S0080,G030,2026-05-05,present
A006214,S0090,G030,2026-05-05,present
A006215,S0144,G030,2026-05-05,present
A006216,S0147,G030,2026-05-05,present
A006217,S0254,G030,2026-05-05,present
A006218,S0278,G030,2026-05-05,absent
A006219,S0296,G030,2026-05-05,present
A006220,S0080,G030,2026-05-07,present
A006221,S0090,G030,2026-05-07,present
A006222,S0144,G030,2026-05-07,present
A006223,S0147,G030,2026-05-07,present
A006224,S0254,G030,2026-05-07,present
A006225,S0278,G030,2026-05-07,present
A006226,S0296,G030,2026-05-07,present
A006227,S0080,G030,2026-05-09,excused
A006228,S0090,G030,2026-05-09,present
A006229,S0144,G030,2026-05-09,present
A006230,S0147,G030,2026-05-09,excused
A006231,S0254,G030,2026-05-09,present
A006232,S0278,G030,2026-05-09,present
A006233,S0296,G030,2026-05-09,present
A006234,S0080,G030,2026-05-11,present
A006235,S0090,G030,2026-05-11,present
A006236,S0144,G030,2026-05-11,absent
A006237,S0147,G030,2026-05-11,present
A006238,S0254,G030,2026-05-11,present
A006239,S0278,G030,2026-05-11,late
A006240,S0296,G030,2026-05-11,present
A006241,S0080,G030,2026-05-13,excused
A006242,S0090,G030,2026-05-13,present
A006243,S0144,G030,2026-05-13,absent
A006244,S0147,G030,2026-05-13,present
A006245,S0254,G030,2026-05-13,absent
A006246,S0278,G030,2026-05-13,late
A006247,S0296,G030,2026-05-13,present
A006248,S0080,G030,2026-05-15,present
A006249,S0090,G030,2026-05-15,excused
A006250,S0144,G030,2026-05-15,present
A006251,S0147,G030,2026-05-15,late
A006252,S0254,G030,2026-05-15,present
A006253,S0278,G030,2026-05-15,present
A006254,S0296,G030,2026-05-15,absent
A006255,S0080,G030,2026-05-19,present
A006256,S0090,G030,2026-05-19,present
A006257,S0144,G030,2026-05-19,present
A006258,S0147,G030,2026-05-19,present
A006259,S0254,G030,2026-05-19,present
A006260,S0278,G030,2026-05-19,absent
A006261,S0296,G030,2026-05-19,absent
A006262,S0080,G030,2026-05-21,present
A006263,S0090,G030,2026-05-21,present
A006264,S0144,G030,2026-05-21,present
A006265,S0147,G030,2026-05-21,present
A006266,S0254,G030,2026-05-21,absent
A006267,S0278,G030,2026-05-21,absent
A006268,S0296,G030,2026-05-21,present
A006269,S0080,G030,2026-05-23,present
A006270,S0090,G030,2026-05-23,present
A006271,S0144,G030,2026-05-23,late
A006272,S0147,G030,2026-05-23,present
A006273,S0254,G030,2026-05-23,present
A006274,S0278,G030,2026-05-23,absent
A006275,S0296,G030,2026-05-23,present
A006276,S0080,G030,2026-05-25,absent
A006277,S0090,G030,2026-05-25,absent
A006278,S0144,G030,2026-05-25,absent
A006279,S0147,G030,2026-05-25,present
A006280,S0254,G030,2026-05-25,absent
A006281,S0278,G030,2026-05-25,present
A006282,S0296,G030,2026-05-25,present
A006283,S0080,G030,2026-05-27,late
A006284,S0090,G030,2026-05-27,present
A006285,S0144,G030,2026-05-27,present
A006286,S0147,G030,2026-05-27,present
A006287,S0254,G030,2026-05-27,absent
A006288,S0278,G030,2026-05-27,present
A006289,S0296,G030,2026-05-27,late
A006290,S0080,G030,2026-05-29,excused
A006291,S0090,G030,2026-05-29,present
A006292,S0144,G030,2026-05-29,present
A006293,S0147,G030,2026-05-29,present
A006294,S0254,G030,2026-05-29,present
A006295,S0278,G030,2026-05-29,present
A006296,S0296,G030,2026-05-29,present
A006297,S0080,G030,2026-06-02,present
A006298,S0090,G030,2026-06-02,present
A006299,S0144,G030,2026-06-02,present
A006300,S0147,G030,2026-06-02,present
A006301,S0151,G030,2026-06-02,present
A006302,S0254,G030,2026-06-02,present
A006303,S0278,G030,2026-06-02,present
A006304,S0296,G030,2026-06-02,present
A006305,S0080,G030,2026-06-04,present
A006306,S0090,G030,2026-06-04,present
A006307,S0144,G030,2026-06-04,present
A006308,S0147,G030,2026-06-04,present
A006309,S0151,G030,2026-06-04,late
A006310,S0254,G030,2026-06-04,present
A006311,S0278,G030,2026-06-04,present
A006312,S0296,G030,2026-06-04,present
A006313,S0080,G030,2026-06-06,present
A006314,S0090,G030,2026-06-06,present
A006315,S0144,G030,2026-06-06,absent
A006316,S0147,G030,2026-06-06,present
A006317,S0151,G030,2026-06-06,present
A006318,S0254,G030,2026-06-06,absent
A006319,S0278,G030,2026-06-06,present
A006320,S0296,G030,2026-06-06,absent
A006321,S0080,G030,2026-06-08,present
A006322,S0090,G030,2026-06-08,present
A006323,S0144,G030,2026-06-08,present
A006324,S0147,G030,2026-06-08,present
A006325,S0151,G030,2026-06-08,present
A006326,S0254,G030,2026-06-08,absent
A006327,S0278,G030,2026-06-08,present
A006328,S0296,G030,2026-06-08,late
A006329,S0080,G030,2026-06-10,present
A006330,S0090,G030,2026-06-10,present
A006331,S0144,G030,2026-06-10,present
A006332,S0147,G030,2026-06-10,absent
A006333,S0151,G030,2026-06-10,present
A006334,S0254,G030,2026-06-10,present
A006335,S0278,G030,2026-06-10,present
A006336,S0296,G030,2026-06-10,absent
A006337,S0080,G030,2026-06-12,present
A006338,S0090,G030,2026-06-12,present
A006339,S0144,G030,2026-06-12,present
A006340,S0147,G030,2026-06-12,present
A006341,S0151,G030,2026-06-12,present
A006342,S0159,G030,2026-06-12,present
A006343,S0254,G030,2026-06-12,present
A006344,S0278,G030,2026-06-12,present
A006345,S0296,G030,2026-06-12,present
A006346,S0080,G030,2026-06-16,absent
A006347,S0090,G030,2026-06-16,late
A006348,S0144,G030,2026-06-16,present
A006349,S0147,G030,2026-06-16,absent
A006350,S0151,G030,2026-06-16,late
A006351,S0159,G030,2026-06-16,present
A006352,S0254,G030,2026-06-16,present
A006353,S0278,G030,2026-06-16,present
A006354,S0296,G030,2026-06-16,absent
A006355,S0080,G030,2026-06-18,present
A006356,S0090,G030,2026-06-18,present
A006357,S0144,G030,2026-06-18,present
A006358,S0147,G030,2026-06-18,present
A006359,S0151,G030,2026-06-18,present
A006360,S0159,G030,2026-06-18,present
A006361,S0254,G030,2026-06-18,present
A006362,S0278,G030,2026-06-18,late
A006363,S0296,G030,2026-06-18,excused
A006364,S0080,G030,2026-06-20,present
A006365,S0090,G030,2026-06-20,present
A006366,S0144,G030,2026-06-20,present
A006367,S0147,G030,2026-06-20,present
A006368,S0151,G030,2026-06-20,present
A006369,S0159,G030,2026-06-20,present
A006370,S0254,G030,2026-06-20,present
A006371,S0278,G030,2026-06-20,present
A006372,S0296,G030,2026-06-20,excused
A006373,S0080,G030,2026-06-22,present
A006374,S0090,G030,2026-06-22,present
A006375,S0144,G030,2026-06-22,present
A006376,S0147,G030,2026-06-22,present
A006377,S0151,G030,2026-06-22,late
A006378,S0159,G030,2026-06-22,present
A006379,S0254,G030,2026-06-22,present
A006380,S0278,G030,2026-06-22,present
A006381,S0296,G030,2026-06-22,present
A006382,S0080,G030,2026-06-24,present
A006383,S0090,G030,2026-06-24,absent
A006384,S0144,G030,2026-06-24,absent
A006385,S0147,G030,2026-06-24,present
A006386,S0151,G030,2026-06-24,late
A006387,S0159,G030,2026-06-24,absent
A006388,S0254,G030,2026-06-24,present
A006389,S0278,G030,2026-06-24,present
A006390,S0296,G030,2026-06-24,present
A006391,S0080,G030,2026-06-26,present
A006392,S0090,G030,2026-06-26,present
A006393,S0144,G030,2026-06-26,present
A006394,S0147,G030,2026-06-26,present
A006395,S0151,G030,2026-06-26,present
A006396,S0159,G030,2026-06-26,present
A006397,S0254,G030,2026-06-26,late
A006398,S0278,G030,2026-06-26,present
A006399,S0296,G030,2026-06-26,present
A006400,S0080,G030,2026-06-30,present
A006401,S0090,G030,2026-06-30,present
A006402,S0144,G030,2026-06-30,present
A006403,S0147,G030,2026-06-30,present
A006404,S0151,G030,2026-06-30,present
A006405,S0159,G030,2026-06-30,present
A006406,S0219,G030,2026-06-30,present
A006407,S0254,G030,2026-06-30,present
A006408,S0278,G030,2026-06-30,present
A006409,S0296,G030,2026-06-30,present
A006410,S0080,G030,2026-07-02,present
A006411,S0090,G030,2026-07-02,present
A006412,S0144,G030,2026-07-02,excused
A006413,S0147,G030,2026-07-02,present
A006414,S0151,G030,2026-07-02,present
A006415,S0159,G030,2026-07-02,present
A006416,S0219,G030,2026-07-02,present
A006417,S0254,G030,2026-07-02,present
A006418,S0278,G030,2026-07-02,present
A006419,S0296,G030,2026-07-02,late
A006420,S0080,G030,2026-07-04,present
A006421,S0090,G030,2026-07-04,absent
A006422,S0144,G030,2026-07-04,present
A006423,S0147,G030,2026-07-04,present
A006424,S0151,G030,2026-07-04,present
A006425,S0159,G030,2026-07-04,present
A006426,S0219,G030,2026-07-04,absent
A006427,S0254,G030,2026-07-04,late
A006428,S0278,G030,2026-07-04,present
A006429,S0296,G030,2026-07-04,present
A006430,S0080,G030,2026-07-06,present
A006431,S0090,G030,2026-07-06,present
A006432,S0144,G030,2026-07-06,absent
A006433,S0147,G030,2026-07-06,present
A006434,S0151,G030,2026-07-06,present
A006435,S0159,G030,2026-07-06,present
A006436,S0219,G030,2026-07-06,present
A006437,S0254,G030,2026-07-06,present
A006438,S0278,G030,2026-07-06,present
A006439,S0296,G030,2026-07-06,present
A006440,S0080,G030,2026-07-08,excused
A006441,S0090,G030,2026-07-08,late
A006442,S0144,G030,2026-07-08,present
A006443,S0147,G030,2026-07-08,present
A006444,S0151,G030,2026-07-08,present
A006445,S0159,G030,2026-07-08,present
A006446,S0219,G030,2026-07-08,present
A006447,S0254,G030,2026-07-08,present
A006448,S0278,G030,2026-07-08,present
A006449,S0296,G030,2026-07-08,excused
A006450,S0080,G030,2026-07-10,present
A006451,S0090,G030,2026-07-10,late
A006452,S0144,G030,2026-07-10,present
A006453,S0147,G030,2026-07-10,present
A006454,S0151,G030,2026-07-10,excused
A006455,S0159,G030,2026-07-10,present
A006456,S0170,G030,2026-07-10,present
A006457,S0219,G030,2026-07-10,present
A006458,S0254,G030,2026-07-10,absent
A006459,S0278,G030,2026-07-10,present
A006460,S0296,G030,2026-07-10,late
A006461,S0080,G030,2026-07-14,present
A006462,S0090,G030,2026-07-14,present
A006463,S0144,G030,2026-07-14,absent
A006464,S0147,G030,2026-07-14,present
A006465,S0151,G030,2026-07-14,present
A006466,S0159,G030,2026-07-14,present
A006467,S0170,G030,2026-07-14,present
A006468,S0219,G030,2026-07-14,present
A006469,S0254,G030,2026-07-14,present
A006470,S0278,G030,2026-07-14,present
A006471,S0296,G030,2026-07-14,present
A006472,S0080,G030,2026-07-16,absent
A006473,S0090,G030,2026-07-16,present
A006474,S0144,G030,2026-07-16,present
A006475,S0147,G030,2026-07-16,present
A006476,S0151,G030,2026-07-16,present
A006477,S0159,G030,2026-07-16,present
A006478,S0170,G030,2026-07-16,present
A006479,S0219,G030,2026-07-16,present
A006480,S0254,G030,2026-07-16,present
A006481,S0278,G030,2026-07-16,present
A006482,S0296,G030,2026-07-16,present
A006483,S0080,G030,2026-07-18,late
A006484,S0090,G030,2026-07-18,present
A006485,S0144,G030,2026-07-18,present
A006486,S0147,G030,2026-07-18,present
A006487,S0151,G030,2026-07-18,present
A006488,S0159,G030,2026-07-18,present
A006489,S0170,G030,2026-07-18,present
A006490,S0219,G030,2026-07-18,present
A006491,S0254,G030,2026-07-18,present
A006492,S0278,G030,2026-07-18,present
A006493,S0296,G030,2026-07-18,present
A006494,S0050,G030,2026-07-20,present
A006495,S0080,G030,2026-07-20,present
A006496,S0090,G030,2026-07-20,present
A006497,S0144,G030,2026-07-20,late
A006498,S0147,G030,2026-07-20,present
A006499,S0151,G030,2026-07-20,present
A006500,S0159,G030,2026-07-20,present
A006501,S0170,G030,2026-07-20,absent
A006502,S0219,G030,2026-07-20,present
A006503,S0254,G030,2026-07-20,present
A006504,S0278,G030,2026-07-20,present
A006505,S0296,G030,2026-07-20,present
A006506,S0050,G030,2026-07-22,present
A006507,S0080,G030,2026-07-22,present
A006508,S0090,G030,2026-07-22,present
A006509,S0144,G030,2026-07-22,present
A006510,S0147,G030,2026-07-22,present
A006511,S0151,G030,2026-07-22,present
A006512,S0159,G030,2026-07-22,present
A006513,S0170,G030,2026-07-22,present
A006514,S0219,G030,2026-07-22,present
A006515,S0254,G030,2026-07-22,present
A006516,S0278,G030,2026-07-22,present
A006517,S0296,G030,2026-07-22,present
A006518,S0050,G030,2026-07-24,present
A006519,S0080,G030,2026-07-24,absent
A006520,S0090,G030,2026-07-24,present
A006521,S0144,G030,2026-07-24,present
A006522,S0147,G030,2026-07-24,present
A006523,S0151,G030,2026-07-24,absent
A006524,S0159,G030,2026-07-24,present
A006525,S0170,G030,2026-07-24,present
A006526,S0219,G030,2026-07-24,present
A006527,S0254,G030,2026-07-24,present
A006528,S0278,G030,2026-07-24,present
A006529,S0296,G030,2026-07-24,present
A006530,S0050,G030,2026-07-28,present
A006531,S0080,G030,2026-07-28,present
A006532,S0090,G030,2026-07-28,absent
A006533,S0144,G030,2026-07-28,present
A006534,S0147,G030,2026-07-28,absent
A006535,S0151,G030,2026-07-28,present
A006536,S0159,G030,2026-07-28,present
A006537,S0170,G030,2026-07-28,present
A006538,S0219,G030,2026-07-28,late
A006539,S0254,G030,2026-07-28,present
A006540,S0278,G030,2026-07-28,present
A006541,S0296,G030,2026-07-28,present
A006542,S0050,G030,2026-07-30,excused
A006543,S0080,G030,2026-07-30,present
A006544,S0090,G030,2026-07-30,present
A006545,S0144,G030,2026-07-30,present
A006546,S0147,G030,2026-07-30,late
A006547,S0151,G030,2026-07-30,absent
A006548,S0159,G030,2026-07-30,present
A006549,S0170,G030,2026-07-30,present
A006550,S0219,G030,2026-07-30,present
A006551,S0254,G030,2026-07-30,present
A006552,S0278,G030,2026-07-30,present
A006553,S0296,G030,2026-07-30,absent
A006554,S0050,G030,2026-08-01,present
A006555,S0080,G030,2026-08-01,present
A006556,S0090,G030,2026-08-01,present
A006557,S0144,G030,2026-08-01,present
A006558,S0147,G030,2026-08-01,present
A006559,S0151,G030,2026-08-01,present
A006560,S0159,G030,2026-08-01,present
A006561,S0170,G030,2026-08-01,present
A006562,S0219,G030,2026-08-01,present
A006563,S0254,G030,2026-08-01,present
A006564,S0278,G030,2026-08-01,present
A006565,S0296,G030,2026-08-01,present
A006566,S0050,G030,2026-08-03,present
A006567,S0080,G030,2026-08-03,present
A006568,S0090,G030,2026-08-03,present
A006569,S0144,G030,2026-08-03,present
A006570,S0147,G030,2026-08-03,present
A006571,S0151,G030,2026-08-03,absent
A006572,S0159,G030,2026-08-03,present
A006573,S0170,G030,2026-08-03,present
A006574,S0219,G030,2026-08-03,present
A006575,S0254,G030,2026-08-03,present
A006576,S0278,G030,2026-08-03,present
A006577,S0296,G030,2026-08-03,present
A006578,S0050,G030,2026-08-05,present
A006579,S0080,G030,2026-08-05,present
A006580,S0090,G030,2026-08-05,absent
A006581,S0144,G030,2026-08-05,late
A006582,S0147,G030,2026-08-05,present
A006583,S0151,G030,2026-08-05,present
A006584,S0159,G030,2026-08-05,present
A006585,S0170,G030,2026-08-05,late
A006586,S0219,G030,2026-08-05,late
A006587,S0254,G030,2026-08-05,late
A006588,S0278,G030,2026-08-05,present
A006589,S0296,G030,2026-08-05,excused
A006590,S0050,G030,2026-08-07,present
A006591,S0080,G030,2026-08-07,present
A006592,S0090,G030,2026-08-07,present
A006593,S0144,G030,2026-08-07,present
A006594,S0147,G030,2026-08-07,absent
A006595,S0151,G030,2026-08-07,present
A006596,S0159,G030,2026-08-07,absent
A006597,S0170,G030,2026-08-07,present
A006598,S0180,G030,2026-08-07,present
A006599,S0219,G030,2026-08-07,present
A006600,S0254,G030,2026-08-07,present
A006601,S0278,G030,2026-08-07,present
A006602,S0296,G030,2026-08-07,present
A006603,S0050,G030,2026-08-11,absent
A006604,S0080,G030,2026-08-11,late
A006605,S0090,G030,2026-08-11,present
A006606,S0144,G030,2026-08-11,present
A006607,S0147,G030,2026-08-11,absent
A006608,S0151,G030,2026-08-11,present
A006609,S0159,G030,2026-08-11,present
A006610,S0170,G030,2026-08-11,present
A006611,S0180,G030,2026-08-11,late
A006612,S0219,G030,2026-08-11,present
A006613,S0254,G030,2026-08-11,excused
A006614,S0278,G030,2026-08-11,present
A006615,S0296,G030,2026-08-11,present
A006616,S0050,G030,2026-08-13,present
A006617,S0080,G030,2026-08-13,present
A006618,S0090,G030,2026-08-13,present
A006619,S0144,G030,2026-08-13,present
A006620,S0147,G030,2026-08-13,present
A006621,S0151,G030,2026-08-13,present
A006622,S0159,G030,2026-08-13,absent
A006623,S0170,G030,2026-08-13,present
A006624,S0180,G030,2026-08-13,absent
A006625,S0219,G030,2026-08-13,absent
A006626,S0254,G030,2026-08-13,present
A006627,S0278,G030,2026-08-13,present
A006628,S0296,G030,2026-08-13,excused
A006629,S0050,G030,2026-08-15,absent
A006630,S0080,G030,2026-08-15,absent
A006631,S0090,G030,2026-08-15,present
A006632,S0144,G030,2026-08-15,absent
A006633,S0147,G030,2026-08-15,present
A006634,S0151,G030,2026-08-15,present
A006635,S0159,G030,2026-08-15,present
A006636,S0170,G030,2026-08-15,present
A006637,S0180,G030,2026-08-15,present
A006638,S0219,G030,2026-08-15,present
A006639,S0254,G030,2026-08-15,present
A006640,S0278,G030,2026-08-15,present
A006641,S0296,G030,2026-08-15,present
A006642,S0050,G030,2026-08-17,present
A006643,S0080,G030,2026-08-17,present
A006644,S0090,G030,2026-08-17,excused
A006645,S0144,G030,2026-08-17,present
A006646,S0147,G030,2026-08-17,present
A006647,S0151,G030,2026-08-17,excused
A006648,S0159,G030,2026-08-17,late
A006649,S0170,G030,2026-08-17,present
A006650,S0180,G030,2026-08-17,present
A006651,S0219,G030,2026-08-17,present
A006652,S0254,G030,2026-08-17,present
A006653,S0278,G030,2026-08-17,absent
A006654,S0296,G030,2026-08-17,excused
A006655,S0050,G030,2026-08-19,present
A006656,S0080,G030,2026-08-19,present
A006657,S0090,G030,2026-08-19,late
A006658,S0144,G030,2026-08-19,absent
A006659,S0147,G030,2026-08-19,present
A006660,S0151,G030,2026-08-19,present
A006661,S0159,G030,2026-08-19,present
A006662,S0170,G030,2026-08-19,present
A006663,S0180,G030,2026-08-19,present
A006664,S0219,G030,2026-08-19,present
A006665,S0254,G030,2026-08-19,present
A006666,S0278,G030,2026-08-19,present
A006667,S0296,G030,2026-08-19,present
A006668,S0050,G030,2026-08-21,present
A006669,S0080,G030,2026-08-21,present
A006670,S0090,G030,2026-08-21,present
A006671,S0144,G030,2026-08-21,excused
A006672,S0147,G030,2026-08-21,present
A006673,S0151,G030,2026-08-21,present
A006674,S0159,G030,2026-08-21,present
A006675,S0170,G030,2026-08-21,present
A006676,S0180,G030,2026-08-21,present
A006677,S0219,G030,2026-08-21,present
A006678,S0254,G030,2026-08-21,late
A006679,S0278,G030,2026-08-21,present
A006680,S0296,G030,2026-08-21,late
A006681,S0050,G030,2026-08-25,present
A006682,S0067,G030,2026-08-25,present
A006683,S0080,G030,2026-08-25,absent
A006684,S0090,G030,2026-08-25,present
A006685,S0144,G030,2026-08-25,present
A006686,S0147,G030,2026-08-25,absent
A006687,S0151,G030,2026-08-25,present
A006688,S0159,G030,2026-08-25,present
A006689,S0170,G030,2026-08-25,absent
A006690,S0180,G030,2026-08-25,present
A006691,S0181,G030,2026-08-25,late
A006692,S0219,G030,2026-08-25,present
A006693,S0254,G030,2026-08-25,present
A006694,S0278,G030,2026-08-25,present
A006695,S0296,G030,2026-08-25,present
A006696,S0050,G030,2026-08-27,excused
A006697,S0067,G030,2026-08-27,present
A006698,S0080,G030,2026-08-27,present
A006699,S0090,G030,2026-08-27,present
A006700,S0144,G030,2026-08-27,present
A006701,S0147,G030,2026-08-27,present
A006702,S0151,G030,2026-08-27,present
A006703,S0159,G030,2026-08-27,present
A006704,S0170,G030,2026-08-27,present
A006705,S0180,G030,2026-08-27,excused
A006706,S0181,G030,2026-08-27,present
A006707,S0219,G030,2026-08-27,absent
A006708,S0254,G030,2026-08-27,present
A006709,S0278,G030,2026-08-27,present
A006710,S0296,G030,2026-08-27,present
A006711,S0050,G030,2026-08-29,present
A006712,S0067,G030,2026-08-29,absent
A006713,S0080,G030,2026-08-29,present
A006714,S0090,G030,2026-08-29,present
A006715,S0144,G030,2026-08-29,present
A006716,S0147,G030,2026-08-29,present
A006717,S0151,G030,2026-08-29,present
A006718,S0159,G030,2026-08-29,present
A006719,S0170,G030,2026-08-29,late
A006720,S0180,G030,2026-08-29,present
A006721,S0181,G030,2026-08-29,present
A006722,S0219,G030,2026-08-29,absent
A006723,S0254,G030,2026-08-29,present
A006724,S0278,G030,2026-08-29,present
A006725,S0296,G030,2026-08-29,present
A006726,S0050,G030,2026-08-31,present
A006727,S0067,G030,2026-08-31,present
A006728,S0080,G030,2026-08-31,present
A006729,S0090,G030,2026-08-31,present
A006730,S0144,G030,2026-08-31,present
A006731,S0147,G030,2026-08-31,present
A006732,S0151,G030,2026-08-31,present
A006733,S0159,G030,2026-08-31,present
A006734,S0170,G030,2026-08-31,present
A006735,S0180,G030,2026-08-31,present
A006736,S0181,G030,2026-08-31,present
A006737,S0219,G030,2026-08-31,present
A006738,S0254,G030,2026-08-31,present
A006739,S0278,G030,2026-08-31,present
A006740,S0296,G030,2026-08-31,present
