call_id,lead_id,operator,date,direction,duration_sec,outcome,score,stage
C00001,L0295,Lola Qodirova,2025-12-13,in,460,enrolled,95,needs
C00002,L0509,Sardor Yusufov,2026-03-06,in,711,interested,75,needs
C00003,L0109,Sardor Yusufov,2025-11-13,in,239,interested,82,close
C00004,L0427,Sardor Yusufov,2026-01-16,in,331,no_answer,20,close
C00005,L0832,Lola Qodirova,2026-04-11,out,782,refused,37,needs
C00006,L0680,Jamshid Umarov,2026-04-29,in,463,interested,87,close
C00007,L0804,Sherzod Nishonov,2026-06-05,out,721,enrolled,92,close
C00008,L0395,Sherzod Nishonov,2026-02-12,out,461,interested,58,opening
C00009,L0005,Jamshid Umarov,2025-10-27,in,775,enrolled,97,pitch
C00010,L0699,Botir Nazarov,2026-05-08,out,288,no_answer,26,opening
C00011,L0351,Dilnoza Karimova,2026-01-05,out,489,interested,86,close
C00012,L0862,Dilnoza Karimova,2026-04-04,out,49,interested,78,close
C00013,L0556,Diyora Rustamova,2026-03-09,out,200,interested,89,pitch
C00014,L0136,Botir Nazarov,2025-11-07,out,641,callback,57,opening
C00015,L0966,Farrux Ahmadov,2026-06-28,out,51,refused,27,needs
C00016,L0783,Lola Qodirova,2026-05-03,out,895,refused,30,needs
C00017,L0994,Farrux Ahmadov,2026-07-15,out,138,refused,12,needs
C00018,L0145,Diyora Rustamova,2025-11-18,in,879,callback,60,needs
C00019,L0679,Farrux Ahmadov,2026-03-02,out,489,callback,55,pitch
C00020,L0804,Sherzod Nishonov,2026-04-17,out,117,no_answer,17,needs
C00021,L0419,Dilnoza Karimova,2026-02-19,out,30,interested,79,opening
C00022,L0443,Lola Qodirova,2026-02-22,in,736,enrolled,100,close
C00023,L0670,Botir Nazarov,2026-04-12,out,143,callback,29,needs
C00024,L1154,Sardor Yusufov,2026-08-16,out,443,callback,34,opening
C00025,L0257,Botir Nazarov,2025-12-30,out,158,interested,80,opening
C00026,L0270,Diyora Rustamova,2026-01-03,in,468,interested,56,needs
C00027,L0112,Lola Qodirova,2025-09-17,in,717,no_answer,16,opening
C00028,L0636,Diyora Rustamova,2026-03-22,in,896,interested,82,opening
C00029,L0001,Farrux Ahmadov,2025-09-16,out,592,no_answer,15,opening
C00030,L0374,Sardor Yusufov,2026-02-03,out,809,refused,11,opening
C00031,L0846,Sardor Yusufov,2026-05-02,in,599,enrolled,73,opening
C00032,L0832,Diyora Rustamova,2026-05-02,in,640,refused,34,needs
C00033,L0761,Botir Nazarov,2026-03-18,in,172,refused,16,needs
C00034,L1072,Diyora Rustamova,2026-08-07,out,445,refused,28,close
C00035,L0545,Sardor Yusufov,2026-01-22,in,864,enrolled,88,close
C00036,L0358,Botir Nazarov,2025-12-13,in,724,enrolled,95,close
C00037,L0828,Lola Qodirova,2026-06-06,out,648,enrolled,97,opening
C00038,L1178,Lola Qodirova,2026-08-29,out,732,interested,71,close
C00039,L1073,Jamshid Umarov,2026-08-22,in,110,interested,79,needs
C00040,L0650,Jamshid Umarov,2026-03-31,in,873,no_answer,20,pitch
C00041,L0472,Sherzod Nishonov,2026-01-16,out,729,no_answer,2,pitch
C00042,L0115,Sardor Yusufov,2025-10-04,out,336,callback,42,close
C00043,L0526,Diyora Rustamova,2026-01-21,out,403,callback,62,close
C00044,L0157,Lola Qodirova,2025-11-19,in,217,callback,74,needs
C00045,L0060,Diyora Rustamova,2025-10-07,in,856,interested,75,needs
C00046,L0341,Dilnoza Karimova,2026-01-08,out,763,no_answer,9,opening
C00047,L0317,Sherzod Nishonov,2025-12-01,in,60,refused,57,pitch
C00048,L0459,Farrux Ahmadov,2026-03-01,in,830,callback,56,opening
C00049,L0105,Jamshid Umarov,2025-09-05,in,809,callback,43,pitch
C00050,L0184,Diyora Rustamova,2025-10-31,in,715,callback,50,needs
C00051,L1088,Lola Qodirova,2026-08-23,in,494,interested,75,needs
C00052,L0947,Farrux Ahmadov,2026-07-20,out,149,no_answer,17,close
C00053,L1150,Dilnoza Karimova,2026-08-22,in,624,no_answer,20,opening
C00054,L0625,Sardor Yusufov,2026-03-22,in,556,interested,53,pitch
C00055,L0338,Sherzod Nishonov,2025-12-03,in,326,interested,82,opening
C00056,L0645,Farrux Ahmadov,2026-02-18,in,434,no_answer,7,opening
C00057,L0427,Diyora Rustamova,2026-02-20,out,731,interested,74,pitch
C00058,L1076,Diyora Rustamova,2026-08-19,out,520,callback,72,needs
C00059,L0507,Botir Nazarov,2026-02-03,in,387,interested,73,needs
C00060,L0021,Lola Qodirova,2025-10-14,in,20,refused,20,needs
C00061,L0054,Jamshid Umarov,2025-11-05,out,642,no_answer,22,pitch
C00062,L0537,Diyora Rustamova,2026-03-06,out,337,refused,23,opening
C00063,L1081,Dilnoza Karimova,2026-08-20,out,239,callback,61,opening
C00064,L0087,Sardor Yusufov,2025-09-19,in,22,callback,68,needs
C00065,L0916,Jamshid Umarov,2026-06-14,in,362,callback,68,pitch
C00066,L0752,Sherzod Nishonov,2026-04-28,out,297,refused,31,close
C00067,L0210,Jamshid Umarov,2025-10-26,out,824,no_answer,14,needs
C00068,L0133,Jamshid Umarov,2025-12-08,out,393,interested,67,opening
C00069,L0279,Farrux Ahmadov,2025-11-24,out,769,refused,22,opening
C00070,L0356,Farrux Ahmadov,2026-01-14,in,432,interested,87,opening
C00071,L0998,Dilnoza Karimova,2026-08-28,in,860,refused,40,close
C00072,L0397,Lola Qodirova,2025-12-16,in,130,no_answer,3,close
C00073,L0072,Botir Nazarov,2025-11-02,out,605,no_answer,6,needs
C00074,L1031,Botir Nazarov,2026-07-20,out,557,enrolled,94,close
C00075,L0427,Farrux Ahmadov,2026-02-17,in,638,enrolled,100,needs
C00076,L0070,Farrux Ahmadov,2025-09-03,out,646,callback,34,needs
C00077,L0436,Sherzod Nishonov,2026-02-17,out,730,enrolled,87,close
C00078,L1048,Dilnoza Karimova,2026-07-09,in,227,enrolled,89,opening
C00079,L0559,Dilnoza Karimova,2026-03-18,in,508,no_answer,9,needs
C00080,L0569,Diyora Rustamova,2026-02-13,out,292,no_answer,9,pitch
C00081,L0538,Diyora Rustamova,2026-03-08,out,364,no_answer,0,opening
C00082,L0562,Botir Nazarov,2026-03-27,out,252,enrolled,79,needs
C00083,L0312,Jamshid Umarov,2025-12-09,out,447,refused,25,needs
C00084,L0151,Jamshid Umarov,2025-11-22,out,190,refused,26,close
C00085,L0635,Diyora Rustamova,2026-03-04,out,458,interested,81,pitch
C00086,L0769,Sardor Yusufov,2026-03-30,out,658,interested,63,opening
C00087,L0888,Botir Nazarov,2026-06-13,out,619,interested,77,needs
C00088,L0972,Diyora Rustamova,2026-06-12,out,579,no_answer,9,pitch
C00089,L0854,Lola Qodirova,2026-05-08,out,527,interested,85,pitch
C00090,L0810,Lola Qodirova,2026-05-15,out,812,callback,62,opening
C00091,L0694,Diyora Rustamova,2026-05-06,in,204,interested,57,needs
C00092,L0115,Jamshid Umarov,2025-11-03,in,465,refused,27,pitch
C00093,L0196,Sherzod Nishonov,2025-10-26,in,434,enrolled,82,needs
C00094,L1135,Diyora Rustamova,2026-08-08,in,392,refused,15,opening
C00095,L1168,Botir Nazarov,2026-08-30,out,394,callback,55,opening
C00096,L0358,Jamshid Umarov,2025-12-07,out,281,refused,56,opening
C00097,L0264,Diyora Rustamova,2025-11-30,out,287,no_answer,23,close
C00098,L0003,Dilnoza Karimova,2025-11-21,in,766,enrolled,84,needs
C00099,L0275,Sardor Yusufov,2025-11-25,in,715,interested,73,needs
C00100,L0128,Sherzod Nishonov,2025-10-09,out,368,refused,33,needs
C00101,L1118,Dilnoza Karimova,2026-08-31,out,240,refused,49,opening
C00102,L0115,Jamshid Umarov,2025-10-10,out,227,interested,75,needs
C00103,L0015,Botir Nazarov,2025-10-30,out,445,no_answer,23,needs
C00104,L0897,Botir Nazarov,2026-05-27,out,720,no_answer,20,close
C00105,L0974,Sardor Yusufov,2026-07-02,out,894,refused,41,opening
C00106,L1174,Jamshid Umarov,2026-08-08,out,812,callback,52,close
C00107,L0387,Farrux Ahmadov,2026-01-20,in,342,refused,28,pitch
C00108,L1094,Sardor Yusufov,2026-08-02,in,533,enrolled,89,pitch
C00109,L0427,Farrux Ahmadov,2025-12-27,out,163,refused,23,needs
C00110,L0586,Sardor Yusufov,2026-04-05,out,543,interested,72,opening
C00111,L0345,Sardor Yusufov,2026-02-17,out,808,refused,40,opening
C00112,L0870,Farrux Ahmadov,2026-06-13,in,632,refused,31,opening
C00113,L0991,Farrux Ahmadov,2026-07-18,out,627,refused,38,opening
C00114,L0085,Jamshid Umarov,2025-10-23,out,161,no_answer,3,close
C00115,L0813,Farrux Ahmadov,2026-05-12,out,509,no_answer,9,pitch
C00116,L0813,Farrux Ahmadov,2026-06-23,out,696,interested,79,close
C00117,L0246,Botir Nazarov,2025-12-20,out,315,interested,66,pitch
C00118,L0273,Jamshid Umarov,2025-12-31,out,173,interested,71,pitch
C00119,L1125,Lola Qodirova,2026-08-22,out,392,no_answer,11,needs
C00120,L0788,Diyora Rustamova,2026-06-11,in,250,refused,38,pitch
C00121,L0269,Farrux Ahmadov,2025-12-18,out,399,callback,46,needs
C00122,L0172,Lola Qodirova,2025-11-09,out,75,no_answer,8,opening
C00123,L0562,Jamshid Umarov,2026-03-31,out,220,callback,41,pitch
C00124,L0090,Sardor Yusufov,2025-09-17,out,789,no_answer,14,pitch
C00125,L0998,Jamshid Umarov,2026-07-25,out,855,interested,66,needs
C00126,L0713,Lola Qodirova,2026-03-22,out,534,interested,73,close
C00127,L0271,Sherzod Nishonov,2025-12-15,out,447,refused,23,close
C00128,L0715,Dilnoza Karimova,2026-05-10,in,228,enrolled,76,needs
C00129,L0385,Jamshid Umarov,2026-02-05,out,891,enrolled,83,opening
C00130,L0051,Jamshid Umarov,2025-10-22,in,502,interested,73,close
C00131,L0865,Lola Qodirova,2026-05-31,in,580,no_answer,18,pitch
C00132,L1086,Lola Qodirova,2026-08-06,out,657,no_answer,0,opening
C00133,L0266,Jamshid Umarov,2026-01-17,out,634,interested,78,needs
C00134,L0865,Lola Qodirova,2026-05-16,out,893,callback,43,opening
C00135,L0511,Diyora Rustamova,2026-02-08,in,178,refused,23,opening
C00136,L0957,Botir Nazarov,2026-05-23,out,854,refused,31,opening
C00137,L0143,Dilnoza Karimova,2025-11-04,out,458,refused,23,opening
C00138,L0623,Farrux Ahmadov,2026-04-05,out,748,no_answer,10,pitch
C00139,L0842,Diyora Rustamova,2026-05-05,in,80,no_answer,17,close
C00140,L0099,Botir Nazarov,2025-11-01,out,792,interested,84,needs
C00141,L0008,Dilnoza Karimova,2025-11-10,out,179,callback,54,opening
C00142,L0697,Farrux Ahmadov,2026-05-28,out,750,enrolled,84,pitch
C00143,L0549,Diyora Rustamova,2026-03-02,out,466,interested,77,pitch
C00144,L0004,Dilnoza Karimova,2025-10-01,in,50,enrolled,93,opening
C00145,L0529,Sardor Yusufov,2026-03-21,out,703,no_answer,24,pitch
C00146,L0577,Lola Qodirova,2026-03-26,out,247,interested,92,pitch
C00147,L0477,Dilnoza Karimova,2026-01-27,out,848,callback,60,pitch
C00148,L0701,Diyora Rustamova,2026-03-05,out,457,no_answer,13,pitch
C00149,L0933,Sherzod Nishonov,2026-06-17,in,619,interested,72,needs
C00150,L1010,Dilnoza Karimova,2026-07-29,out,838,callback,68,close
C00151,L0729,Diyora Rustamova,2026-03-19,in,579,refused,9,opening
C00152,L0682,Farrux Ahmadov,2026-04-07,in,49,callback,73,pitch
C00153,L0222,Jamshid Umarov,2025-11-13,out,799,enrolled,75,opening
C00154,L0476,Lola Qodirova,2026-02-25,in,248,callback,38,needs
C00155,L1118,Diyora Rustamova,2026-08-31,in,46,no_answer,13,pitch
C00156,L0008,Farrux Ahmadov,2025-11-21,out,148,no_answer,20,needs
C00157,L0944,Diyora Rustamova,2026-05-23,in,109,callback,47,close
C00158,L0100,Diyora Rustamova,2025-10-27,in,276,interested,82,needs
C00159,L0671,Dilnoza Karimova,2026-03-30,out,285,no_answer,0,needs
C00160,L0794,Diyora Rustamova,2026-04-30,out,253,interested,69,pitch
C00161,L1173,Dilnoza Karimova,2026-08-31,out,268,interested,67,opening
C00162,L0741,Diyora Rustamova,2026-05-03,in,689,enrolled,95,pitch
C00163,L0167,Sherzod Nishonov,2025-11-06,out,323,refused,45,needs
C00164,L1044,Farrux Ahmadov,2026-06-27,out,234,refused,30,pitch
C00165,L0014,Jamshid Umarov,2025-09-27,out,723,no_answer,7,pitch
C00166,L0283,Lola Qodirova,2025-12-13,in,808,callback,48,pitch
C00167,L0292,Lola Qodirova,2026-01-04,out,364,refused,43,pitch
C00168,L1002,Farrux Ahmadov,2026-06-26,in,49,interested,71,needs
C00169,L0249,Dilnoza Karimova,2025-12-16,in,739,no_answer,17,needs
C00170,L0746,Farrux Ahmadov,2026-05-29,out,315,enrolled,100,opening
C00171,L1132,Sardor Yusufov,2026-08-23,in,807,no_answer,25,pitch
C00172,L0088,Dilnoza Karimova,2025-10-08,in,276,no_answer,7,needs
C00173,L0891,Sardor Yusufov,2026-07-15,out,283,callback,72,pitch
C00174,L0535,Dilnoza Karimova,2026-01-06,out,374,interested,68,opening
C00175,L1166,Jamshid Umarov,2026-08-23,out,732,interested,72,pitch
C00176,L0316,Sherzod Nishonov,2026-01-10,out,839,enrolled,93,pitch
C00177,L0982,Farrux Ahmadov,2026-07-16,out,483,enrolled,90,pitch
C00178,L0164,Botir Nazarov,2025-11-17,out,510,callback,55,opening
C00179,L0349,Lola Qodirova,2026-02-16,out,657,callback,64,opening
C00180,L1049,Sherzod Nishonov,2026-07-08,out,351,interested,94,pitch
C00181,L0124,Botir Nazarov,2025-10-30,out,844,no_answer,10,needs
C00182,L0781,Diyora Rustamova,2026-06-22,out,357,no_answer,30,needs
C00183,L0829,Diyora Rustamova,2026-05-05,out,853,refused,48,close
C00184,L0216,Sherzod Nishonov,2025-11-30,out,867,no_answer,9,opening
C00185,L0957,Jamshid Umarov,2026-06-13,out,550,interested,69,needs
C00186,L0025,Botir Nazarov,2025-10-11,in,555,no_answer,19,close
C00187,L0849,Diyora Rustamova,2026-05-10,in,317,interested,65,needs
C00188,L0409,Sardor Yusufov,2025-12-12,out,123,interested,63,pitch
C00189,L0366,Lola Qodirova,2025-12-16,in,513,no_answer,32,pitch
C00190,L0498,Diyora Rustamova,2026-03-10,out,497,no_answer,12,needs
C00191,L0219,Jamshid Umarov,2025-11-29,in,673,interested,64,close
C00192,L0516,Lola Qodirova,2026-03-08,out,517,refused,29,needs
C00193,L0924,Dilnoza Karimova,2026-06-27,out,474,callback,50,close
C00194,L0262,Dilnoza Karimova,2025-12-01,out,869,refused,35,needs
C00195,L0665,Sardor Yusufov,2026-03-24,out,454,refused,36,opening
C00196,L0277,Farrux Ahmadov,2025-12-09,out,779,interested,70,close
C00197,L0475,Botir Nazarov,2026-02-27,in,868,callback,74,needs
C00198,L0045,Jamshid Umarov,2025-11-13,out,800,callback,56,pitch
C00199,L0157,Farrux Ahmadov,2025-11-08,out,787,interested,93,opening
C00200,L0485,Dilnoza Karimova,2026-01-29,in,843,refused,30,opening
C00201,L0057,Sardor Yusufov,2025-09-28,in,215,enrolled,87,opening
C00202,L0396,Jamshid Umarov,2026-01-27,in,868,callback,58,needs
C00203,L0145,Jamshid Umarov,2025-12-21,out,92,callback,70,close
C00204,L0025,Dilnoza Karimova,2025-09-21,out,190,refused,35,pitch
C00205,L0133,Lola Qodirova,2025-10-29,out,783,no_answer,10,pitch
C00206,L0804,Sherzod Nishonov,2026-05-15,in,738,interested,69,pitch
C00207,L0837,Lola Qodirova,2026-05-25,out,103,interested,89,needs
C00208,L1074,Farrux Ahmadov,2026-08-18,out,416,no_answer,17,opening
C00209,L0075,Jamshid Umarov,2025-10-02,out,394,callback,46,needs
C00210,L0162,Sherzod Nishonov,2025-11-23,out,608,interested,78,needs
C00211,L0101,Botir Nazarov,2025-10-13,out,297,refused,18,opening
C00212,L0006,Sardor Yusufov,2025-09-27,in,268,interested,61,pitch
C00213,L0283,Lola Qodirova,2026-01-14,out,817,refused,45,close
C00214,L0074,Diyora Rustamova,2025-09-30,in,42,callback,50,opening
C00215,L0504,Lola Qodirova,2026-03-01,in,627,interested,88,opening
C00216,L0413,Diyora Rustamova,2025-12-20,out,51,interested,85,pitch
C00217,L0255,Farrux Ahmadov,2026-01-17,in,653,interested,83,opening
C00218,L0970,Diyora Rustamova,2026-08-19,out,797,no_answer,15,pitch
C00219,L0505,Sherzod Nishonov,2026-03-03,out,861,interested,80,pitch
C00220,L0404,Jamshid Umarov,2026-01-03,in,547,callback,69,pitch
C00221,L1008,Sardor Yusufov,2026-06-10,out,369,enrolled,96,close
C00222,L0433,Lola Qodirova,2026-02-28,out,123,interested,78,needs
C00223,L0372,Sardor Yusufov,2026-02-05,in,173,refused,26,pitch
C00224,L0294,Sherzod Nishonov,2025-11-09,in,176,refused,27,opening
C00225,L0509,Sherzod Nishonov,2026-01-18,out,133,enrolled,70,pitch
C00226,L0986,Sherzod Nishonov,2026-08-03,out,100,callback,53,opening
C00227,L1148,Sardor Yusufov,2026-08-17,in,591,enrolled,63,pitch
C00228,L0923,Jamshid Umarov,2026-06-26,out,651,interested,72,opening
C00229,L0543,Sherzod Nishonov,2026-03-01,out,746,interested,85,close
C00230,L0222,Dilnoza Karimova,2025-11-24,out,140,callback,39,pitch
C00231,L1027,Farrux Ahmadov,2026-07-01,in,427,enrolled,80,pitch
C00232,L1025,Diyora Rustamova,2026-07-02,in,706,interested,65,needs
C00233,L0939,Jamshid Umarov,2026-05-19,out,331,callback,65,opening
C00234,L0066,Diyora Rustamova,2025-10-15,in,272,enrolled,83,close
C00235,L0432,Botir Nazarov,2026-01-09,in,183,enrolled,85,pitch
C00236,L0939,Sherzod Nishonov,2026-05-26,in,330,no_answer,9,opening
C00237,L0626,Sardor Yusufov,2026-02-08,out,551,callback,71,needs
C00238,L0814,Jamshid Umarov,2026-04-13,out,839,no_answer,10,opening
C00239,L0156,Dilnoza Karimova,2025-10-25,out,505,no_answer,20,needs
C00240,L0626,Sardor Yusufov,2026-03-24,out,585,refused,17,close
C00241,L0534,Sardor Yusufov,2026-03-09,in,528,no_answer,17,close
C00242,L1182,Diyora Rustamova,2026-08-28,out,535,interested,77,opening
C00243,L0533,Diyora Rustamova,2026-01-17,out,32,interested,92,opening
C00244,L0978,Lola Qodirova,2026-07-07,in,776,callback,59,needs
C00245,L0227,Sherzod Nishonov,2025-11-11,out,866,refused,20,opening
C00246,L1113,Lola Qodirova,2026-08-29,in,51,callback,75,needs
C00247,L0636,Sardor Yusufov,2026-03-07,in,179,enrolled,100,opening
C00248,L0306,Farrux Ahmadov,2025-12-06,out,70,refused,44,needs
C00249,L0375,Botir Nazarov,2026-02-20,out,149,interested,71,needs
C00250,L0882,Jamshid Umarov,2026-05-16,out,114,enrolled,100,close
C00251,L1173,Dilnoza Karimova,2026-08-24,in,832,no_answer,15,needs
C00252,L0228,Dilnoza Karimova,2025-12-02,in,401,refused,42,pitch
C00253,L0327,Farrux Ahmadov,2026-02-07,out,284,interested,77,opening
C00254,L0069,Sardor Yusufov,2025-10-08,in,489,refused,34,opening
C00255,L0941,Botir Nazarov,2026-06-02,in,277,interested,72,pitch
C00256,L0500,Lola Qodirova,2026-02-14,out,618,refused,16,needs
C00257,L0332,Sherzod Nishonov,2026-01-26,in,523,interested,79,close
C00258,L0359,Lola Qodirova,2025-12-14,out,347,enrolled,82,needs
C00259,L0091,Farrux Ahmadov,2025-10-11,out,508,interested,85,opening
C00260,L0287,Botir Nazarov,2025-12-28,out,849,refused,17,needs
C00261,L1115,Sardor Yusufov,2026-07-11,out,629,refused,20,opening
C00262,L1117,Farrux Ahmadov,2026-08-22,out,50,interested,75,close
C00263,L0181,Botir Nazarov,2025-12-05,out,229,enrolled,75,needs
C00264,L1060,Dilnoza Karimova,2026-08-23,in,64,callback,56,opening
C00265,L0594,Botir Nazarov,2026-02-04,out,498,refused,35,opening
C00266,L0758,Jamshid Umarov,2026-05-04,in,216,callback,48,opening
C00267,L0076,Jamshid Umarov,2025-11-09,in,594,interested,70,needs
C00268,L0819,Farrux Ahmadov,2026-06-01,out,737,refused,19,needs
C00269,L0379,Sardor Yusufov,2026-01-12,in,67,callback,67,opening
C00270,L0908,Lola Qodirova,2026-06-06,out,568,no_answer,4,pitch
C00271,L0458,Diyora Rustamova,2026-01-17,out,860,refused,26,opening
C00272,L0570,Jamshid Umarov,2026-03-04,in,44,refused,34,opening
C00273,L0481,Sardor Yusufov,2026-03-02,out,489,callback,37,opening
C00274,L0922,Jamshid Umarov,2026-06-15,in,799,enrolled,71,needs
C00275,L0362,Jamshid Umarov,2026-01-07,out,258,interested,80,close
C00276,L1109,Botir Nazarov,2026-08-13,out,887,interested,66,opening
C00277,L0499,Sherzod Nishonov,2026-02-13,in,777,enrolled,93,needs
C00278,L0622,Sherzod Nishonov,2026-04-12,out,698,refused,32,opening
C00279,L0630,Diyora Rustamova,2026-03-26,in,112,interested,57,opening
C00280,L0624,Sherzod Nishonov,2026-03-30,in,761,interested,83,pitch
C00281,L0402,Jamshid Umarov,2025-12-29,in,538,no_answer,22,needs
C00282,L0480,Botir Nazarov,2026-02-08,in,527,refused,20,opening
C00283,L1125,Sardor Yusufov,2026-08-27,out,653,callback,43,opening
C00284,L0358,Botir Nazarov,2026-01-27,out,154,enrolled,92,needs
C00285,L0877,Farrux Ahmadov,2026-06-21,out,752,refused,43,needs
C00286,L0849,Dilnoza Karimova,2026-05-02,in,314,no_answer,9,pitch
C00287,L0041,Sherzod Nishonov,2025-10-14,out,313,enrolled,91,needs
C00288,L1123,Sherzod Nishonov,2026-08-27,in,119,no_answer,38,pitch
C00289,L0943,Dilnoza Karimova,2026-06-21,in,386,interested,82,close
C00290,L1132,Farrux Ahmadov,2026-08-25,in,766,callback,43,pitch
C00291,L1085,Sardor Yusufov,2026-07-22,out,581,no_answer,26,opening
C00292,L0957,Farrux Ahmadov,2026-05-17,out,223,interested,75,opening
C00293,L0097,Sherzod Nishonov,2025-11-09,in,272,interested,72,needs
C00294,L1075,Diyora Rustamova,2026-08-24,in,743,callback,66,needs
C00295,L0524,Lola Qodirova,2026-01-18,out,616,no_answer,20,needs
C00296,L0254,Farrux Ahmadov,2025-11-21,out,700,interested,74,needs
C00297,L0243,Diyora Rustamova,2026-01-01,out,376,no_answer,25,pitch
C00298,L0166,Sardor Yusufov,2025-12-05,out,318,interested,89,pitch
C00299,L0694,Jamshid Umarov,2026-04-05,out,207,enrolled,80,needs
C00300,L1062,Sherzod Nishonov,2026-08-10,out,699,refused,16,opening
C00301,L0062,Jamshid Umarov,2025-10-12,out,637,callback,55,pitch
C00302,L0389,Diyora Rustamova,2026-01-15,out,437,refused,31,needs
C00303,L0572,Sardor Yusufov,2026-02-10,out,466,interested,85,opening
C00304,L1125,Diyora Rustamova,2026-08-23,out,762,callback,48,close
C00305,L1157,Dilnoza Karimova,2026-08-07,out,198,interested,80,pitch
C00306,L0218,Sherzod Nishonov,2025-10-22,out,664,interested,66,needs
C00307,L0490,Jamshid Umarov,2026-03-11,out,201,no_answer,10,needs
C00308,L0051,Sardor Yusufov,2025-09-21,out,427,callback,67,needs
C00309,L0105,Dilnoza Karimova,2025-10-09,out,761,interested,62,opening
C00310,L0980,Diyora Rustamova,2026-06-27,out,103,refused,50,needs
C00311,L0661,Dilnoza Karimova,2026-04-19,out,419,callback,53,opening
C00312,L0571,Sardor Yusufov,2026-03-24,in,868,interested,75,close
C00313,L0270,Sherzod Nishonov,2025-12-26,out,337,no_answer,2,close
C00314,L0083,Jamshid Umarov,2025-10-31,out,383,callback,57,close
C00315,L1191,Diyora Rustamova,2026-08-15,in,776,interested,76,needs
C00316,L0870,Sardor Yusufov,2026-05-23,in,864,enrolled,94,pitch
C00317,L0334,Botir Nazarov,2025-12-19,in,80,enrolled,98,needs
C00318,L0198,Dilnoza Karimova,2025-12-24,in,30,interested,74,pitch
C00319,L0882,Botir Nazarov,2026-05-30,in,219,enrolled,89,needs
C00320,L1062,Jamshid Umarov,2026-07-31,out,59,callback,54,needs
C00321,L1148,Diyora Rustamova,2026-08-21,in,576,refused,29,pitch
C00322,L0099,Sherzod Nishonov,2025-11-01,in,594,interested,74,pitch
C00323,L0068,Dilnoza Karimova,2025-10-12,in,166,refused,42,needs
C00324,L0589,Lola Qodirova,2026-04-15,out,613,callback,73,pitch
C00325,L0851,Lola Qodirova,2026-05-25,out,868,enrolled,81,opening
C00326,L1062,Sardor Yusufov,2026-08-29,in,586,no_answer,20,needs
C00327,L1094,Farrux Ahmadov,2026-07-28,out,710,callback,74,pitch
C00328,L0087,Sherzod Nishonov,2025-10-21,in,236,callback,71,needs
C00329,L0054,Botir Nazarov,2025-10-01,out,254,interested,83,pitch
C00330,L1061,Lola Qodirova,2026-08-15,out,823,no_answer,16,pitch
C00331,L1121,Jamshid Umarov,2026-08-29,out,696,enrolled,100,needs
C00332,L0259,Farrux Ahmadov,2025-12-08,out,343,interested,74,opening
C00333,L0227,Botir Nazarov,2025-11-05,out,563,callback,66,opening
C00334,L0549,Dilnoza Karimova,2026-03-30,out,342,no_answer,25,close
C00335,L0998,Sherzod Nishonov,2026-07-20,out,54,refused,18,opening
C00336,L0653,Sherzod Nishonov,2026-03-18,in,717,interested,74,needs
C00337,L0218,Botir Nazarov,2025-10-12,out,541,refused,19,pitch
C00338,L0914,Farrux Ahmadov,2026-06-18,in,720,callback,50,close
C00339,L0310,Sherzod Nishonov,2025-12-23,in,49,interested,79,pitch
C00340,L0433,Lola Qodirova,2026-02-18,out,109,interested,61,needs
C00341,L0407,Farrux Ahmadov,2026-01-10,out,563,callback,48,opening
C00342,L0035,Sardor Yusufov,2025-09-29,in,829,enrolled,100,close
C00343,L0422,Jamshid Umarov,2026-02-28,out,885,no_answer,19,pitch
C00344,L0784,Sherzod Nishonov,2026-05-26,in,187,refused,30,pitch
C00345,L0958,Botir Nazarov,2026-06-16,out,713,refused,25,pitch
C00346,L0706,Farrux Ahmadov,2026-03-20,out,808,refused,31,close
C00347,L0584,Sardor Yusufov,2026-03-20,in,231,refused,26,needs
C00348,L0361,Lola Qodirova,2025-12-25,out,480,refused,40,opening
C00349,L0907,Lola Qodirova,2026-07-14,in,685,callback,58,opening
C00350,L0235,Diyora Rustamova,2025-12-08,in,683,interested,77,needs
C00351,L0593,Jamshid Umarov,2026-02-23,in,476,interested,69,pitch
C00352,L0974,Diyora Rustamova,2026-08-03,in,111,interested,86,close
C00353,L0216,Dilnoza Karimova,2025-11-04,in,475,callback,62,opening
C00354,L0717,Sardor Yusufov,2026-04-16,in,115,interested,80,opening
C00355,L0757,Lola Qodirova,2026-05-24,out,774,refused,29,close
C00356,L0203,Botir Nazarov,2025-10-09,out,740,no_answer,8,opening
C00357,L1106,Botir Nazarov,2026-08-16,in,173,callback,53,opening
C00358,L0631,Dilnoza Karimova,2026-02-20,in,860,no_answer,1,pitch
C00359,L0902,Sardor Yusufov,2026-07-21,out,899,interested,88,needs
C00360,L0622,Lola Qodirova,2026-03-24,in,304,interested,90,opening
C00361,L0800,Lola Qodirova,2026-05-27,out,323,enrolled,74,close
C00362,L0712,Sardor Yusufov,2026-03-13,out,300,refused,31,pitch
C00363,L0567,Sardor Yusufov,2026-03-28,out,81,enrolled,88,pitch
C00364,L0663,Botir Nazarov,2026-05-13,out,551,interested,68,opening
C00365,L0734,Farrux Ahmadov,2026-05-01,out,98,refused,27,needs
C00366,L1126,Sherzod Nishonov,2026-08-31,out,361,enrolled,95,needs
C00367,L0068,Diyora Rustamova,2025-09-09,out,306,refused,36,pitch
C00368,L0675,Sherzod Nishonov,2026-04-07,in,640,no_answer,20,opening
C00369,L0615,Lola Qodirova,2026-03-03,out,398,interested,61,needs
C00370,L0220,Farrux Ahmadov,2025-10-21,out,304,callback,59,close
C00371,L1031,Diyora Rustamova,2026-08-18,out,84,refused,32,pitch
C00372,L0144,Sardor Yusufov,2025-11-01,out,456,interested,78,opening
C00373,L0747,Dilnoza Karimova,2026-04-01,out,148,interested,63,close
C00374,L1068,Diyora Rustamova,2026-07-29,in,634,enrolled,87,pitch
C00375,L0342,Dilnoza Karimova,2026-01-14,in,666,interested,79,needs
C00376,L1152,Dilnoza Karimova,2026-08-28,in,82,callback,43,needs
C00377,L0738,Botir Nazarov,2026-04-05,out,898,refused,40,opening
C00378,L1186,Diyora Rustamova,2026-08-15,in,474,refused,15,opening
C00379,L0584,Dilnoza Karimova,2026-03-18,out,442,no_answer,17,close
C00380,L0015,Sherzod Nishonov,2025-11-03,in,774,refused,32,needs
C00381,L1136,Sherzod Nishonov,2026-08-27,out,193,interested,72,needs
C00382,L0657,Dilnoza Karimova,2026-02-09,in,641,no_answer,11,close
C00383,L0355,Diyora Rustamova,2026-02-11,out,39,refused,15,opening
C00384,L1112,Diyora Rustamova,2026-07-19,out,430,refused,51,opening
C00385,L0754,Diyora Rustamova,2026-04-15,out,273,enrolled,100,needs
C00386,L0223,Jamshid Umarov,2025-12-24,out,312,callback,57,needs
C00387,L0274,Lola Qodirova,2025-12-07,out,568,no_answer,16,close
C00388,L0170,Botir Nazarov,2025-10-11,in,595,interested,57,opening
C00389,L0687,Lola Qodirova,2026-03-25,in,148,callback,56,opening
C00390,L0679,Sardor Yusufov,2026-04-03,out,572,refused,30,close
C00391,L0326,Botir Nazarov,2026-01-15,in,311,refused,54,needs
C00392,L0858,Botir Nazarov,2026-06-15,in,457,interested,81,pitch
C00393,L0919,Botir Nazarov,2026-06-09,out,654,callback,55,close
C00394,L0175,Botir Nazarov,2025-11-17,out,31,refused,48,opening
C00395,L0435,Lola Qodirova,2026-03-04,in,171,enrolled,83,needs
C00396,L0376,Sherzod Nishonov,2026-02-02,out,873,no_answer,20,pitch
C00397,L0538,Sardor Yusufov,2026-03-02,out,777,interested,69,needs
C00398,L0390,Lola Qodirova,2026-01-24,in,95,refused,36,needs
C00399,L1048,Jamshid Umarov,2026-08-11,in,639,interested,79,opening
C00400,L0946,Dilnoza Karimova,2026-05-26,in,423,refused,12,needs
C00401,L0465,Sardor Yusufov,2026-03-15,in,60,interested,71,needs
C00402,L0876,Sardor Yusufov,2026-07-17,out,667,interested,73,opening
C00403,L0409,Jamshid Umarov,2026-01-29,out,55,refused,28,needs
C00404,L0802,Sardor Yusufov,2026-05-29,out,501,interested,62,pitch
C00405,L0132,Lola Qodirova,2025-11-24,out,214,callback,53,pitch
C00406,L0197,Botir Nazarov,2025-11-23,in,198,refused,33,close
C00407,L0643,Dilnoza Karimova,2026-02-22,out,608,callback,48,close
C00408,L1191,Sardor Yusufov,2026-08-16,out,824,no_answer,23,pitch
C00409,L0376,Farrux Ahmadov,2025-12-20,out,762,callback,69,pitch
C00410,L0048,Diyora Rustamova,2025-10-13,out,111,no_answer,12,needs
C00411,L1021,Lola Qodirova,2026-07-18,out,216,interested,78,pitch
C00412,L0786,Diyora Rustamova,2026-04-21,out,96,refused,39,pitch
C00413,L0174,Jamshid Umarov,2025-10-13,out,414,enrolled,100,pitch
C00414,L0656,Sherzod Nishonov,2026-02-26,in,154,no_answer,13,pitch
C00415,L0786,Farrux Ahmadov,2026-05-31,out,426,interested,74,close
C00416,L0466,Sherzod Nishonov,2026-02-05,out,830,callback,81,close
C00417,L0254,Lola Qodirova,2025-11-11,out,890,enrolled,100,opening
C00418,L0427,Sardor Yusufov,2026-02-20,in,811,interested,68,needs
C00419,L0871,Farrux Ahmadov,2026-06-01,out,88,interested,71,opening
C00420,L0362,Diyora Rustamova,2026-01-25,in,702,interested,70,pitch
C00421,L0377,Dilnoza Karimova,2026-01-24,out,680,callback,52,opening
C00422,L0711,Botir Nazarov,2026-04-10,out,83,enrolled,95,pitch
C00423,L0006,Dilnoza Karimova,2025-09-27,out,611,callback,72,opening
C00424,L0398,Lola Qodirova,2026-01-30,in,484,callback,42,close
C00425,L1145,Dilnoza Karimova,2026-08-25,out,825,enrolled,94,pitch
C00426,L0052,Sherzod Nishonov,2025-10-31,in,581,no_answer,15,close
C00427,L1103,Sherzod Nishonov,2026-07-22,in,227,callback,58,needs
C00428,L1077,Diyora Rustamova,2026-08-14,out,248,no_answer,20,close
C00429,L0121,Sherzod Nishonov,2025-09-21,in,105,no_answer,14,pitch
C00430,L0965,Botir Nazarov,2026-07-27,in,400,callback,58,close
C00431,L0144,Lola Qodirova,2025-10-31,out,732,interested,63,pitch
C00432,L0518,Dilnoza Karimova,2026-02-15,out,484,no_answer,3,pitch
C00433,L0191,Diyora Rustamova,2025-11-05,out,731,callback,59,pitch
C00434,L1035,Sardor Yusufov,2026-06-17,in,273,interested,77,close
C00435,L0333,Dilnoza Karimova,2025-12-18,in,210,interested,60,pitch
C00436,L0709,Jamshid Umarov,2026-04-13,out,870,refused,19,pitch
C00437,L0572,Dilnoza Karimova,2026-04-03,out,534,refused,38,opening
C00438,L1016,Botir Nazarov,2026-06-21,in,20,callback,44,close
C00439,L0750,Diyora Rustamova,2026-04-04,out,420,no_answer,27,pitch
C00440,L1173,Farrux Ahmadov,2026-08-21,out,233,interested,68,pitch
C00441,L0144,Sardor Yusufov,2025-11-06,out,771,interested,74,pitch
C00442,L1133,Botir Nazarov,2026-08-25,out,468,interested,68,opening
C00443,L1160,Sherzod Nishonov,2026-08-27,out,372,callback,52,opening
C00444,L0608,Diyora Rustamova,2026-04-14,in,648,interested,70,pitch
C00445,L0890,Farrux Ahmadov,2026-06-20,out,350,interested,88,opening
C00446,L0813,Farrux Ahmadov,2026-05-16,out,771,no_answer,24,opening
C00447,L0228,Sardor Yusufov,2025-11-03,out,399,enrolled,93,opening
C00448,L0536,Sardor Yusufov,2026-03-19,out,490,interested,71,opening
C00449,L1167,Dilnoza Karimova,2026-08-31,in,301,enrolled,93,close
C00450,L0363,Lola Qodirova,2026-01-27,out,174,interested,88,opening
C00451,L1129,Jamshid Umarov,2026-08-31,out,329,callback,54,opening
C00452,L1185,Diyora Rustamova,2026-08-28,out,239,refused,30,close
C00453,L0524,Diyora Rustamova,2026-01-30,in,432,callback,56,close
C00454,L0294,Diyora Rustamova,2025-11-14,in,309,enrolled,91,pitch
C00455,L0504,Sherzod Nishonov,2026-02-16,out,786,enrolled,91,pitch
C00456,L0962,Jamshid Umarov,2026-07-06,out,391,refused,17,pitch
C00457,L1028,Jamshid Umarov,2026-07-05,in,158,refused,42,close
C00458,L1116,Farrux Ahmadov,2026-08-24,out,766,refused,20,close
C00459,L1104,Sherzod Nishonov,2026-08-06,out,719,interested,80,pitch
C00460,L0981,Jamshid Umarov,2026-07-16,out,704,interested,81,close
C00461,L0394,Jamshid Umarov,2026-01-14,in,260,no_answer,17,pitch
C00462,L0170,Jamshid Umarov,2025-11-24,in,406,callback,67,pitch
C00463,L0689,Diyora Rustamova,2026-04-17,out,450,interested,70,pitch
C00464,L0690,Dilnoza Karimova,2026-04-06,in,807,callback,55,opening
C00465,L0802,Dilnoza Karimova,2026-04-20,in,689,interested,76,needs
C00466,L0426,Diyora Rustamova,2026-01-27,out,662,interested,62,needs
C00467,L0475,Diyora Rustamova,2026-02-09,in,637,no_answer,20,needs
C00468,L0856,Sardor Yusufov,2026-05-10,in,804,interested,83,pitch
C00469,L0617,Diyora Rustamova,2026-04-22,in,179,interested,70,pitch
C00470,L0042,Sherzod Nishonov,2025-10-12,in,298,interested,56,needs
C00471,L1155,Diyora Rustamova,2026-08-09,in,280,interested,59,needs
C00472,L0896,Farrux Ahmadov,2026-06-25,out,276,callback,43,needs
C00473,L0084,Sherzod Nishonov,2025-10-22,out,495,refused,32,pitch
C00474,L0554,Farrux Ahmadov,2026-03-28,in,749,refused,29,pitch
C00475,L0513,Botir Nazarov,2026-01-11,out,223,callback,61,opening
C00476,L0484,Sherzod Nishonov,2026-02-14,out,665,interested,76,opening
C00477,L0716,Jamshid Umarov,2026-03-29,in,876,callback,58,opening
C00478,L1122,Sherzod Nishonov,2026-08-10,out,591,no_answer,8,pitch
C00479,L0697,Sherzod Nishonov,2026-04-05,in,894,interested,79,close
C00480,L0175,Sherzod Nishonov,2025-12-01,in,170,callback,61,pitch
C00481,L0753,Sherzod Nishonov,2026-04-28,out,321,no_answer,34,opening
C00482,L0193,Lola Qodirova,2025-10-31,out,150,no_answer,6,opening
C00483,L0108,Lola Qodirova,2025-11-13,out,376,interested,74,opening
C00484,L0665,Lola Qodirova,2026-04-13,in,132,callback,72,pitch
C00485,L0760,Farrux Ahmadov,2026-03-23,out,257,enrolled,80,opening
C00486,L0299,Sardor Yusufov,2025-11-02,out,33,callback,67,opening
C00487,L0752,Lola Qodirova,2026-04-18,out,464,interested,64,pitch
C00488,L0717,Diyora Rustamova,2026-04-09,out,257,refused,24,pitch
C00489,L0905,Sardor Yusufov,2026-06-03,out,575,callback,68,opening
C00490,L0007,Farrux Ahmadov,2025-09-25,in,596,enrolled,83,pitch
C00491,L0726,Farrux Ahmadov,2026-03-21,out,830,refused,35,opening
C00492,L0998,Jamshid Umarov,2026-07-16,in,253,refused,35,pitch
C00493,L0650,Sherzod Nishonov,2026-03-15,in,486,no_answer,22,close
C00494,L0852,Sherzod Nishonov,2026-05-05,out,757,interested,79,pitch
C00495,L1146,Dilnoza Karimova,2026-08-11,in,473,refused,40,opening
C00496,L0345,Dilnoza Karimova,2026-01-02,out,273,interested,79,opening
C00497,L0283,Dilnoza Karimova,2026-01-15,in,215,enrolled,81,needs
C00498,L0569,Dilnoza Karimova,2026-03-06,out,563,callback,65,pitch
C00499,L0208,Sardor Yusufov,2025-12-15,in,574,interested,73,opening
C00500,L0277,Sherzod Nishonov,2025-11-20,in,794,refused,40,needs
C00501,L0229,Dilnoza Karimova,2025-10-17,in,619,enrolled,92,close
C00502,L0582,Sherzod Nishonov,2026-03-01,out,701,no_answer,12,opening
C00503,L0465,Dilnoza Karimova,2026-02-23,in,295,refused,28,opening
C00504,L0547,Diyora Rustamova,2026-02-13,in,767,callback,53,close
C00505,L0512,Botir Nazarov,2026-01-21,in,747,no_answer,29,needs
C00506,L0022,Diyora Rustamova,2025-09-09,out,534,refused,28,pitch
C00507,L0491,Lola Qodirova,2026-01-25,in,859,interested,80,pitch
C00508,L0140,Lola Qodirova,2025-12-18,out,39,refused,19,pitch
C00509,L0246,Farrux Ahmadov,2025-12-13,out,842,callback,56,close
C00510,L0716,Diyora Rustamova,2026-05-05,in,833,callback,56,pitch
C00511,L0229,Lola Qodirova,2025-10-20,in,73,no_answer,15,opening
C00512,L0733,Dilnoza Karimova,2026-04-18,out,673,enrolled,100,needs
C00513,L0117,Jamshid Umarov,2025-09-23,out,326,callback,57,needs
C00514,L0072,Lola Qodirova,2025-10-14,in,438,enrolled,87,close
C00515,L0928,Botir Nazarov,2026-06-03,in,133,interested,76,close
C00516,L0984,Botir Nazarov,2026-07-16,out,377,no_answer,12,needs
C00517,L0897,Farrux Ahmadov,2026-07-05,out,695,interested,76,pitch
C00518,L0788,Dilnoza Karimova,2026-06-06,in,345,enrolled,84,opening
C00519,L0387,Jamshid Umarov,2026-01-24,out,81,no_answer,18,close
C00520,L0984,Diyora Rustamova,2026-07-14,out,88,interested,85,pitch
C00521,L1071,Jamshid Umarov,2026-08-08,out,50,callback,56,pitch
C00522,L0887,Farrux Ahmadov,2026-05-14,out,187,callback,58,needs
C00523,L0508,Dilnoza Karimova,2026-02-13,out,499,no_answer,2,needs
C00524,L0035,Jamshid Umarov,2025-10-17,out,528,refused,26,needs
C00525,L0269,Sherzod Nishonov,2025-11-26,out,552,refused,21,needs
C00526,L0393,Lola Qodirova,2026-01-08,out,415,interested,62,opening
C00527,L0478,Lola Qodirova,2026-01-31,in,119,no_answer,6,needs
C00528,L0821,Sherzod Nishonov,2026-04-28,in,327,callback,77,needs
C00529,L0361,Jamshid Umarov,2026-01-04,out,632,interested,74,opening
C00530,L1001,Lola Qodirova,2026-08-03,in,432,interested,85,close
C00531,L1052,Diyora Rustamova,2026-08-21,out,557,no_answer,0,pitch
C00532,L0416,Diyora Rustamova,2026-01-02,in,357,interested,73,close
C00533,L0595,Diyora Rustamova,2026-03-09,in,505,interested,72,needs
C00534,L1107,Diyora Rustamova,2026-08-29,out,22,enrolled,97,close
C00535,L0888,Sherzod Nishonov,2026-06-29,out,148,interested,69,pitch
C00536,L1133,Dilnoza Karimova,2026-08-26,out,707,interested,86,close
C00537,L1105,Jamshid Umarov,2026-08-31,out,570,callback,54,needs
C00538,L0234,Sardor Yusufov,2025-11-18,out,748,callback,84,opening
C00539,L0542,Botir Nazarov,2026-03-10,in,491,callback,61,pitch
C00540,L0798,Jamshid Umarov,2026-04-29,out,167,refused,34,needs
C00541,L0009,Botir Nazarov,2025-10-29,out,320,callback,74,pitch
C00542,L0798,Sherzod Nishonov,2026-04-26,in,76,callback,54,opening
C00543,L0592,Sherzod Nishonov,2026-04-06,in,573,enrolled,84,close
C00544,L0553,Sherzod Nishonov,2026-03-28,out,194,callback,54,close
C00545,L1031,Botir Nazarov,2026-08-02,in,723,enrolled,92,opening
C00546,L1142,Botir Nazarov,2026-08-17,in,203,interested,56,close
C00547,L0772,Dilnoza Karimova,2026-05-03,out,680,refused,24,opening
C00548,L0792,Botir Nazarov,2026-04-23,out,238,no_answer,16,opening
C00549,L0430,Botir Nazarov,2026-02-26,out,737,callback,63,pitch
C00550,L0544,Dilnoza Karimova,2026-02-13,out,201,no_answer,19,opening
C00551,L0159,Lola Qodirova,2025-11-04,out,286,callback,52,pitch
C00552,L0837,Farrux Ahmadov,2026-04-27,in,433,no_answer,34,opening
C00553,L0051,Sherzod Nishonov,2025-09-21,out,863,enrolled,100,needs
C00554,L0192,Diyora Rustamova,2025-12-10,in,257,interested,91,opening
C00555,L0912,Farrux Ahmadov,2026-06-02,in,881,interested,79,pitch
C00556,L0036,Botir Nazarov,2025-09-28,in,754,callback,74,needs
C00557,L0370,Dilnoza Karimova,2026-01-04,out,248,no_answer,9,opening
C00558,L0402,Dilnoza Karimova,2025-12-28,out,815,callback,56,close
C00559,L0964,Farrux Ahmadov,2026-07-19,out,185,callback,66,needs
C00560,L0732,Sherzod Nishonov,2026-04-18,out,607,enrolled,96,needs
C00561,L0277,Jamshid Umarov,2025-11-29,in,502,enrolled,88,needs
C00562,L0111,Botir Nazarov,2025-10-21,out,594,callback,54,needs
C00563,L1097,Botir Nazarov,2026-07-28,in,120,interested,62,pitch
C00564,L0400,Dilnoza Karimova,2026-01-15,out,830,no_answer,20,opening
C00565,L0063,Lola Qodirova,2025-10-13,out,31,no_answer,14,opening
C00566,L0001,Botir Nazarov,2025-09-24,in,633,refused,15,opening
C00567,L0808,Lola Qodirova,2026-06-20,in,318,callback,52,opening
C00568,L0118,Sherzod Nishonov,2025-10-19,in,707,refused,23,needs
C00569,L0720,Jamshid Umarov,2026-05-01,out,854,no_answer,23,opening
C00570,L0980,Diyora Rustamova,2026-08-07,out,23,callback,48,needs
C00571,L0355,Farrux Ahmadov,2026-01-05,out,871,no_answer,11,pitch
C00572,L1042,Sardor Yusufov,2026-08-22,in,190,refused,26,needs
C00573,L1121,Botir Nazarov,2026-08-26,out,598,callback,61,opening
C00574,L0562,Dilnoza Karimova,2026-04-17,out,201,no_answer,26,close
C00575,L1070,Botir Nazarov,2026-07-29,in,619,interested,80,needs
C00576,L0716,Sherzod Nishonov,2026-05-01,out,312,interested,85,opening
C00577,L0737,Lola Qodirova,2026-03-18,out,885,interested,78,opening
C00578,L0162,Jamshid Umarov,2025-11-28,in,468,no_answer,7,opening
C00579,L1058,Botir Nazarov,2026-08-13,in,354,callback,82,needs
C00580,L1093,Sardor Yusufov,2026-08-23,in,104,refused,41,opening
C00581,L1011,Sardor Yusufov,2026-06-07,out,709,interested,84,close
C00582,L1104,Jamshid Umarov,2026-08-23,out,668,refused,52,close
C00583,L0216,Botir Nazarov,2025-12-03,in,100,interested,67,opening
C00584,L1028,Jamshid Umarov,2026-06-13,out,231,callback,60,close
C00585,L0376,Sherzod Nishonov,2025-12-27,in,469,refused,32,pitch
C00586,L0914,Sherzod Nishonov,2026-07-10,out,673,no_answer,10,close
C00587,L0515,Dilnoza Karimova,2026-03-05,out,41,interested,84,needs
C00588,L0318,Sardor Yusufov,2025-12-22,out,895,interested,88,close
C00589,L0220,Botir Nazarov,2025-12-06,out,364,refused,27,opening
C00590,L1087,Diyora Rustamova,2026-07-17,in,615,interested,58,needs
C00591,L0053,Botir Nazarov,2025-10-05,out,193,interested,95,pitch
C00592,L0375,Sherzod Nishonov,2026-01-07,out,283,refused,18,opening
C00593,L1135,Jamshid Umarov,2026-08-17,out,715,interested,75,needs
C00594,L0192,Farrux Ahmadov,2025-11-16,in,445,callback,66,needs
C00595,L0469,Lola Qodirova,2026-03-31,out,618,no_answer,27,needs
C00596,L0196,Dilnoza Karimova,2025-11-18,out,123,callback,64,needs
C00597,L0249,Farrux Ahmadov,2025-11-10,out,279,callback,63,close
C00598,L1125,Lola Qodirova,2026-08-19,out,575,no_answer,21,opening
C00599,L0314,Diyora Rustamova,2025-12-25,out,720,interested,76,needs
C00600,L0047,Dilnoza Karimova,2025-10-26,out,253,interested,84,needs
C00601,L0237,Jamshid Umarov,2025-10-06,out,236,interested,68,pitch
C00602,L0996,Sardor Yusufov,2026-07-19,out,541,interested,83,opening
C00603,L0420,Lola Qodirova,2026-01-18,in,163,refused,22,close
C00604,L1113,Sherzod Nishonov,2026-07-14,out,150,callback,57,close
C00605,L0030,Sherzod Nishonov,2025-11-05,out,373,interested,67,pitch
C00606,L0763,Sherzod Nishonov,2026-04-12,out,642,interested,71,needs
C00607,L0743,Farrux Ahmadov,2026-04-17,in,603,enrolled,89,opening
C00608,L0477,Jamshid Umarov,2026-02-21,out,344,interested,62,pitch
C00609,L0393,Lola Qodirova,2026-01-24,out,110,interested,58,close
C00610,L1162,Lola Qodirova,2026-08-23,in,216,enrolled,86,close
C00611,L1001,Jamshid Umarov,2026-07-03,out,545,refused,13,opening
C00612,L0552,Diyora Rustamova,2026-02-06,out,422,interested,90,close
C00613,L0087,Jamshid Umarov,2025-11-03,in,880,interested,59,close
C00614,L0184,Sherzod Nishonov,2025-10-27,in,281,interested,56,pitch
C00615,L0311,Sardor Yusufov,2025-12-06,out,871,interested,83,pitch
C00616,L1037,Sardor Yusufov,2026-06-15,in,649,enrolled,100,close
C00617,L0769,Sherzod Nishonov,2026-03-20,out,670,refused,24,needs
C00618,L0124,Diyora Rustamova,2025-09-28,out,75,callback,69,close
C00619,L0223,Diyora Rustamova,2025-12-08,out,886,enrolled,97,close
C00620,L0573,Farrux Ahmadov,2026-02-28,out,582,callback,54,opening
C00621,L1137,Farrux Ahmadov,2026-08-31,in,476,callback,62,pitch
C00622,L0709,Jamshid Umarov,2026-04-17,in,430,refused,27,opening
C00623,L0529,Farrux Ahmadov,2026-03-11,out,66,callback,70,pitch
C00624,L0242,Dilnoza Karimova,2025-12-09,out,872,interested,74,pitch
C00625,L0721,Sardor Yusufov,2026-04-16,out,632,no_answer,0,needs
C00626,L0219,Sherzod Nishonov,2025-10-19,out,643,interested,73,close
C00627,L0735,Sardor Yusufov,2026-04-25,out,560,refused,22,close
C00628,L0689,Sardor Yusufov,2026-03-26,out,771,no_answer,12,needs
C00629,L1030,Farrux Ahmadov,2026-06-19,out,249,refused,29,opening
C00630,L0611,Botir Nazarov,2026-03-01,in,150,interested,71,pitch
C00631,L0183,Sherzod Nishonov,2025-12-08,out,423,refused,11,pitch
C00632,L0593,Lola Qodirova,2026-02-24,out,183,interested,85,needs
C00633,L0379,Diyora Rustamova,2026-01-17,out,508,enrolled,71,opening
C00634,L0235,Lola Qodirova,2025-11-17,out,835,refused,15,needs
C00635,L0053,Farrux Ahmadov,2025-10-19,out,192,no_answer,0,close
C00636,L1042,Jamshid Umarov,2026-08-22,in,76,callback,50,needs
C00637,L0252,Sherzod Nishonov,2025-11-28,out,168,interested,57,pitch
C00638,L0869,Lola Qodirova,2026-04-27,in,625,callback,60,needs
C00639,L0664,Dilnoza Karimova,2026-03-27,in,325,interested,80,needs
C00640,L0116,Lola Qodirova,2025-09-07,in,478,no_answer,41,needs
C00641,L0021,Lola Qodirova,2025-10-27,in,159,interested,80,needs
C00642,L1006,Sardor Yusufov,2026-07-26,out,154,no_answer,20,needs
C00643,L1106,Diyora Rustamova,2026-08-07,out,228,enrolled,92,opening
C00644,L0799,Jamshid Umarov,2026-05-16,in,610,no_answer,0,close
C00645,L0101,Dilnoza Karimova,2025-11-04,out,687,enrolled,93,needs
C00646,L0109,Diyora Rustamova,2025-11-06,out,578,enrolled,82,needs
C00647,L0767,Jamshid Umarov,2026-04-11,out,790,refused,25,pitch
C00648,L0824,Lola Qodirova,2026-05-25,out,480,interested,88,needs
C00649,L0943,Botir Nazarov,2026-06-01,in,394,callback,64,close
C00650,L0066,Botir Nazarov,2025-10-24,out,295,callback,62,needs
C00651,L0450,Dilnoza Karimova,2026-02-19,out,329,refused,41,needs
C00652,L1091,Jamshid Umarov,2026-08-07,out,344,enrolled,90,needs
C00653,L0691,Sardor Yusufov,2026-04-25,out,887,interested,73,pitch
C00654,L0625,Lola Qodirova,2026-02-06,in,227,no_answer,25,pitch
C00655,L0358,Sardor Yusufov,2026-01-14,in,581,callback,61,close
C00656,L0711,Sardor Yusufov,2026-04-27,in,553,interested,78,needs
C00657,L0863,Botir Nazarov,2026-06-10,in,39,interested,69,needs
C00658,L0555,Dilnoza Karimova,2026-02-23,out,638,enrolled,99,close
C00659,L0435,Botir Nazarov,2026-02-19,in,757,enrolled,89,close
C00660,L0012,Diyora Rustamova,2025-10-22,in,764,no_answer,11,close
C00661,L0949,Diyora Rustamova,2026-07-05,in,27,callback,61,pitch
C00662,L1113,Sardor Yusufov,2026-07-08,out,714,callback,67,close
C00663,L0874,Sherzod Nishonov,2026-06-05,out,546,enrolled,77,needs
C00664,L0001,Sherzod Nishonov,2025-10-16,out,203,refused,28,opening
C00665,L0376,Dilnoza Karimova,2025-12-23,in,338,callback,59,needs
C00666,L0014,Farrux Ahmadov,2025-10-18,out,778,no_answer,14,needs
C00667,L0227,Lola Qodirova,2025-12-11,out,129,callback,55,needs
C00668,L0456,Botir Nazarov,2026-02-26,out,394,interested,58,close
C00669,L0782,Sherzod Nishonov,2026-06-06,out,258,enrolled,84,opening
C00670,L0109,Dilnoza Karimova,2025-10-07,out,329,refused,50,opening
C00671,L0014,Sherzod Nishonov,2025-10-18,out,155,no_answer,9,close
C00672,L0668,Sardor Yusufov,2026-05-03,out,683,no_answer,18,needs
C00673,L0561,Diyora Rustamova,2026-03-10,out,627,callback,40,needs
C00674,L0653,Lola Qodirova,2026-03-07,out,415,interested,69,close
C00675,L0912,Sardor Yusufov,2026-06-19,out,110,refused,10,opening
C00676,L0600,Diyora Rustamova,2026-03-20,out,858,interested,67,needs
C00677,L0525,Diyora Rustamova,2026-02-23,out,472,callback,57,close
C00678,L0660,Sherzod Nishonov,2026-04-16,out,507,refused,22,pitch
C00679,L1062,Botir Nazarov,2026-08-15,out,307,refused,39,needs
C00680,L1096,Lola Qodirova,2026-08-28,in,202,refused,13,needs
C00681,L0512,Jamshid Umarov,2026-02-24,out,412,no_answer,10,opening
C00682,L0223,Sardor Yusufov,2025-12-15,in,573,no_answer,23,close
C00683,L0271,Lola Qodirova,2025-12-20,out,200,refused,22,opening
C00684,L0449,Botir Nazarov,2026-02-18,in,633,no_answer,21,close
C00685,L0286,Sardor Yusufov,2026-01-12,in,399,no_answer,13,opening
C00686,L1033,Sardor Yusufov,2026-08-11,out,819,interested,59,close
C00687,L0185,Jamshid Umarov,2025-11-15,in,351,no_answer,5,pitch
C00688,L0165,Sardor Yusufov,2025-12-24,out,20,no_answer,2,opening
C00689,L1009,Jamshid Umarov,2026-07-19,in,420,callback,63,opening
C00690,L0423,Sherzod Nishonov,2026-01-15,in,232,enrolled,95,pitch
C00691,L1011,Botir Nazarov,2026-07-24,out,577,no_answer,7,close
C00692,L0382,Lola Qodirova,2026-01-11,out,385,refused,34,close
C00693,L0745,Diyora Rustamova,2026-04-10,out,239,callback,52,close
C00694,L1071,Sherzod Nishonov,2026-07-25,out,662,enrolled,88,needs
C00695,L0019,Sherzod Nishonov,2025-11-08,out,440,callback,50,pitch
C00696,L0744,Sardor Yusufov,2026-04-24,out,293,no_answer,36,needs
C00697,L0615,Sardor Yusufov,2026-03-31,out,263,refused,22,close
C00698,L0880,Botir Nazarov,2026-06-28,out,755,callback,66,opening
C00699,L0656,Sardor Yusufov,2026-04-11,in,351,callback,57,opening
C00700,L1097,Lola Qodirova,2026-07-24,out,355,interested,75,opening
C00701,L0348,Lola Qodirova,2026-01-14,out,674,no_answer,17,pitch
C00702,L0071,Diyora Rustamova,2025-11-08,in,367,callback,66,needs
C00703,L0636,Lola Qodirova,2026-02-27,out,351,callback,63,needs
C00704,L0485,Sardor Yusufov,2026-01-30,out,185,interested,87,opening
C00705,L0357,Lola Qodirova,2026-02-01,out,355,no_answer,17,pitch
C00706,L0051,Botir Nazarov,2025-09-29,out,232,no_answer,29,needs
C00707,L0716,Lola Qodirova,2026-05-14,out,215,no_answer,13,needs
C00708,L0185,Botir Nazarov,2025-12-11,out,213,no_answer,38,needs
C00709,L0111,Sardor Yusufov,2025-09-10,out,260,no_answer,7,opening
C00710,L0170,Botir Nazarov,2025-10-28,in,847,callback,62,needs
C00711,L0051,Diyora Rustamova,2025-10-19,out,862,no_answer,22,opening
C00712,L0654,Botir Nazarov,2026-03-20,in,877,refused,12,needs
C00713,L1022,Diyora Rustamova,2026-07-20,out,717,enrolled,87,opening
C00714,L1029,Diyora Rustamova,2026-08-14,in,726,callback,57,close
C00715,L0532,Jamshid Umarov,2026-02-21,out,706,no_answer,18,opening
C00716,L0818,Lola Qodirova,2026-06-14,out,569,refused,44,close
C00717,L0639,Lola Qodirova,2026-03-23,out,684,interested,65,needs
C00718,L0928,Lola Qodirova,2026-06-19,in,510,no_answer,36,opening
C00719,L0359,Botir Nazarov,2026-01-02,out,91,enrolled,100,pitch
C00720,L0899,Lola Qodirova,2026-07-19,in,156,enrolled,98,needs
C00721,L0242,Farrux Ahmadov,2025-12-22,out,716,refused,18,close
C00722,L0550,Farrux Ahmadov,2026-04-13,out,296,no_answer,19,pitch
C00723,L0256,Farrux Ahmadov,2026-01-01,out,120,enrolled,88,close
C00724,L0167,Lola Qodirova,2025-12-15,in,477,interested,77,opening
C00725,L1111,Diyora Rustamova,2026-08-07,out,602,callback,60,needs
C00726,L1177,Farrux Ahmadov,2026-08-19,out,859,callback,74,needs
C00727,L0732,Farrux Ahmadov,2026-05-12,out,336,interested,78,needs
C00728,L0725,Botir Nazarov,2026-04-12,out,412,refused,36,opening
C00729,L0782,Farrux Ahmadov,2026-05-18,out,78,refused,21,opening
C00730,L1129,Farrux Ahmadov,2026-08-31,out,271,callback,46,pitch
C00731,L0006,Botir Nazarov,2025-09-16,in,58,refused,49,opening
C00732,L1090,Sherzod Nishonov,2026-08-23,out,877,interested,65,needs
C00733,L0649,Lola Qodirova,2026-02-22,out,881,interested,66,opening
C00734,L0999,Jamshid Umarov,2026-07-10,out,511,refused,33,needs
C00735,L1059,Sherzod Nishonov,2026-07-24,in,896,callback,69,pitch
C00736,L0764,Botir Nazarov,2026-04-21,out,897,callback,74,opening
C00737,L0639,Farrux Ahmadov,2026-04-09,out,387,enrolled,78,opening
C00738,L1061,Botir Nazarov,2026-08-14,out,434,enrolled,85,close
C00739,L0164,Sardor Yusufov,2025-10-15,out,315,interested,68,needs
C00740,L0752,Sardor Yusufov,2026-04-07,out,726,no_answer,13,needs
C00741,L0508,Sardor Yusufov,2026-03-19,out,830,interested,71,opening
C00742,L1146,Diyora Rustamova,2026-08-18,out,184,enrolled,100,pitch
C00743,L0694,Dilnoza Karimova,2026-05-06,out,128,no_answer,27,needs
C00744,L0378,Farrux Ahmadov,2025-12-25,out,776,no_answer,0,opening
C00745,L0093,Diyora Rustamova,2025-11-06,out,896,interested,70,opening
C00746,L0411,Botir Nazarov,2026-02-18,out,396,enrolled,95,needs
C00747,L0411,Botir Nazarov,2026-02-17,out,255,interested,85,close
C00748,L0007,Jamshid Umarov,2025-09-28,out,481,enrolled,97,opening
C00749,L0175,Sherzod Nishonov,2025-11-05,in,196,interested,78,needs
C00750,L1162,Lola Qodirova,2026-08-20,out,866,interested,75,pitch
C00751,L1120,Sherzod Nishonov,2026-08-27,in,208,refused,23,needs
C00752,L0203,Botir Nazarov,2025-11-02,out,854,callback,56,pitch
C00753,L0665,Botir Nazarov,2026-04-28,out,696,refused,35,opening
C00754,L0642,Botir Nazarov,2026-03-01,out,627,callback,51,opening
C00755,L0535,Sherzod Nishonov,2026-02-10,in,688,refused,33,opening
C00756,L0233,Dilnoza Karimova,2025-11-03,out,217,interested,75,opening
C00757,L1116,Sherzod Nishonov,2026-08-08,out,65,callback,60,pitch
C00758,L0419,Diyora Rustamova,2026-01-07,out,718,interested,71,pitch
C00759,L1030,Dilnoza Karimova,2026-06-28,out,631,callback,63,opening
C00760,L0487,Sherzod Nishonov,2026-01-23,in,736,interested,59,needs
C00761,L0479,Dilnoza Karimova,2026-02-04,out,375,callback,69,pitch
C00762,L0054,Jamshid Umarov,2025-11-23,out,243,interested,93,pitch
C00763,L0257,Dilnoza Karimova,2026-01-11,in,605,interested,57,opening
C00764,L0845,Dilnoza Karimova,2026-05-14,out,402,refused,33,pitch
C00765,L0097,Lola Qodirova,2025-10-20,in,816,refused,33,opening
C00766,L0687,Sardor Yusufov,2026-04-08,in,60,refused,24,pitch
C00767,L0921,Dilnoza Karimova,2026-06-27,out,226,interested,78,opening
C00768,L0392,Diyora Rustamova,2026-02-05,out,528,interested,71,opening
C00769,L0541,Jamshid Umarov,2026-02-24,out,206,interested,73,needs
C00770,L1024,Sardor Yusufov,2026-07-16,out,751,enrolled,97,pitch
C00771,L0374,Diyora Rustamova,2026-02-06,out,786,refused,28,pitch
C00772,L0335,Dilnoza Karimova,2026-01-25,out,231,no_answer,5,opening
C00773,L0124,Sherzod Nishonov,2025-10-21,out,598,callback,79,close
C00774,L0928,Diyora Rustamova,2026-05-30,out,140,refused,39,close
C00775,L0775,Dilnoza Karimova,2026-04-14,in,308,enrolled,86,pitch
C00776,L0744,Sardor Yusufov,2026-05-06,out,487,callback,65,opening
C00777,L0754,Sherzod Nishonov,2026-05-06,in,258,no_answer,20,opening
C00778,L0116,Lola Qodirova,2025-10-18,out,547,callback,75,close
C00779,L1182,Sherzod Nishonov,2026-08-21,out,645,refused,42,pitch
C00780,L1057,Diyora Rustamova,2026-07-27,in,400,enrolled,94,needs
C00781,L0027,Sardor Yusufov,2025-11-02,out,626,interested,67,needs
C00782,L0809,Diyora Rustamova,2026-05-21,out,632,no_answer,13,opening
C00783,L1116,Sherzod Nishonov,2026-08-22,out,210,refused,27,pitch
C00784,L0174,Sardor Yusufov,2025-10-12,in,179,no_answer,23,close
C00785,L0276,Botir Nazarov,2025-12-07,in,891,interested,87,pitch
C00786,L0333,Jamshid Umarov,2026-01-24,out,430,callback,55,needs
C00787,L0369,Dilnoza Karimova,2026-01-11,out,405,callback,53,pitch
C00788,L1179,Jamshid Umarov,2026-08-28,in,793,no_answer,19,opening
C00789,L0333,Lola Qodirova,2026-01-09,out,194,refused,44,pitch
C00790,L1112,Sherzod Nishonov,2026-08-30,out,667,no_answer,10,opening
C00791,L1172,Diyora Rustamova,2026-08-31,out,343,callback,62,needs
C00792,L0055,Sardor Yusufov,2025-10-17,out,781,refused,33,needs
C00793,L0628,Sherzod Nishonov,2026-02-24,out,754,refused,35,close
C00794,L0662,Dilnoza Karimova,2026-03-23,out,624,callback,66,opening
C00795,L0978,Farrux Ahmadov,2026-08-16,in,401,refused,28,pitch
C00796,L1058,Dilnoza Karimova,2026-08-27,in,213,refused,42,pitch
C00797,L1108,Sardor Yusufov,2026-07-25,out,608,no_answer,18,close
C00798,L0131,Botir Nazarov,2025-10-30,out,898,enrolled,80,opening
C00799,L0399,Sardor Yusufov,2025-12-27,out,186,interested,62,pitch
C00800,L0615,Diyora Rustamova,2026-02-18,in,32,callback,73,opening
C00801,L0261,Botir Nazarov,2025-12-02,out,292,interested,70,needs
C00802,L0107,Lola Qodirova,2025-10-28,out,287,refused,28,opening
C00803,L0946,Sherzod Nishonov,2026-06-10,in,781,refused,36,needs
C00804,L0701,Jamshid Umarov,2026-03-10,out,286,no_answer,29,close
C00805,L0245,Jamshid Umarov,2026-01-11,out,146,refused,45,opening
C00806,L0653,Sherzod Nishonov,2026-03-17,in,560,refused,29,pitch
C00807,L0032,Sardor Yusufov,2025-10-20,in,787,callback,70,needs
C00808,L0722,Sherzod Nishonov,2026-03-19,out,873,interested,69,pitch
C00809,L0890,Diyora Rustamova,2026-07-05,out,792,callback,49,close
C00810,L0735,Farrux Ahmadov,2026-03-26,out,59,refused,51,needs
C00811,L0591,Dilnoza Karimova,2026-03-03,out,257,interested,63,opening
C00812,L0329,Dilnoza Karimova,2026-01-04,out,147,enrolled,81,needs
C00813,L0609,Jamshid Umarov,2026-03-26,out,351,enrolled,95,close
C00814,L0558,Sherzod Nishonov,2026-03-14,out,596,no_answer,16,opening
C00815,L1056,Sherzod Nishonov,2026-07-30,in,72,no_answer,13,opening
C00816,L0508,Botir Nazarov,2026-03-16,in,816,enrolled,100,needs
C00817,L0965,Diyora Rustamova,2026-08-10,in,840,callback,71,opening
C00818,L0851,Botir Nazarov,2026-05-15,out,337,callback,66,close
C00819,L0298,Sherzod Nishonov,2025-12-02,out,666,interested,53,needs
C00820,L0979,Diyora Rustamova,2026-07-10,out,391,callback,58,close
C00821,L0670,Jamshid Umarov,2026-03-25,out,603,refused,40,close
C00822,L0780,Botir Nazarov,2026-04-30,in,58,interested,54,close
C00823,L0813,Sardor Yusufov,2026-06-06,out,250,interested,89,pitch
C00824,L0007,Lola Qodirova,2025-11-10,out,536,interested,74,close
C00825,L0015,Diyora Rustamova,2025-09-25,out,205,callback,52,pitch
C00826,L0427,Diyora Rustamova,2026-02-14,out,340,enrolled,86,needs
C00827,L0919,Jamshid Umarov,2026-07-02,out,697,interested,72,needs
C00828,L0679,Jamshid Umarov,2026-04-11,out,257,interested,73,close
C00829,L0394,Lola Qodirova,2026-02-08,in,263,interested,83,opening
C00830,L0739,Diyora Rustamova,2026-04-18,in,392,interested,60,opening
C00831,L0166,Lola Qodirova,2025-12-20,out,555,refused,25,pitch
C00832,L0735,Lola Qodirova,2026-05-08,in,293,interested,77,opening
C00833,L0826,Sardor Yusufov,2026-04-13,out,628,interested,75,opening
C00834,L0004,Lola Qodirova,2025-10-31,out,877,callback,52,needs
C00835,L0692,Botir Nazarov,2026-04-04,in,611,refused,51,close
C00836,L0920,Diyora Rustamova,2026-06-04,out,378,refused,41,opening
C00837,L0828,Lola Qodirova,2026-04-23,out,420,no_answer,28,close
C00838,L0430,Farrux Ahmadov,2026-02-18,in,794,no_answer,34,needs
C00839,L0049,Lola Qodirova,2025-10-01,out,810,no_answer,19,needs
C00840,L0418,Dilnoza Karimova,2026-02-02,out,613,refused,26,opening
C00841,L0311,Botir Nazarov,2025-12-18,in,617,enrolled,84,needs
C00842,L0932,Farrux Ahmadov,2026-05-28,out,171,no_answer,0,needs
C00843,L0460,Farrux Ahmadov,2026-01-09,out,489,interested,66,pitch
C00844,L0550,Botir Nazarov,2026-03-29,in,557,callback,70,opening
C00845,L1083,Diyora Rustamova,2026-08-15,in,23,enrolled,86,opening
C00846,L0680,Sherzod Nishonov,2026-03-23,out,240,refused,24,opening
C00847,L0016,Botir Nazarov,2025-10-16,out,114,no_answer,16,needs
C00848,L0549,Sardor Yusufov,2026-02-03,in,439,refused,33,needs
C00849,L1053,Sardor Yusufov,2026-08-16,out,314,interested,82,opening
C00850,L0645,Dilnoza Karimova,2026-02-09,out,199,refused,27,needs
C00851,L0891,Dilnoza Karimova,2026-06-22,out,782,callback,45,close
C00852,L0435,Lola Qodirova,2026-02-24,out,307,no_answer,12,pitch
C00853,L1115,Dilnoza Karimova,2026-08-17,in,801,no_answer,36,close
C00854,L0569,Jamshid Umarov,2026-02-02,in,204,no_answer,19,opening
C00855,L0925,Jamshid Umarov,2026-05-22,out,223,enrolled,98,opening
C00856,L0418,Diyora Rustamova,2026-02-08,in,813,callback,77,pitch
C00857,L0376,Sherzod Nishonov,2025-12-25,in,444,callback,62,needs
C00858,L0978,Jamshid Umarov,2026-07-04,out,408,callback,58,close
C00859,L0038,Sardor Yusufov,2025-10-15,out,783,no_answer,13,close
C00860,L0979,Dilnoza Karimova,2026-07-05,out,338,interested,78,needs
C00861,L1063,Botir Nazarov,2026-08-24,in,668,interested,90,opening
C00862,L1043,Diyora Rustamova,2026-07-14,out,121,callback,49,pitch
C00863,L0121,Lola Qodirova,2025-09-18,in,250,enrolled,93,close
C00864,L0792,Sherzod Nishonov,2026-06-19,out,84,no_answer,12,close
C00865,L1031,Jamshid Umarov,2026-08-08,in,309,no_answer,15,pitch
C00866,L0352,Sherzod Nishonov,2026-01-16,out,759,enrolled,89,opening
C00867,L0994,Jamshid Umarov,2026-08-06,out,836,interested,71,needs
C00868,L0209,Lola Qodirova,2025-12-13,out,696,enrolled,72,pitch
C00869,L0752,Diyora Rustamova,2026-04-14,out,578,callback,65,needs
C00870,L0382,Jamshid Umarov,2026-01-05,out,416,interested,70,pitch
C00871,L0385,Dilnoza Karimova,2025-12-23,out,861,interested,78,pitch
C00872,L0855,Lola Qodirova,2026-06-06,out,454,no_answer,14,opening
C00873,L0893,Diyora Rustamova,2026-06-25,in,799,callback,48,pitch
C00874,L0558,Jamshid Umarov,2026-04-14,out,489,interested,56,needs
C00875,L0041,Lola Qodirova,2025-10-27,out,304,interested,62,close
C00876,L0328,Lola Qodirova,2025-12-29,out,457,interested,60,pitch
C00877,L1009,Farrux Ahmadov,2026-08-10,in,458,interested,69,needs
C00878,L0955,Lola Qodirova,2026-07-04,in,26,enrolled,79,needs
C00879,L0907,Botir Nazarov,2026-06-15,out,435,enrolled,99,close
C00880,L0434,Diyora Rustamova,2026-01-19,out,515,no_answer,7,close
C00881,L0043,Sherzod Nishonov,2025-10-11,out,72,no_answer,30,opening
C00882,L0384,Sardor Yusufov,2026-02-26,out,329,refused,23,opening
C00883,L0609,Farrux Ahmadov,2026-03-03,out,270,interested,60,pitch
C00884,L0481,Dilnoza Karimova,2026-03-05,out,849,callback,67,close
C00885,L0323,Diyora Rustamova,2026-01-30,out,607,enrolled,99,opening
C00886,L0950,Lola Qodirova,2026-06-30,out,635,no_answer,9,needs
C00887,L0266,Farrux Ahmadov,2026-01-24,in,481,interested,69,needs
C00888,L0712,Jamshid Umarov,2026-04-21,out,263,no_answer,13,opening
C00889,L0118,Sardor Yusufov,2025-11-15,out,277,refused,43,pitch
C00890,L0776,Jamshid Umarov,2026-04-14,in,747,callback,60,pitch
C00891,L0746,Dilnoza Karimova,2026-04-01,out,497,interested,72,needs
C00892,L0001,Lola Qodirova,2025-10-17,out,398,interested,82,pitch
C00893,L0651,Sardor Yusufov,2026-03-14,out,397,callback,60,pitch
C00894,L0787,Sherzod Nishonov,2026-05-25,out,560,interested,69,needs
C00895,L0811,Lola Qodirova,2026-04-30,out,32,refused,10,opening
C00896,L0109,Sherzod Nishonov,2025-10-09,in,284,no_answer,7,close
C00897,L0698,Diyora Rustamova,2026-05-13,in,453,refused,38,opening
C00898,L0854,Farrux Ahmadov,2026-05-12,out,204,interested,65,opening
C00899,L0584,Sardor Yusufov,2026-04-02,in,898,interested,60,opening
C00900,L0033,Diyora Rustamova,2025-09-09,out,881,callback,69,pitch
C00901,L0745,Sherzod Nishonov,2026-05-16,out,806,interested,92,pitch
C00902,L0971,Diyora Rustamova,2026-08-02,in,443,no_answer,24,pitch
C00903,L1124,Sherzod Nishonov,2026-08-31,in,656,interested,77,pitch
C00904,L0637,Lola Qodirova,2026-03-23,in,116,enrolled,100,close
C00905,L0729,Lola Qodirova,2026-03-12,in,732,no_answer,21,opening
C00906,L0285,Dilnoza Karimova,2025-11-21,in,581,refused,22,needs
C00907,L0365,Sardor Yusufov,2026-01-13,out,385,no_answer,0,needs
C00908,L0562,Sherzod Nishonov,2026-04-07,out,658,interested,62,needs
C00909,L0558,Sherzod Nishonov,2026-03-08,in,262,interested,65,close
C00910,L0373,Botir Nazarov,2026-01-08,out,23,interested,63,close
C00911,L0024,Diyora Rustamova,2025-10-06,out,811,interested,66,pitch
C00912,L0070,Sherzod Nishonov,2025-09-14,out,475,no_answer,10,needs
C00913,L0116,Diyora Rustamova,2025-09-29,out,162,callback,56,needs
C00914,L1175,Sherzod Nishonov,2026-08-30,in,24,refused,33,opening
C00915,L1183,Sherzod Nishonov,2026-08-24,out,608,callback,78,close
C00916,L0026,Jamshid Umarov,2025-10-21,in,281,no_answer,22,pitch
C00917,L0137,Jamshid Umarov,2025-12-18,in,670,interested,68,close
C00918,L1186,Jamshid Umarov,2026-08-30,in,261,interested,93,needs
C00919,L0283,Diyora Rustamova,2026-01-09,in,216,no_answer,7,opening
C00920,L0695,Diyora Rustamova,2026-04-26,out,771,interested,75,needs
C00921,L0420,Jamshid Umarov,2025-12-23,in,865,no_answer,13,close
C00922,L0710,Sardor Yusufov,2026-04-09,out,510,callback,49,opening
C00923,L0683,Diyora Rustamova,2026-03-26,out,852,interested,68,needs
C00924,L0080,Jamshid Umarov,2025-10-19,out,397,refused,31,opening
C00925,L0201,Lola Qodirova,2025-11-18,in,497,interested,85,pitch
C00926,L0563,Diyora Rustamova,2026-03-19,out,51,callback,51,close
C00927,L0289,Lola Qodirova,2025-12-21,out,212,refused,36,close
C00928,L0571,Jamshid Umarov,2026-03-03,out,295,enrolled,100,close
C00929,L0151,Botir Nazarov,2025-11-23,out,474,interested,92,close
C00930,L0476,Farrux Ahmadov,2026-03-08,in,800,interested,77,needs
C00931,L0802,Lola Qodirova,2026-04-13,out,334,no_answer,6,pitch
C00932,L0599,Farrux Ahmadov,2026-04-07,in,740,enrolled,96,pitch
C00933,L0717,Dilnoza Karimova,2026-05-12,out,216,interested,67,opening
C00934,L0786,Farrux Ahmadov,2026-05-14,out,300,no_answer,10,needs
C00935,L0512,Diyora Rustamova,2026-01-13,in,536,callback,51,opening
C00936,L0063,Sardor Yusufov,2025-10-06,out,329,no_answer,0,opening
C00937,L0450,Farrux Ahmadov,2026-02-25,out,282,interested,78,close
C00938,L0091,Sherzod Nishonov,2025-11-12,out,542,callback,66,needs
C00939,L0575,Botir Nazarov,2026-03-20,out,836,no_answer,19,opening
C00940,L0220,Sherzod Nishonov,2025-10-20,out,898,callback,73,opening
C00941,L0835,Botir Nazarov,2026-04-20,out,222,interested,65,needs
C00942,L0733,Sardor Yusufov,2026-03-18,out,578,refused,29,needs
C00943,L0375,Farrux Ahmadov,2026-01-19,out,859,refused,33,needs
C00944,L0136,Lola Qodirova,2025-10-26,in,477,no_answer,10,pitch
C00945,L0093,Lola Qodirova,2025-11-02,out,220,no_answer,15,needs
C00946,L1021,Sherzod Nishonov,2026-08-11,out,678,interested,94,needs
C00947,L0952,Sherzod Nishonov,2026-07-02,out,619,callback,58,pitch
C00948,L0748,Lola Qodirova,2026-05-12,out,73,interested,86,opening
C00949,L0063,Lola Qodirova,2025-11-06,out,654,no_answer,31,needs
C00950,L0860,Sherzod Nishonov,2026-04-23,out,262,interested,90,opening
C00951,L0608,Diyora Rustamova,2026-03-19,out,532,callback,52,close
C00952,L1141,Diyora Rustamova,2026-08-26,out,724,interested,69,pitch
C00953,L0694,Diyora Rustamova,2026-03-17,in,489,callback,57,opening
C00954,L0869,Jamshid Umarov,2026-05-11,in,51,callback,56,pitch
C00955,L0077,Jamshid Umarov,2025-10-20,in,621,refused,15,opening
C00956,L0703,Sherzod Nishonov,2026-04-21,out,211,callback,61,opening
C00957,L0663,Sherzod Nishonov,2026-03-27,out,557,callback,63,needs
C00958,L1013,Sardor Yusufov,2026-07-31,out,803,interested,77,opening
C00959,L0356,Dilnoza Karimova,2026-01-11,out,416,refused,38,opening
C00960,L0910,Sardor Yusufov,2026-07-09,out,137,callback,62,pitch
C00961,L0861,Diyora Rustamova,2026-05-27,out,398,no_answer,27,pitch
C00962,L0162,Botir Nazarov,2025-10-26,in,765,callback,60,needs
C00963,L0937,Jamshid Umarov,2026-06-09,out,564,refused,25,pitch
C00964,L0745,Lola Qodirova,2026-05-15,out,218,callback,71,opening
C00965,L1052,Sardor Yusufov,2026-08-19,out,815,refused,24,close
C00966,L0188,Sardor Yusufov,2025-10-31,in,234,refused,17,pitch
C00967,L0258,Farrux Ahmadov,2025-12-28,in,168,interested,77,pitch
C00968,L0700,Sardor Yusufov,2026-04-19,out,591,interested,86,pitch
C00969,L0645,Sherzod Nishonov,2026-02-06,in,853,no_answer,18,opening
C00970,L1051,Dilnoza Karimova,2026-08-03,out,405,no_answer,18,opening
C00971,L0824,Sardor Yusufov,2026-06-21,in,565,refused,30,close
C00972,L0474,Jamshid Umarov,2026-03-02,in,574,no_answer,27,needs
C00973,L0463,Lola Qodirova,2026-02-23,out,879,no_answer,15,needs
C00974,L0795,Farrux Ahmadov,2026-05-24,out,107,refused,22,pitch
C00975,L0049,Farrux Ahmadov,2025-10-10,out,776,refused,26,close
C00976,L0401,Farrux Ahmadov,2026-01-30,out,834,interested,77,needs
C00977,L0333,Sherzod Nishonov,2025-12-28,out,756,enrolled,84,opening
C00978,L0932,Dilnoza Karimova,2026-06-09,out,508,no_answer,3,opening
C00979,L0794,Sardor Yusufov,2026-06-09,out,488,enrolled,96,opening
C00980,L0337,Diyora Rustamova,2026-01-31,out,457,callback,68,opening
C00981,L0773,Sardor Yusufov,2026-04-10,in,642,interested,90,opening
C00982,L0310,Lola Qodirova,2025-12-12,in,360,no_answer,13,needs
C00983,L0513,Dilnoza Karimova,2026-01-02,in,863,no_answer,20,needs
C00984,L1081,Farrux Ahmadov,2026-08-16,out,82,interested,84,needs
C00985,L0137,Diyora Rustamova,2025-11-30,in,455,callback,56,opening
C00986,L0195,Dilnoza Karimova,2025-11-02,out,442,interested,85,close
C00987,L0037,Sherzod Nishonov,2025-10-18,out,363,no_answer,9,close
C00988,L0600,Dilnoza Karimova,2026-02-12,out,651,refused,35,opening
C00989,L0308,Dilnoza Karimova,2025-12-13,in,746,no_answer,5,pitch
C00990,L0534,Dilnoza Karimova,2026-01-11,out,306,interested,90,pitch
C00991,L1177,Dilnoza Karimova,2026-08-20,out,42,refused,33,needs
C00992,L0167,Dilnoza Karimova,2025-12-04,out,343,callback,68,needs
C00993,L0605,Lola Qodirova,2026-03-16,in,723,no_answer,8,pitch
C00994,L0958,Farrux Ahmadov,2026-07-20,out,135,enrolled,100,opening
C00995,L0918,Diyora Rustamova,2026-07-19,in,397,refused,24,needs
C00996,L0715,Diyora Rustamova,2026-05-11,out,893,callback,64,needs
C00997,L0823,Lola Qodirova,2026-05-20,out,871,interested,72,pitch
C00998,L1093,Diyora Rustamova,2026-08-17,out,348,interested,62,pitch
C00999,L0146,Botir Nazarov,2025-10-28,in,441,no_answer,29,pitch
C01000,L0811,Jamshid Umarov,2026-05-09,out,107,no_answer,0,opening
C01001,L1064,Sherzod Nishonov,2026-08-30,out,584,refused,18,close
C01002,L0289,Lola Qodirova,2025-11-04,out,616,callback,66,opening
C01003,L0585,Sherzod Nishonov,2026-04-24,out,325,interested,100,close
C01004,L1168,Farrux Ahmadov,2026-08-29,in,177,refused,35,pitch
C01005,L0093,Jamshid Umarov,2025-10-01,out,759,callback,51,opening
C01006,L0821,Farrux Ahmadov,2026-06-13,out,350,interested,69,needs
C01007,L1042,Sardor Yusufov,2026-08-19,in,857,refused,28,opening
C01008,L0389,Sardor Yusufov,2026-02-06,out,21,interested,78,opening
C01009,L0909,Diyora Rustamova,2026-05-15,out,743,enrolled,72,pitch
C01010,L0516,Botir Nazarov,2026-02-10,out,88,interested,87,pitch
C01011,L0295,Sherzod Nishonov,2025-11-25,in,665,interested,81,close
C01012,L0862,Dilnoza Karimova,2026-04-26,in,225,refused,17,opening
C01013,L0835,Farrux Ahmadov,2026-04-11,in,521,callback,60,opening
C01014,L0822,Sardor Yusufov,2026-05-27,out,652,interested,73,needs
C01015,L0245,Dilnoza Karimova,2025-12-07,out,568,interested,93,pitch
C01016,L0757,Farrux Ahmadov,2026-04-18,out,66,no_answer,29,needs
C01017,L0605,Botir Nazarov,2026-03-08,out,492,refused,41,pitch
C01018,L0439,Lola Qodirova,2026-02-02,in,49,no_answer,3,opening
C01019,L0289,Sherzod Nishonov,2025-12-16,out,656,interested,71,opening
C01020,L1127,Sardor Yusufov,2026-08-18,out,114,callback,53,opening
C01021,L0757,Sardor Yusufov,2026-04-26,out,678,enrolled,100,close
C01022,L0838,Sherzod Nishonov,2026-05-26,out,864,callback,58,opening
C01023,L0574,Botir Nazarov,2026-03-14,out,407,enrolled,76,pitch
C01024,L0239,Jamshid Umarov,2025-11-27,out,627,enrolled,90,opening
C01025,L0431,Farrux Ahmadov,2026-03-04,out,587,interested,93,pitch
C01026,L0685,Diyora Rustamova,2026-05-16,out,457,no_answer,15,close
C01027,L0455,Lola Qodirova,2026-03-18,in,772,interested,74,needs
C01028,L0356,Lola Qodirova,2026-01-11,in,452,enrolled,81,opening
C01029,L0038,Farrux Ahmadov,2025-09-18,out,311,refused,27,pitch
C01030,L0726,Lola Qodirova,2026-04-29,out,644,refused,36,needs
C01031,L1120,Jamshid Umarov,2026-08-31,out,392,no_answer,18,pitch
C01032,L0959,Diyora Rustamova,2026-06-29,in,854,enrolled,79,needs
C01033,L0271,Jamshid Umarov,2026-01-16,out,397,callback,63,opening
C01034,L0211,Jamshid Umarov,2025-10-28,in,326,refused,27,needs
C01035,L0797,Diyora Rustamova,2026-04-06,out,778,interested,68,pitch
C01036,L1123,Diyora Rustamova,2026-08-18,in,274,callback,61,opening
C01037,L1117,Lola Qodirova,2026-08-31,out,289,interested,68,opening
C01038,L0651,Lola Qodirova,2026-02-26,in,436,callback,42,close
C01039,L0013,Farrux Ahmadov,2025-10-16,out,632,enrolled,94,opening
C01040,L0887,Botir Nazarov,2026-06-24,in,835,no_answer,20,needs
C01041,L0956,Farrux Ahmadov,2026-06-15,in,725,interested,70,close
C01042,L0803,Jamshid Umarov,2026-06-05,out,717,interested,65,opening
C01043,L0154,Lola Qodirova,2025-10-22,in,780,callback,54,needs
C01044,L0813,Dilnoza Karimova,2026-05-10,in,209,callback,72,pitch
C01045,L0373,Jamshid Umarov,2026-01-30,out,895,enrolled,83,needs
C01046,L1080,Dilnoza Karimova,2026-07-19,in,117,interested,86,opening
C01047,L0629,Diyora Rustamova,2026-02-12,in,749,callback,67,needs
C01048,L0101,Diyora Rustamova,2025-11-03,out,236,no_answer,18,close
C01049,L1076,Dilnoza Karimova,2026-07-17,in,728,interested,43,opening
C01050,L1096,Sardor Yusufov,2026-08-29,out,79,refused,35,opening
C01051,L1091,Diyora Rustamova,2026-08-21,out,841,refused,25,pitch
C01052,L0025,Sardor Yusufov,2025-10-23,out,141,callback,64,opening
C01053,L0771,Lola Qodirova,2026-04-20,out,67,no_answer,7,opening
C01054,L0198,Farrux Ahmadov,2025-12-14,in,243,callback,70,needs
C01055,L0718,Lola Qodirova,2026-04-14,out,661,interested,79,needs
C01056,L0359,Botir Nazarov,2026-01-05,out,20,no_answer,15,needs
C01057,L1117,Jamshid Umarov,2026-08-26,out,603,interested,87,opening
C01058,L0936,Sardor Yusufov,2026-06-04,out,476,refused,34,needs
C01059,L0240,Botir Nazarov,2026-01-09,in,807,callback,68,needs
C01060,L0452,Lola Qodirova,2026-03-25,out,394,interested,89,close
C01061,L0725,Sherzod Nishonov,2026-04-04,out,858,no_answer,0,needs
C01062,L0818,Jamshid Umarov,2026-06-16,out,316,no_answer,16,opening
C01063,L1154,Jamshid Umarov,2026-08-06,out,637,callback,66,pitch
C01064,L0385,Sardor Yusufov,2025-12-19,out,96,interested,91,opening
C01065,L0473,Diyora Rustamova,2026-03-09,out,58,interested,62,close
C01066,L1198,Diyora Rustamova,2026-08-19,out,760,refused,36,opening
C01067,L0252,Botir Nazarov,2026-01-18,in,130,interested,70,pitch
C01068,L1145,Botir Nazarov,2026-08-30,in,730,refused,14,opening
C01069,L0975,Sardor Yusufov,2026-07-15,in,470,refused,18,pitch
C01070,L0435,Sherzod Nishonov,2026-02-09,out,591,callback,62,opening
C01071,L0908,Sherzod Nishonov,2026-06-22,in,377,interested,89,close
C01072,L0514,Jamshid Umarov,2026-02-24,out,688,callback,59,needs
C01073,L0692,Botir Nazarov,2026-04-20,out,688,no_answer,23,close
C01074,L0854,Diyora Rustamova,2026-06-27,in,383,interested,73,close
C01075,L0864,Farrux Ahmadov,2026-06-12,out,144,refused,55,opening
C01076,L0122,Diyora Rustamova,2025-10-13,out,247,refused,43,opening
C01077,L0301,Jamshid Umarov,2026-01-19,out,118,refused,41,pitch
C01078,L0161,Farrux Ahmadov,2025-11-09,in,301,interested,85,needs
C01079,L0469,Lola Qodirova,2026-03-09,out,898,interested,70,needs
C01080,L0105,Dilnoza Karimova,2025-09-03,out,646,callback,59,opening
C01081,L0507,Lola Qodirova,2026-03-09,in,196,callback,57,needs
C01082,L0428,Sherzod Nishonov,2026-02-14,out,388,callback,62,needs
C01083,L0521,Jamshid Umarov,2026-02-08,out,804,interested,71,needs
C01084,L0494,Sardor Yusufov,2026-02-27,in,64,no_answer,19,opening
C01085,L0363,Diyora Rustamova,2026-02-14,out,424,callback,37,close
C01086,L0016,Sherzod Nishonov,2025-10-01,out,763,callback,74,pitch
C01087,L0060,Sardor Yusufov,2025-10-29,out,386,no_answer,11,opening
C01088,L1025,Sherzod Nishonov,2026-07-06,out,738,enrolled,85,close
C01089,L0183,Lola Qodirova,2025-11-19,out,691,callback,63,needs
C01090,L0239,Botir Nazarov,2025-11-23,out,485,refused,39,pitch
C01091,L0591,Botir Nazarov,2026-03-11,out,888,refused,30,needs
C01092,L1036,Jamshid Umarov,2026-07-29,in,306,callback,60,pitch
C01093,L0261,Botir Nazarov,2025-12-03,out,752,interested,65,pitch
C01094,L0505,Sherzod Nishonov,2026-01-24,out,446,refused,23,needs
C01095,L0933,Dilnoza Karimova,2026-06-09,out,190,no_answer,23,opening
C01096,L1158,Sardor Yusufov,2026-08-26,out,694,interested,72,opening
C01097,L0651,Farrux Ahmadov,2026-03-06,out,718,callback,43,opening
C01098,L0252,Jamshid Umarov,2026-01-12,in,148,callback,65,opening
C01099,L0737,Dilnoza Karimova,2026-04-04,in,336,refused,42,pitch
C01100,L0967,Jamshid Umarov,2026-07-02,out,471,refused,16,opening
C01101,L0466,Dilnoza Karimova,2026-03-14,out,733,callback,68,pitch
C01102,L0352,Sardor Yusufov,2026-01-19,out,565,interested,85,close
C01103,L0661,Lola Qodirova,2026-04-13,out,503,callback,56,needs
C01104,L0519,Farrux Ahmadov,2026-02-04,in,887,interested,76,pitch
C01105,L0436,Lola Qodirova,2026-03-19,out,412,interested,97,opening
C01106,L1155,Sherzod Nishonov,2026-08-13,in,265,interested,53,needs
C01107,L1112,Lola Qodirova,2026-07-26,out,534,refused,11,opening
C01108,L0103,Farrux Ahmadov,2025-10-15,in,736,refused,27,close
C01109,L0812,Dilnoza Karimova,2026-05-08,in,85,enrolled,76,opening
C01110,L0966,Farrux Ahmadov,2026-07-19,in,277,interested,80,pitch
C01111,L1010,Jamshid Umarov,2026-07-14,out,886,no_answer,33,needs
C01112,L1019,Botir Nazarov,2026-07-02,out,289,no_answer,0,close
C01113,L1055,Farrux Ahmadov,2026-08-03,in,761,callback,44,opening
C01114,L0847,Farrux Ahmadov,2026-04-13,out,684,enrolled,92,opening
C01115,L0610,Diyora Rustamova,2026-02-06,out,159,enrolled,95,close
C01116,L1004,Lola Qodirova,2026-07-26,in,639,interested,66,pitch
C01117,L0096,Farrux Ahmadov,2025-11-12,in,422,callback,66,opening
C01118,L0395,Botir Nazarov,2026-02-03,in,883,no_answer,21,opening
C01119,L0375,Jamshid Umarov,2026-02-06,out,798,no_answer,15,pitch
C01120,L0467,Lola Qodirova,2026-02-03,in,309,interested,51,needs
C01121,L0467,Dilnoza Karimova,2026-03-09,in,132,refused,42,needs
C01122,L1043,Sardor Yusufov,2026-07-09,out,42,interested,70,close
C01123,L0719,Sherzod Nishonov,2026-04-02,out,335,callback,55,opening
C01124,L0421,Diyora Rustamova,2026-01-30,out,632,no_answer,10,pitch
C01125,L0092,Dilnoza Karimova,2025-11-01,out,250,refused,44,opening
C01126,L0253,Sardor Yusufov,2025-12-06,in,37,interested,71,opening
C01127,L0964,Sardor Yusufov,2026-08-01,out,149,callback,70,close
C01128,L0925,Diyora Rustamova,2026-06-15,out,583,callback,54,needs
C01129,L0734,Jamshid Umarov,2026-05-12,out,279,callback,54,close
C01130,L0350,Diyora Rustamova,2026-02-05,in,378,callback,57,opening
C01131,L1056,Sardor Yusufov,2026-08-13,out,235,callback,71,opening
C01132,L0168,Farrux Ahmadov,2025-12-10,out,454,interested,70,pitch
C01133,L0288,Sherzod Nishonov,2026-01-08,out,474,no_answer,0,opening
C01134,L0142,Farrux Ahmadov,2025-12-17,out,258,callback,59,close
C01135,L0623,Jamshid Umarov,2026-03-08,in,859,refused,23,needs
C01136,L0552,Jamshid Umarov,2026-03-05,in,533,refused,37,opening
C01137,L0892,Jamshid Umarov,2026-06-28,out,711,callback,50,opening
C01138,L0956,Sherzod Nishonov,2026-06-13,out,346,interested,71,opening
C01139,L0421,Botir Nazarov,2026-01-12,out,164,callback,70,pitch
C01140,L1167,Botir Nazarov,2026-08-31,out,832,enrolled,94,opening
C01141,L0331,Dilnoza Karimova,2026-01-05,out,267,callback,62,opening
C01142,L0190,Jamshid Umarov,2025-11-30,out,576,callback,70,close
C01143,L0980,Diyora Rustamova,2026-08-08,out,560,enrolled,100,pitch
C01144,L1133,Dilnoza Karimova,2026-08-31,out,581,no_answer,7,close
C01145,L0776,Sherzod Nishonov,2026-04-13,in,225,enrolled,75,opening
C01146,L1140,Dilnoza Karimova,2026-08-30,in,695,enrolled,87,opening
C01147,L0811,Lola Qodirova,2026-05-13,out,813,callback,56,opening
C01148,L1022,Sherzod Nishonov,2026-07-17,out,112,refused,36,needs
C01149,L1191,Farrux Ahmadov,2026-08-11,out,545,refused,33,needs
C01150,L1120,Sherzod Nishonov,2026-08-24,out,829,interested,72,needs
C01151,L0522,Lola Qodirova,2026-03-01,in,30,interested,82,pitch
C01152,L0192,Lola Qodirova,2025-11-24,out,231,enrolled,93,needs
C01153,L0292,Dilnoza Karimova,2025-12-21,out,811,enrolled,98,needs
C01154,L0687,Lola Qodirova,2026-04-23,out,669,callback,71,needs
C01155,L0527,Farrux Ahmadov,2026-03-25,out,536,refused,36,opening
C01156,L0059,Dilnoza Karimova,2025-10-30,out,61,callback,53,close
C01157,L0682,Sherzod Nishonov,2026-04-14,out,457,refused,36,close
C01158,L0794,Sardor Yusufov,2026-05-31,in,317,no_answer,10,pitch
C01159,L0663,Dilnoza Karimova,2026-04-22,in,291,interested,66,pitch
C01160,L0827,Farrux Ahmadov,2026-05-21,out,138,no_answer,36,close
C01161,L0483,Sardor Yusufov,2026-03-04,in,434,no_answer,11,needs
C01162,L0789,Jamshid Umarov,2026-06-13,in,354,interested,67,opening
C01163,L0489,Jamshid Umarov,2026-01-05,out,724,enrolled,89,opening
C01164,L0473,Farrux Ahmadov,2026-01-19,out,582,refused,19,opening
C01165,L1066,Diyora Rustamova,2026-08-15,out,233,interested,58,close
C01166,L0688,Diyora Rustamova,2026-03-27,out,402,refused,35,close
C01167,L1154,Dilnoza Karimova,2026-08-17,in,35,interested,79,pitch
C01168,L0739,Farrux Ahmadov,2026-03-11,out,803,interested,75,pitch
C01169,L0314,Dilnoza Karimova,2025-12-29,in,827,no_answer,9,opening
C01170,L0396,Sardor Yusufov,2025-12-21,out,669,interested,76,opening
C01171,L1197,Sherzod Nishonov,2026-08-09,out,515,callback,61,opening
C01172,L1033,Sardor Yusufov,2026-08-21,out,598,interested,73,needs
C01173,L0868,Botir Nazarov,2026-04-27,out,841,callback,57,needs
C01174,L0519,Sardor Yusufov,2026-02-01,in,493,interested,63,opening
C01175,L0828,Jamshid Umarov,2026-05-09,out,637,refused,49,pitch
C01176,L0323,Farrux Ahmadov,2026-02-26,in,121,interested,88,close
C01177,L0637,Lola Qodirova,2026-02-09,out,586,enrolled,95,pitch
C01178,L0102,Jamshid Umarov,2025-10-01,out,434,enrolled,75,opening
C01179,L1015,Sherzod Nishonov,2026-07-20,out,353,callback,66,opening
C01180,L0992,Sherzod Nishonov,2026-08-05,in,654,no_answer,19,pitch
C01181,L0569,Jamshid Umarov,2026-02-19,in,414,interested,83,close
C01182,L1063,Lola Qodirova,2026-08-18,in,182,refused,32,needs
C01183,L0646,Jamshid Umarov,2026-04-10,out,585,no_answer,10,close
C01184,L0180,Diyora Rustamova,2025-12-08,out,220,refused,23,close
C01185,L0246,Farrux Ahmadov,2025-12-10,in,889,interested,91,pitch
C01186,L0558,Lola Qodirova,2026-03-25,out,46,refused,20,needs
C01187,L0822,Sardor Yusufov,2026-06-10,in,450,interested,74,close
C01188,L0679,Lola Qodirova,2026-03-07,out,344,interested,92,opening
C01189,L0230,Jamshid Umarov,2025-12-11,in,787,callback,54,pitch
C01190,L0198,Sherzod Nishonov,2025-12-16,out,833,refused,33,close
C01191,L0582,Dilnoza Karimova,2026-04-16,in,369,callback,58,pitch
C01192,L0959,Diyora Rustamova,2026-07-30,out,479,interested,72,close
C01193,L1007,Dilnoza Karimova,2026-08-29,out,418,interested,69,needs
C01194,L0905,Sherzod Nishonov,2026-06-03,out,899,interested,55,opening
C01195,L0955,Farrux Ahmadov,2026-06-28,in,797,interested,67,pitch
C01196,L1038,Botir Nazarov,2026-06-25,out,148,interested,79,needs
C01197,L0346,Botir Nazarov,2026-01-29,out,642,interested,65,close
C01198,L0539,Sherzod Nishonov,2026-02-23,out,414,interested,62,pitch
C01199,L0351,Sardor Yusufov,2026-01-02,out,713,callback,50,opening
C01200,L0299,Diyora Rustamova,2025-12-02,in,851,interested,77,needs
C01201,L0949,Jamshid Umarov,2026-07-07,out,580,interested,42,pitch
C01202,L1124,Farrux Ahmadov,2026-08-31,out,272,no_answer,32,needs
C01203,L0673,Sherzod Nishonov,2026-05-09,out,105,interested,77,close
C01204,L0131,Lola Qodirova,2025-10-25,in,871,callback,45,needs
C01205,L0290,Dilnoza Karimova,2025-12-17,out,463,no_answer,0,close
C01206,L0700,Farrux Ahmadov,2026-03-01,in,664,callback,55,pitch
C01207,L0640,Farrux Ahmadov,2026-03-20,out,57,callback,63,close
C01208,L0721,Dilnoza Karimova,2026-05-15,in,888,callback,76,opening
C01209,L0200,Lola Qodirova,2025-11-28,out,94,callback,61,pitch
C01210,L0248,Diyora Rustamova,2025-12-06,out,830,no_answer,19,opening
C01211,L0089,Diyora Rustamova,2025-10-02,in,486,enrolled,58,opening
C01212,L0974,Sardor Yusufov,2026-07-29,in,228,no_answer,32,close
C01213,L0971,Botir Nazarov,2026-08-07,out,896,interested,62,pitch
C01214,L0381,Dilnoza Karimova,2026-02-01,out,720,no_answer,0,close
C01215,L0178,Lola Qodirova,2025-10-28,in,122,interested,81,pitch
C01216,L0128,Lola Qodirova,2025-10-31,in,330,interested,93,pitch
C01217,L0971,Jamshid Umarov,2026-07-07,in,659,callback,63,pitch
C01218,L0064,Jamshid Umarov,2025-11-15,out,307,interested,70,needs
C01219,L0546,Sherzod Nishonov,2026-01-21,in,252,interested,72,pitch
C01220,L0737,Sherzod Nishonov,2026-03-25,out,366,no_answer,0,needs
C01221,L0056,Sardor Yusufov,2025-11-08,out,205,interested,77,pitch
C01222,L0307,Botir Nazarov,2026-01-13,out,702,interested,59,close
C01223,L0670,Dilnoza Karimova,2026-04-22,out,300,no_answer,15,opening
C01224,L1139,Botir Nazarov,2026-08-05,in,231,callback,56,pitch
C01225,L0073,Botir Nazarov,2025-10-27,out,847,callback,67,needs
C01226,L0469,Jamshid Umarov,2026-02-11,in,474,no_answer,27,close
C01227,L0839,Farrux Ahmadov,2026-06-12,out,223,enrolled,89,needs
C01228,L0506,Dilnoza Karimova,2026-01-15,in,92,refused,39,pitch
C01229,L0221,Diyora Rustamova,2025-10-31,in,895,no_answer,34,pitch
C01230,L0237,Sherzod Nishonov,2025-11-13,out,321,callback,73,needs
C01231,L0742,Botir Nazarov,2026-04-17,out,670,callback,45,opening
C01232,L0126,Farrux Ahmadov,2025-09-02,out,433,callback,57,pitch
C01233,L1152,Botir Nazarov,2026-08-28,in,347,interested,69,pitch
C01234,L0685,Jamshid Umarov,2026-03-18,out,24,interested,84,close
C01235,L0703,Farrux Ahmadov,2026-03-29,out,485,enrolled,70,pitch
C01236,L0831,Farrux Ahmadov,2026-04-20,out,850,no_answer,14,opening
C01237,L0396,Jamshid Umarov,2025-12-28,out,366,interested,71,opening
C01238,L0753,Botir Nazarov,2026-04-20,out,864,no_answer,0,close
C01239,L0778,Sherzod Nishonov,2026-05-13,out,819,refused,39,opening
C01240,L0459,Jamshid Umarov,2026-03-05,in,871,refused,29,opening
C01241,L0280,Jamshid Umarov,2025-12-25,out,501,no_answer,10,opening
C01242,L1187,Lola Qodirova,2026-08-31,in,499,interested,75,opening
C01243,L0264,Jamshid Umarov,2025-12-07,out,438,interested,82,close
C01244,L0751,Farrux Ahmadov,2026-05-17,out,107,enrolled,100,needs
C01245,L0002,Sardor Yusufov,2025-10-26,in,445,refused,31,needs
C01246,L0325,Lola Qodirova,2026-01-18,out,229,enrolled,100,opening
C01247,L0748,Sherzod Nishonov,2026-05-15,in,490,no_answer,29,opening
C01248,L0927,Diyora Rustamova,2026-05-30,in,294,no_answer,7,opening
C01249,L0565,Botir Nazarov,2026-03-04,out,745,refused,21,needs
C01250,L1111,Jamshid Umarov,2026-08-01,out,780,refused,36,needs
C01251,L1117,Jamshid Umarov,2026-08-24,out,99,interested,60,opening
C01252,L0723,Sherzod Nishonov,2026-04-20,in,215,enrolled,96,needs
C01253,L0696,Sherzod Nishonov,2026-04-17,in,207,interested,65,close
C01254,L1017,Jamshid Umarov,2026-07-02,out,188,callback,62,opening
C01255,L0296,Sardor Yusufov,2025-12-08,out,518,no_answer,28,pitch
C01256,L0007,Farrux Ahmadov,2025-10-30,out,383,refused,46,needs
C01257,L0057,Lola Qodirova,2025-10-18,in,378,enrolled,100,pitch
C01258,L1067,Sherzod Nishonov,2026-07-19,in,453,callback,76,opening
C01259,L0219,Farrux Ahmadov,2025-11-25,out,431,interested,82,needs
C01260,L0595,Botir Nazarov,2026-03-16,in,595,interested,81,close
C01261,L0746,Dilnoza Karimova,2026-05-22,in,293,no_answer,0,needs
C01262,L0682,Sardor Yusufov,2026-04-08,in,515,callback,54,opening
C01263,L0326,Sherzod Nishonov,2026-01-03,in,896,refused,28,needs
C01264,L0971,Sardor Yusufov,2026-07-07,out,505,no_answer,15,opening
C01265,L0172,Sardor Yusufov,2025-11-08,in,162,refused,25,opening
C01266,L0753,Lola Qodirova,2026-04-30,out,878,callback,51,pitch
C01267,L0672,Lola Qodirova,2026-04-29,out,581,callback,56,opening
C01268,L1113,Diyora Rustamova,2026-07-22,out,380,enrolled,84,opening
C01269,L0883,Dilnoza Karimova,2026-07-09,in,260,refused,31,opening
C01270,L1106,Jamshid Umarov,2026-08-08,out,62,interested,85,opening
C01271,L0132,Lola Qodirova,2025-11-23,in,199,callback,56,pitch
C01272,L0943,Diyora Rustamova,2026-07-10,in,109,no_answer,27,opening
C01273,L0732,Sardor Yusufov,2026-04-26,out,716,enrolled,86,opening
C01274,L0746,Botir Nazarov,2026-05-05,out,253,no_answer,10,needs
C01275,L0506,Sardor Yusufov,2026-01-24,in,867,refused,20,pitch
C01276,L0176,Jamshid Umarov,2025-10-30,out,774,refused,26,opening
C01277,L1137,Farrux Ahmadov,2026-08-08,out,485,callback,52,needs
C01278,L0651,Farrux Ahmadov,2026-03-02,out,435,callback,83,opening
C01279,L0135,Diyora Rustamova,2025-11-25,out,637,no_answer,15,close
C01280,L0113,Jamshid Umarov,2025-11-03,out,706,no_answer,29,pitch
C01281,L0300,Botir Nazarov,2025-11-25,in,460,interested,85,pitch
C01282,L0706,Jamshid Umarov,2026-04-25,in,403,enrolled,99,needs
C01283,L0741,Botir Nazarov,2026-04-06,in,401,interested,79,close
C01284,L0203,Sherzod Nishonov,2025-11-10,in,517,no_answer,26,opening
C01285,L0859,Botir Nazarov,2026-04-23,in,773,interested,71,needs
C01286,L0061,Sherzod Nishonov,2025-11-04,in,305,interested,70,needs
C01287,L0213,Diyora Rustamova,2025-10-13,in,133,interested,80,needs
C01288,L0841,Botir Nazarov,2026-05-22,out,278,interested,74,needs
C01289,L0420,Dilnoza Karimova,2025-12-27,in,146,no_answer,18,opening
C01290,L0085,Farrux Ahmadov,2025-11-06,out,582,no_answer,33,pitch
C01291,L0496,Sherzod Nishonov,2026-03-04,out,479,no_answer,10,pitch
C01292,L0215,Sherzod Nishonov,2025-11-04,in,340,no_answer,24,pitch
C01293,L1152,Jamshid Umarov,2026-08-22,out,639,refused,29,close
C01294,L0196,Farrux Ahmadov,2025-11-28,out,71,enrolled,82,needs
C01295,L0065,Dilnoza Karimova,2025-10-28,out,748,interested,85,close
C01296,L0711,Botir Nazarov,2026-04-19,in,540,interested,91,opening
C01297,L0164,Dilnoza Karimova,2025-11-15,out,251,interested,88,opening
C01298,L0617,Dilnoza Karimova,2026-03-18,in,728,enrolled,92,needs
C01299,L0852,Sardor Yusufov,2026-05-21,out,181,no_answer,13,pitch
C01300,L1115,Botir Nazarov,2026-07-25,out,424,callback,49,close
C01301,L0315,Farrux Ahmadov,2025-12-15,in,132,no_answer,14,opening
C01302,L1175,Lola Qodirova,2026-08-29,out,743,callback,74,close
C01303,L0867,Botir Nazarov,2026-05-30,in,73,refused,38,close
C01304,L0986,Botir Nazarov,2026-08-14,out,191,enrolled,97,opening
C01305,L1145,Botir Nazarov,2026-08-29,out,752,no_answer,26,needs
C01306,L0588,Lola Qodirova,2026-02-06,in,854,interested,88,needs
C01307,L0841,Sardor Yusufov,2026-05-23,out,574,interested,50,pitch
C01308,L1189,Botir Nazarov,2026-08-10,in,325,callback,62,opening
C01309,L1120,Sherzod Nishonov,2026-08-25,out,290,interested,86,pitch
C01310,L0216,Dilnoza Karimova,2025-11-05,out,474,interested,79,close
C01311,L1107,Dilnoza Karimova,2026-08-10,in,427,enrolled,100,needs
C01312,L1136,Sardor Yusufov,2026-08-25,out,885,callback,72,pitch
C01313,L0292,Diyora Rustamova,2025-11-29,out,536,refused,35,needs
C01314,L0163,Sardor Yusufov,2025-11-06,out,788,callback,57,pitch
C01315,L1090,Botir Nazarov,2026-08-20,in,227,refused,36,opening
C01316,L0696,Sardor Yusufov,2026-03-26,out,728,interested,82,needs
C01317,L0320,Sherzod Nishonov,2025-12-01,in,450,callback,57,opening
C01318,L1001,Diyora Rustamova,2026-07-08,in,728,no_answer,26,opening
C01319,L0823,Lola Qodirova,2026-06-07,out,343,no_answer,22,needs
C01320,L0696,Jamshid Umarov,2026-04-18,out,118,callback,51,pitch
C01321,L0209,Jamshid Umarov,2025-12-22,out,544,interested,61,pitch
C01322,L0571,Botir Nazarov,2026-03-20,in,795,no_answer,33,needs
C01323,L0536,Sardor Yusufov,2026-03-16,out,139,refused,28,opening
C01324,L0656,Sherzod Nishonov,2026-03-15,out,552,interested,74,needs
C01325,L0822,Farrux Ahmadov,2026-04-26,out,517,enrolled,90,opening
C01326,L0024,Botir Nazarov,2025-10-27,out,466,callback,71,pitch
C01327,L0943,Lola Qodirova,2026-06-22,in,444,refused,35,needs
C01328,L0110,Lola Qodirova,2025-11-27,in,628,callback,74,pitch
C01329,L0899,Sardor Yusufov,2026-06-06,out,250,refused,10,pitch
C01330,L1056,Jamshid Umarov,2026-08-17,out,575,interested,70,needs
C01331,L0349,Farrux Ahmadov,2025-12-24,out,590,refused,28,pitch
C01332,L0408,Lola Qodirova,2026-01-18,out,457,interested,77,opening
C01333,L0183,Botir Nazarov,2025-11-21,in,617,callback,53,needs
C01334,L0457,Botir Nazarov,2026-01-27,out,649,no_answer,25,pitch
C01335,L0170,Botir Nazarov,2025-11-06,out,878,no_answer,0,opening
C01336,L1140,Farrux Ahmadov,2026-08-28,out,354,refused,42,needs
C01337,L1163,Farrux Ahmadov,2026-08-27,out,356,refused,30,opening
C01338,L0905,Sherzod Nishonov,2026-06-29,out,87,refused,30,pitch
C01339,L0563,Botir Nazarov,2026-02-16,in,73,enrolled,68,needs
C01340,L0288,Sherzod Nishonov,2025-11-15,out,218,no_answer,4,needs
C01341,L0465,Sherzod Nishonov,2026-02-23,out,96,refused,27,pitch
C01342,L0100,Sherzod Nishonov,2025-09-22,out,568,interested,63,needs
C01343,L0470,Jamshid Umarov,2026-02-20,in,218,enrolled,88,opening
C01344,L0870,Jamshid Umarov,2026-05-05,out,499,callback,40,needs
C01345,L1159,Lola Qodirova,2026-08-31,in,891,refused,37,opening
C01346,L0358,Farrux Ahmadov,2026-01-16,out,465,no_answer,32,pitch
C01347,L0442,Jamshid Umarov,2026-02-21,out,825,no_answer,13,needs
C01348,L0343,Jamshid Umarov,2026-01-17,out,251,interested,65,pitch
C01349,L1003,Sardor Yusufov,2026-08-06,in,789,no_answer,26,pitch
C01350,L0787,Dilnoza Karimova,2026-06-09,in,589,enrolled,90,close
C01351,L0366,Jamshid Umarov,2025-12-02,in,22,interested,98,pitch
C01352,L0775,Farrux Ahmadov,2026-04-14,out,581,callback,68,opening
C01353,L0342,Lola Qodirova,2026-02-17,out,889,callback,49,opening
C01354,L0921,Sardor Yusufov,2026-06-23,in,109,refused,34,close
C01355,L0272,Jamshid Umarov,2026-01-06,out,78,no_answer,11,needs
C01356,L0580,Sardor Yusufov,2026-04-17,out,802,callback,63,pitch
C01357,L0519,Lola Qodirova,2026-02-10,in,539,refused,33,close
C01358,L0865,Botir Nazarov,2026-05-23,out,221,refused,40,opening
C01359,L0549,Sardor Yusufov,2026-02-25,out,785,interested,75,needs
C01360,L1127,Lola Qodirova,2026-08-19,in,810,no_answer,16,needs
C01361,L0581,Lola Qodirova,2026-02-26,in,837,enrolled,86,pitch
C01362,L0288,Sardor Yusufov,2026-01-10,out,90,interested,81,opening
C01363,L0663,Jamshid Umarov,2026-05-09,out,781,no_answer,13,pitch
C01364,L0239,Jamshid Umarov,2025-12-28,in,835,refused,28,opening
C01365,L1076,Botir Nazarov,2026-08-16,out,418,no_answer,16,needs
C01366,L0588,Jamshid Umarov,2026-03-02,out,805,callback,65,opening
C01367,L0917,Sardor Yusufov,2026-07-15,out,218,refused,27,close
C01368,L0558,Botir Nazarov,2026-03-14,out,322,callback,59,pitch
C01369,L0141,Farrux Ahmadov,2025-11-19,out,708,interested,72,opening
C01370,L0063,Lola Qodirova,2025-10-23,out,203,refused,30,opening
C01371,L0375,Lola Qodirova,2025-12-30,out,657,callback,73,pitch
C01372,L0490,Lola Qodirova,2026-03-02,in,264,callback,52,opening
C01373,L0329,Diyora Rustamova,2026-01-21,in,467,refused,11,pitch
C01374,L0904,Jamshid Umarov,2026-06-05,out,882,enrolled,88,needs
C01375,L0565,Dilnoza Karimova,2026-03-25,in,870,interested,84,opening
C01376,L0435,Botir Nazarov,2026-01-28,out,578,no_answer,8,needs
C01377,L0222,Sardor Yusufov,2025-12-16,out,729,interested,79,pitch
C01378,L0272,Dilnoza Karimova,2026-01-11,in,65,no_answer,17,pitch
C01379,L1164,Botir Nazarov,2026-08-16,out,875,callback,76,pitch
C01380,L0889,Sardor Yusufov,2026-07-04,in,269,refused,31,close
C01381,L0697,Farrux Ahmadov,2026-05-28,out,667,refused,23,pitch
C01382,L0724,Diyora Rustamova,2026-05-20,out,54,no_answer,17,needs
C01383,L0903,Sherzod Nishonov,2026-07-07,out,465,no_answer,18,needs
C01384,L0054,Diyora Rustamova,2025-11-01,out,493,interested,82,needs
C01385,L1141,Botir Nazarov,2026-08-31,out,280,interested,76,opening
C01386,L0187,Botir Nazarov,2025-10-18,in,745,interested,62,close
C01387,L0998,Diyora Rustamova,2026-07-17,out,755,interested,63,opening
C01388,L0583,Lola Qodirova,2026-02-11,in,200,interested,73,opening
C01389,L0554,Botir Nazarov,2026-04-08,in,355,no_answer,20,pitch
C01390,L1174,Diyora Rustamova,2026-08-21,out,427,refused,32,opening
C01391,L1118,Jamshid Umarov,2026-08-12,in,89,callback,51,opening
C01392,L0042,Botir Nazarov,2025-10-20,out,593,refused,8,pitch
C01393,L1047,Farrux Ahmadov,2026-06-30,out,432,interested,68,needs
C01394,L0767,Dilnoza Karimova,2026-03-16,in,834,refused,23,pitch
C01395,L0829,Jamshid Umarov,2026-04-28,in,784,interested,64,needs
C01396,L0668,Lola Qodirova,2026-04-08,out,629,enrolled,98,needs
C01397,L0876,Jamshid Umarov,2026-06-30,out,351,callback,71,needs
C01398,L0431,Farrux Ahmadov,2026-01-12,out,146,refused,21,opening
C01399,L1105,Jamshid Umarov,2026-08-02,in,175,callback,74,needs
C01400,L1042,Jamshid Umarov,2026-06-29,out,704,callback,60,close
C01401,L0495,Sardor Yusufov,2026-01-31,out,446,no_answer,20,opening
C01402,L0286,Sardor Yusufov,2026-01-19,in,255,callback,55,close
C01403,L0019,Sardor Yusufov,2025-11-12,out,200,interested,74,pitch
C01404,L0433,Sherzod Nishonov,2026-03-15,in,385,refused,26,pitch
C01405,L1167,Sardor Yusufov,2026-08-31,in,407,callback,46,pitch
C01406,L0831,Diyora Rustamova,2026-05-06,out,613,no_answer,15,needs
C01407,L0720,Jamshid Umarov,2026-04-15,out,243,callback,57,needs
C01408,L0668,Sardor Yusufov,2026-04-14,in,244,callback,55,opening
C01409,L1170,Sardor Yusufov,2026-08-28,out,350,callback,66,needs
C01410,L0585,Sardor Yusufov,2026-03-02,out,618,refused,33,opening
C01411,L0324,Dilnoza Karimova,2026-02-15,out,426,refused,35,opening
C01412,L0932,Lola Qodirova,2026-05-29,in,885,callback,60,needs
C01413,L0289,Diyora Rustamova,2025-12-22,in,393,interested,63,pitch
C01414,L0713,Farrux Ahmadov,2026-04-10,in,370,callback,65,close
C01415,L0418,Dilnoza Karimova,2025-12-27,in,316,interested,83,close
C01416,L0649,Dilnoza Karimova,2026-03-06,in,125,callback,63,close
C01417,L0096,Sardor Yusufov,2025-09-30,out,298,enrolled,87,pitch
C01418,L0369,Jamshid Umarov,2026-01-23,out,708,no_answer,17,opening
C01419,L0422,Jamshid Umarov,2026-02-26,out,785,callback,58,needs
C01420,L0894,Botir Nazarov,2026-05-23,out,892,interested,94,opening
C01421,L0449,Botir Nazarov,2026-03-17,out,566,interested,78,pitch
C01422,L1182,Diyora Rustamova,2026-08-09,out,341,interested,76,needs
C01423,L0952,Diyora Rustamova,2026-05-30,out,96,no_answer,9,opening
C01424,L0801,Diyora Rustamova,2026-04-25,out,805,no_answer,17,close
C01425,L0762,Lola Qodirova,2026-03-18,out,271,enrolled,99,pitch
C01426,L0236,Sherzod Nishonov,2025-12-19,in,890,interested,67,opening
C01427,L0121,Lola Qodirova,2025-11-02,in,389,no_answer,4,opening
C01428,L0515,Sardor Yusufov,2026-01-23,out,745,interested,76,close
C01429,L1088,Sherzod Nishonov,2026-08-25,out,86,refused,24,needs
C01430,L0326,Botir Nazarov,2026-01-19,out,771,callback,63,needs
C01431,L0322,Diyora Rustamova,2025-12-31,out,269,no_answer,2,needs
C01432,L1020,Lola Qodirova,2026-06-21,out,652,refused,33,opening
C01433,L0864,Diyora Rustamova,2026-05-07,out,886,refused,21,needs
C01434,L0956,Sardor Yusufov,2026-05-21,in,732,no_answer,22,opening
C01435,L0348,Sherzod Nishonov,2026-01-09,out,54,interested,76,close
C01436,L0111,Dilnoza Karimova,2025-10-13,out,639,no_answer,29,needs
C01437,L0856,Diyora Rustamova,2026-04-21,in,681,refused,29,pitch
C01438,L0482,Sherzod Nishonov,2026-03-06,in,525,enrolled,100,needs
C01439,L0478,Jamshid Umarov,2026-03-10,in,627,refused,27,close
C01440,L0478,Diyora Rustamova,2026-03-01,out,307,no_answer,21,opening
C01441,L0162,Sardor Yusufov,2025-11-11,out,166,refused,39,opening
C01442,L0102,Jamshid Umarov,2025-10-08,out,644,callback,65,opening
C01443,L0799,Farrux Ahmadov,2026-04-02,out,72,refused,48,pitch
C01444,L0983,Dilnoza Karimova,2026-06-22,out,158,interested,81,pitch
C01445,L0811,Sardor Yusufov,2026-04-25,out,549,interested,83,pitch
C01446,L0752,Farrux Ahmadov,2026-03-26,out,842,callback,53,pitch
C01447,L0372,Diyora Rustamova,2026-01-14,in,305,enrolled,89,pitch
C01448,L0974,Botir Nazarov,2026-07-27,out,30,refused,24,pitch
C01449,L0690,Lola Qodirova,2026-04-14,in,237,refused,35,opening
C01450,L0270,Jamshid Umarov,2025-11-28,in,154,interested,76,close
C01451,L0075,Diyora Rustamova,2025-10-17,in,845,interested,68,opening
C01452,L0517,Farrux Ahmadov,2026-02-22,in,674,interested,78,opening
C01453,L0178,Sardor Yusufov,2025-11-08,out,255,no_answer,11,opening
C01454,L0590,Diyora Rustamova,2026-03-04,out,780,refused,20,pitch
C01455,L0702,Dilnoza Karimova,2026-03-21,in,320,callback,69,close
C01456,L0012,Lola Qodirova,2025-09-22,out,206,enrolled,97,pitch
C01457,L0019,Lola Qodirova,2025-11-07,in,294,callback,56,needs
C01458,L0221,Jamshid Umarov,2025-11-13,in,119,interested,60,pitch
C01459,L1058,Jamshid Umarov,2026-08-21,out,335,refused,38,pitch
C01460,L0215,Diyora Rustamova,2025-11-21,out,185,refused,3,opening
C01461,L0401,Sherzod Nishonov,2026-01-23,out,312,interested,80,opening
C01462,L0999,Farrux Ahmadov,2026-07-06,in,182,no_answer,10,pitch
C01463,L0429,Lola Qodirova,2026-01-09,out,683,enrolled,84,opening
C01464,L0434,Lola Qodirova,2026-01-08,out,793,callback,69,close
C01465,L1134,Dilnoza Karimova,2026-08-07,in,90,interested,89,pitch
C01466,L0752,Farrux Ahmadov,2026-04-25,out,887,no_answer,23,pitch
C01467,L0021,Lola Qodirova,2025-09-15,out,867,no_answer,5,opening
C01468,L0604,Diyora Rustamova,2026-03-02,out,466,interested,70,needs
C01469,L0585,Jamshid Umarov,2026-04-04,out,315,interested,54,pitch
C01470,L0668,Dilnoza Karimova,2026-03-21,out,127,no_answer,27,opening
C01471,L0657,Farrux Ahmadov,2026-03-22,out,146,no_answer,33,pitch
C01472,L0049,Lola Qodirova,2025-10-31,in,172,enrolled,90,close
C01473,L0217,Farrux Ahmadov,2025-10-30,out,273,no_answer,20,pitch
C01474,L0115,Dilnoza Karimova,2025-10-05,in,172,refused,29,opening
C01475,L1071,Sherzod Nishonov,2026-08-23,out,166,no_answer,28,opening
C01476,L0387,Diyora Rustamova,2026-01-23,out,776,refused,40,opening
C01477,L0529,Sherzod Nishonov,2026-02-16,out,756,callback,42,needs
C01478,L0405,Jamshid Umarov,2025-12-20,out,299,no_answer,0,opening
C01479,L0582,Sardor Yusufov,2026-03-15,in,424,interested,71,opening
C01480,L0887,Sardor Yusufov,2026-05-01,out,735,callback,67,needs
C01481,L0819,Jamshid Umarov,2026-04-10,out,529,callback,73,needs
C01482,L0712,Botir Nazarov,2026-03-15,in,424,interested,73,opening
C01483,L0697,Sherzod Nishonov,2026-05-07,in,377,interested,64,opening
C01484,L0835,Diyora Rustamova,2026-05-18,out,645,no_answer,32,close
C01485,L0754,Sherzod Nishonov,2026-04-16,out,215,interested,79,close
C01486,L1123,Sardor Yusufov,2026-08-30,out,354,interested,78,opening
C01487,L0506,Lola Qodirova,2026-01-09,out,436,no_answer,7,opening
C01488,L0908,Jamshid Umarov,2026-07-09,out,786,no_answer,18,opening
C01489,L0864,Diyora Rustamova,2026-05-04,out,60,enrolled,92,pitch
C01490,L1009,Lola Qodirova,2026-07-01,out,164,interested,85,needs
C01491,L0816,Botir Nazarov,2026-06-13,out,88,no_answer,4,pitch
C01492,L0236,Dilnoza Karimova,2025-12-03,out,28,interested,65,needs
C01493,L0824,Botir Nazarov,2026-06-23,out,442,callback,54,opening
C01494,L1037,Sherzod Nishonov,2026-06-08,out,165,no_answer,10,opening
C01495,L0771,Dilnoza Karimova,2026-04-02,out,734,refused,20,needs
C01496,L0289,Jamshid Umarov,2025-12-05,out,258,refused,38,opening
C01497,L0936,Farrux Ahmadov,2026-05-22,in,748,interested,83,pitch
C01498,L0481,Diyora Rustamova,2026-02-13,out,122,refused,17,needs
C01499,L0065,Diyora Rustamova,2025-09-25,out,225,callback,69,needs
C01500,L0465,Lola Qodirova,2026-03-26,in,241,callback,40,pitch
C01501,L0824,Jamshid Umarov,2026-05-25,in,126,interested,76,pitch
C01502,L1082,Botir Nazarov,2026-07-28,out,324,refused,37,close
C01503,L0846,Sardor Yusufov,2026-05-16,out,657,callback,58,close
C01504,L0061,Farrux Ahmadov,2025-11-05,in,590,interested,85,needs
C01505,L1184,Jamshid Umarov,2026-08-21,out,661,refused,14,opening
C01506,L0026,Botir Nazarov,2025-11-08,in,636,no_answer,18,opening
C01507,L0227,Farrux Ahmadov,2025-11-12,out,201,no_answer,14,pitch
C01508,L1048,Lola Qodirova,2026-07-01,out,868,enrolled,92,pitch
C01509,L0143,Jamshid Umarov,2025-10-28,in,308,interested,76,close
C01510,L0380,Lola Qodirova,2025-12-27,in,159,callback,48,close
C01511,L0647,Jamshid Umarov,2026-03-24,in,770,no_answer,22,needs
C01512,L0813,Jamshid Umarov,2026-05-02,in,471,callback,51,opening
C01513,L0183,Farrux Ahmadov,2025-10-24,out,845,refused,13,opening
C01514,L0911,Lola Qodirova,2026-07-04,in,414,enrolled,80,opening
C01515,L0101,Diyora Rustamova,2025-09-23,out,706,enrolled,88,opening
C01516,L0147,Dilnoza Karimova,2025-10-29,in,253,callback,54,needs
C01517,L0981,Botir Nazarov,2026-08-15,in,775,interested,74,needs
C01518,L0656,Lola Qodirova,2026-03-18,out,35,enrolled,85,pitch
C01519,L0570,Botir Nazarov,2026-04-01,out,582,refused,31,pitch
C01520,L1132,Sardor Yusufov,2026-08-30,out,505,enrolled,86,pitch
C01521,L0023,Dilnoza Karimova,2025-10-29,out,599,interested,91,pitch
C01522,L0228,Botir Nazarov,2025-11-30,in,239,enrolled,83,needs
C01523,L1030,Botir Nazarov,2026-06-27,out,800,refused,19,needs
C01524,L0112,Farrux Ahmadov,2025-10-28,out,898,interested,79,close
C01525,L0859,Jamshid Umarov,2026-05-01,in,318,no_answer,15,pitch
C01526,L0708,Jamshid Umarov,2026-04-12,out,407,enrolled,77,needs
C01527,L0344,Jamshid Umarov,2026-01-12,out,813,enrolled,78,opening
C01528,L0508,Farrux Ahmadov,2026-03-08,out,553,enrolled,89,pitch
C01529,L0693,Sardor Yusufov,2026-03-10,out,139,callback,50,needs
C01530,L0563,Sherzod Nishonov,2026-04-12,out,743,callback,67,pitch
C01531,L1067,Lola Qodirova,2026-08-25,out,700,callback,52,close
C01532,L0188,Diyora Rustamova,2025-11-07,out,681,callback,73,pitch
C01533,L0698,Farrux Ahmadov,2026-04-26,in,347,refused,45,opening
C01534,L0719,Lola Qodirova,2026-04-09,out,756,callback,74,needs
C01535,L0067,Dilnoza Karimova,2025-10-26,out,801,interested,89,needs
C01536,L0038,Sardor Yusufov,2025-10-19,out,670,interested,54,needs
C01537,L0078,Diyora Rustamova,2025-10-19,in,430,refused,17,needs
C01538,L0145,Sardor Yusufov,2025-10-30,in,332,refused,22,needs
C01539,L0814,Sardor Yusufov,2026-06-08,in,250,refused,18,opening
C01540,L1181,Diyora Rustamova,2026-08-17,in,576,interested,75,close
C01541,L0316,Dilnoza Karimova,2026-01-02,out,871,callback,71,close
C01542,L0299,Jamshid Umarov,2025-12-13,out,215,no_answer,17,close
C01543,L0845,Sherzod Nishonov,2026-05-09,out,242,interested,83,pitch
C01544,L0832,Jamshid Umarov,2026-05-10,out,590,callback,71,opening
C01545,L0158,Dilnoza Karimova,2025-12-01,out,869,no_answer,22,close
C01546,L0140,Botir Nazarov,2025-11-02,in,721,enrolled,94,pitch
C01547,L0838,Botir Nazarov,2026-05-29,out,299,no_answer,20,needs
C01548,L0940,Dilnoza Karimova,2026-05-25,in,92,interested,73,needs
C01549,L0838,Farrux Ahmadov,2026-06-11,out,62,refused,47,opening
C01550,L0245,Botir Nazarov,2025-12-13,out,693,no_answer,21,pitch
C01551,L0773,Lola Qodirova,2026-04-17,out,468,no_answer,16,needs
C01552,L1129,Farrux Ahmadov,2026-08-31,out,671,callback,74,opening
C01553,L0732,Jamshid Umarov,2026-04-28,out,362,enrolled,89,needs
C01554,L0209,Dilnoza Karimova,2025-10-23,in,688,no_answer,34,needs
C01555,L0125,Botir Nazarov,2025-11-14,out,828,callback,54,needs
C01556,L0844,Sherzod Nishonov,2026-06-14,out,324,callback,66,opening
C01557,L0331,Lola Qodirova,2026-01-14,in,678,enrolled,70,opening
C01558,L1196,Sherzod Nishonov,2026-08-26,in,860,refused,31,needs
C01559,L0783,Sherzod Nishonov,2026-05-30,out,646,interested,92,needs
C01560,L0066,Lola Qodirova,2025-11-11,out,38,refused,8,pitch
C01561,L1079,Farrux Ahmadov,2026-08-16,out,519,interested,75,needs
C01562,L0686,Dilnoza Karimova,2026-03-30,in,837,interested,73,needs
C01563,L0629,Sardor Yusufov,2026-03-08,out,107,enrolled,94,pitch
C01564,L0016,Botir Nazarov,2025-11-16,in,61,callback,55,pitch
C01565,L0380,Jamshid Umarov,2026-01-17,out,40,interested,73,opening
C01566,L0269,Sherzod Nishonov,2025-12-04,in,682,enrolled,100,needs
C01567,L0030,Jamshid Umarov,2025-09-20,in,262,no_answer,35,pitch
C01568,L0262,Lola Qodirova,2025-11-25,in,159,no_answer,17,pitch
C01569,L0886,Lola Qodirova,2026-05-17,out,653,enrolled,89,needs
C01570,L0528,Farrux Ahmadov,2026-03-04,in,204,no_answer,28,close
C01571,L0286,Farrux Ahmadov,2026-01-02,out,709,refused,38,opening
C01572,L0062,Dilnoza Karimova,2025-10-20,in,552,interested,69,needs
C01573,L0829,Farrux Ahmadov,2026-04-28,in,867,callback,72,pitch
C01574,L0032,Diyora Rustamova,2025-10-27,out,660,interested,97,opening
C01575,L0159,Botir Nazarov,2025-12-09,out,718,callback,60,pitch
C01576,L0162,Farrux Ahmadov,2025-12-15,out,367,refused,34,pitch
C01577,L0754,Lola Qodirova,2026-05-08,out,735,callback,69,pitch
C01578,L0473,Sardor Yusufov,2026-02-01,in,896,interested,79,pitch
C01579,L0417,Dilnoza Karimova,2026-01-10,out,766,interested,81,pitch
C01580,L0140,Diyora Rustamova,2025-12-01,out,235,interested,100,opening
C01581,L0991,Botir Nazarov,2026-08-19,out,685,refused,22,pitch
C01582,L0545,Lola Qodirova,2026-02-13,out,581,callback,62,needs
C01583,L0720,Farrux Ahmadov,2026-03-27,out,55,no_answer,2,needs
C01584,L0887,Sardor Yusufov,2026-06-10,in,286,callback,65,needs
C01585,L0490,Lola Qodirova,2026-02-17,in,389,callback,50,needs
C01586,L0096,Sardor Yusufov,2025-11-08,out,695,callback,69,pitch
C01587,L0195,Diyora Rustamova,2025-11-06,out,571,no_answer,23,close
C01588,L0766,Botir Nazarov,2026-05-16,out,246,interested,75,needs
C01589,L0048,Sardor Yusufov,2025-10-14,out,782,callback,53,needs
C01590,L0978,Jamshid Umarov,2026-08-16,out,724,no_answer,11,needs
C01591,L0723,Lola Qodirova,2026-03-29,in,541,no_answer,10,needs
C01592,L0966,Farrux Ahmadov,2026-08-06,in,212,refused,0,pitch
C01593,L1091,Botir Nazarov,2026-07-23,out,135,interested,77,needs
C01594,L1181,Diyora Rustamova,2026-08-15,in,734,interested,61,close
C01595,L0737,Botir Nazarov,2026-04-29,out,354,interested,73,needs
C01596,L1041,Diyora Rustamova,2026-07-30,in,423,callback,40,opening
C01597,L0458,Farrux Ahmadov,2026-01-16,in,619,no_answer,31,opening
C01598,L0528,Dilnoza Karimova,2026-02-03,out,222,refused,40,needs
C01599,L0771,Dilnoza Karimova,2026-04-14,in,714,enrolled,100,opening
C01600,L0698,Farrux Ahmadov,2026-05-29,out,619,no_answer,28,needs
C01601,L0657,Sherzod Nishonov,2026-02-15,in,283,no_answer,6,needs
C01602,L0993,Dilnoza Karimova,2026-08-08,out,219,callback,50,opening
C01603,L0778,Diyora Rustamova,2026-05-12,out,839,interested,96,pitch
C01604,L0999,Diyora Rustamova,2026-08-06,in,313,enrolled,92,opening
C01605,L1137,Sherzod Nishonov,2026-08-16,in,26,no_answer,15,opening
C01606,L0813,Sardor Yusufov,2026-06-26,out,43,callback,66,opening
C01607,L0975,Jamshid Umarov,2026-08-05,out,567,refused,13,opening
C01608,L0516,Farrux Ahmadov,2026-02-03,out,846,no_answer,30,needs
C01609,L0419,Jamshid Umarov,2026-02-15,out,50,callback,51,opening
C01610,L0242,Botir Nazarov,2026-01-09,out,544,enrolled,89,opening
C01611,L0855,Farrux Ahmadov,2026-05-16,in,528,interested,70,pitch
C01612,L0212,Sardor Yusufov,2025-11-10,in,727,interested,74,opening
C01613,L0342,Farrux Ahmadov,2025-12-30,out,114,refused,15,opening
C01614,L0107,Jamshid Umarov,2025-11-05,out,887,interested,96,close
C01615,L1022,Farrux Ahmadov,2026-07-24,out,672,enrolled,64,close
C01616,L0168,Sherzod Nishonov,2025-11-03,in,194,callback,55,opening
C01617,L0599,Sherzod Nishonov,2026-03-15,out,299,enrolled,78,opening
C01618,L0425,Sherzod Nishonov,2025-12-15,out,508,no_answer,10,needs
C01619,L0394,Jamshid Umarov,2026-01-06,out,392,interested,41,needs
C01620,L0403,Dilnoza Karimova,2026-02-20,out,858,enrolled,77,opening
C01621,L0682,Diyora Rustamova,2026-04-05,in,451,interested,70,opening
C01622,L0808,Farrux Ahmadov,2026-05-16,out,234,interested,80,close
C01623,L1134,Botir Nazarov,2026-08-21,in,21,refused,15,close
C01624,L0093,Sherzod Nishonov,2025-11-10,out,661,no_answer,11,needs
C01625,L0218,Lola Qodirova,2025-11-07,out,642,interested,79,pitch
C01626,L0245,Diyora Rustamova,2025-12-12,in,233,refused,19,opening
C01627,L0425,Farrux Ahmadov,2025-12-15,in,397,refused,24,close
C01628,L0025,Dilnoza Karimova,2025-10-03,out,614,callback,60,needs
C01629,L0789,Dilnoza Karimova,2026-04-27,out,800,callback,65,opening
C01630,L1078,Lola Qodirova,2026-08-14,out,286,interested,82,needs
C01631,L0728,Sherzod Nishonov,2026-03-22,out,212,interested,77,needs
C01632,L0737,Farrux Ahmadov,2026-03-26,in,271,enrolled,99,pitch
C01633,L1097,Sherzod Nishonov,2026-08-27,out,79,enrolled,83,opening
C01634,L0939,Jamshid Umarov,2026-06-01,out,837,interested,73,needs
C01635,L0378,Jamshid Umarov,2026-01-05,in,24,refused,19,opening
C01636,L0744,Lola Qodirova,2026-04-21,out,76,interested,75,pitch
C01637,L0126,Lola Qodirova,2025-10-09,out,756,refused,16,pitch
C01638,L0548,Dilnoza Karimova,2026-01-09,out,247,enrolled,100,opening
C01639,L0575,Dilnoza Karimova,2026-04-19,in,726,no_answer,26,needs
C01640,L0590,Sardor Yusufov,2026-02-25,in,300,interested,76,needs
C01641,L0354,Botir Nazarov,2026-01-16,out,862,enrolled,93,opening
C01642,L0236,Sardor Yusufov,2025-12-04,out,267,refused,38,close
C01643,L0988,Diyora Rustamova,2026-07-31,out,580,interested,59,opening
C01644,L0589,Sherzod Nishonov,2026-03-22,in,670,interested,80,pitch
C01645,L0205,Sardor Yusufov,2025-12-15,out,243,callback,33,pitch
C01646,L0423,Diyora Rustamova,2026-01-20,out,775,refused,41,needs
C01647,L0464,Farrux Ahmadov,2026-03-15,in,30,callback,65,needs
C01648,L0435,Botir Nazarov,2026-01-14,in,162,enrolled,89,pitch
C01649,L0515,Botir Nazarov,2026-01-29,in,636,interested,83,opening
C01650,L0912,Jamshid Umarov,2026-06-13,out,815,interested,78,needs
C01651,L0701,Sherzod Nishonov,2026-04-02,out,88,interested,78,pitch
C01652,L0240,Sherzod Nishonov,2025-11-30,out,229,refused,19,opening
C01653,L0502,Sherzod Nishonov,2026-02-25,in,638,enrolled,100,pitch
C01654,L0665,Dilnoza Karimova,2026-04-20,out,871,interested,77,needs
C01655,L0874,Diyora Rustamova,2026-05-19,out,353,refused,27,opening
C01656,L1038,Botir Nazarov,2026-08-15,in,749,no_answer,21,opening
C01657,L0210,Sardor Yusufov,2025-11-12,out,845,no_answer,16,opening
C01658,L0940,Sardor Yusufov,2026-05-31,out,439,no_answer,22,pitch
C01659,L0892,Diyora Rustamova,2026-05-26,out,486,interested,61,close
C01660,L0915,Lola Qodirova,2026-05-28,out,652,no_answer,32,pitch
C01661,L0102,Sardor Yusufov,2025-10-26,out,195,callback,67,close
C01662,L0851,Sardor Yusufov,2026-06-02,out,466,no_answer,5,opening
C01663,L0713,Sardor Yusufov,2026-05-08,out,208,no_answer,0,needs
C01664,L0531,Botir Nazarov,2026-02-22,in,231,callback,57,pitch
C01665,L0324,Lola Qodirova,2026-02-11,in,586,no_answer,14,pitch
C01666,L0897,Lola Qodirova,2026-06-02,in,105,interested,84,needs
C01667,L0912,Lola Qodirova,2026-07-06,out,682,callback,65,opening
C01668,L0429,Sherzod Nishonov,2026-01-23,in,483,refused,35,close
C01669,L0726,Sardor Yusufov,2026-03-30,out,203,callback,48,needs
C01670,L0546,Botir Nazarov,2026-03-16,in,315,enrolled,100,opening
C01671,L1181,Diyora Rustamova,2026-08-18,in,741,interested,92,pitch
C01672,L0361,Diyora Rustamova,2026-02-08,out,787,interested,59,close
C01673,L0584,Botir Nazarov,2026-04-04,out,510,interested,61,pitch
C01674,L1145,Farrux Ahmadov,2026-08-31,out,137,no_answer,22,needs
C01675,L1184,Jamshid Umarov,2026-08-31,out,358,callback,50,opening
C01676,L0453,Dilnoza Karimova,2026-02-20,out,594,interested,69,needs
C01677,L0863,Sardor Yusufov,2026-04-27,out,525,callback,45,close
C01678,L0119,Sardor Yusufov,2025-11-29,in,206,refused,21,close
C01679,L0855,Dilnoza Karimova,2026-06-03,in,861,refused,50,opening
C01680,L0614,Jamshid Umarov,2026-03-12,out,214,refused,34,opening
C01681,L0968,Dilnoza Karimova,2026-08-11,out,337,no_answer,8,pitch
C01682,L0927,Sherzod Nishonov,2026-06-12,out,475,refused,22,needs
C01683,L0615,Jamshid Umarov,2026-03-12,out,591,refused,33,needs
C01684,L0686,Diyora Rustamova,2026-04-13,out,199,enrolled,82,opening
C01685,L0583,Diyora Rustamova,2026-03-29,out,144,enrolled,87,close
C01686,L0249,Lola Qodirova,2026-01-03,out,385,interested,95,opening
C01687,L0077,Lola Qodirova,2025-10-13,out,776,refused,14,opening
C01688,L0872,Botir Nazarov,2026-06-23,out,371,interested,62,opening
C01689,L0016,Sardor Yusufov,2025-10-26,out,35,no_answer,25,close
C01690,L0915,Dilnoza Karimova,2026-05-27,in,266,callback,52,opening
C01691,L1163,Lola Qodirova,2026-08-26,out,426,refused,6,opening
C01692,L1050,Sardor Yusufov,2026-07-29,out,109,interested,74,needs
C01693,L1193,Sherzod Nishonov,2026-08-09,in,146,callback,44,pitch
C01694,L1133,Dilnoza Karimova,2026-08-29,out,87,callback,53,pitch
C01695,L0421,Dilnoza Karimova,2025-12-25,out,886,no_answer,18,close
C01696,L0175,Dilnoza Karimova,2025-10-07,out,568,interested,88,opening
C01697,L0605,Botir Nazarov,2026-03-31,in,893,callback,39,opening
C01698,L0570,Lola Qodirova,2026-03-09,in,589,interested,57,close
C01699,L0854,Diyora Rustamova,2026-05-04,out,223,refused,26,pitch
C01700,L0443,Jamshid Umarov,2026-02-20,out,315,no_answer,20,opening
C01701,L0595,Sardor Yusufov,2026-04-09,out,64,callback,55,opening
C01702,L1026,Jamshid Umarov,2026-06-19,in,881,interested,87,needs
C01703,L0863,Dilnoza Karimova,2026-06-19,out,624,refused,36,needs
C01704,L1065,Jamshid Umarov,2026-07-27,out,377,no_answer,2,needs
C01705,L0060,Sardor Yusufov,2025-10-22,out,151,callback,50,opening
C01706,L0579,Jamshid Umarov,2026-03-06,in,854,no_answer,15,pitch
C01707,L0174,Sherzod Nishonov,2025-11-11,out,620,interested,90,opening
C01708,L0217,Dilnoza Karimova,2025-10-30,out,67,refused,31,opening
C01709,L0915,Farrux Ahmadov,2026-06-06,in,739,interested,77,opening
C01710,L1015,Sherzod Nishonov,2026-07-27,out,832,refused,25,needs
C01711,L0287,Farrux Ahmadov,2025-12-07,in,749,no_answer,20,close
C01712,L0106,Botir Nazarov,2025-11-03,out,67,callback,47,close
C01713,L0021,Botir Nazarov,2025-10-26,out,175,enrolled,93,pitch
C01714,L0570,Diyora Rustamova,2026-03-13,out,387,refused,32,close
C01715,L0970,Sardor Yusufov,2026-08-18,in,675,refused,21,pitch
C01716,L0959,Sardor Yusufov,2026-08-02,in,750,no_answer,21,close
C01717,L1027,Jamshid Umarov,2026-07-26,out,621,refused,16,needs
C01718,L0018,Diyora Rustamova,2025-10-18,out,80,enrolled,87,pitch
C01719,L1197,Diyora Rustamova,2026-08-24,out,780,callback,55,opening
C01720,L1151,Dilnoza Karimova,2026-08-28,out,582,no_answer,32,needs
C01721,L0480,Diyora Rustamova,2026-03-06,out,373,interested,74,close
C01722,L0874,Lola Qodirova,2026-06-27,out,701,no_answer,18,close
C01723,L0206,Botir Nazarov,2025-12-01,in,718,no_answer,12,close
C01724,L0258,Farrux Ahmadov,2025-12-02,in,559,interested,71,close
C01725,L1034,Diyora Rustamova,2026-08-06,out,482,callback,70,close
C01726,L0859,Dilnoza Karimova,2026-04-21,in,66,interested,88,pitch
C01727,L0085,Dilnoza Karimova,2025-10-24,in,831,interested,81,needs
C01728,L0324,Botir Nazarov,2026-01-08,in,411,interested,75,opening
C01729,L0451,Sardor Yusufov,2026-03-18,out,767,refused,27,opening
C01730,L0176,Lola Qodirova,2025-12-17,out,316,interested,63,pitch
C01731,L0654,Farrux Ahmadov,2026-03-29,in,131,interested,70,opening
C01732,L0237,Diyora Rustamova,2025-10-13,out,491,interested,64,close
C01733,L0829,Jamshid Umarov,2026-04-16,out,721,refused,48,needs
C01734,L0703,Botir Nazarov,2026-04-12,in,90,no_answer,14,pitch
C01735,L0089,Lola Qodirova,2025-10-06,out,641,callback,53,close
C01736,L1119,Sherzod Nishonov,2026-08-31,in,593,refused,34,pitch
C01737,L1094,Farrux Ahmadov,2026-08-17,out,485,interested,54,opening
C01738,L1123,Botir Nazarov,2026-08-26,in,775,no_answer,12,pitch
C01739,L0326,Jamshid Umarov,2026-01-21,out,181,refused,36,needs
C01740,L0135,Lola Qodirova,2025-11-16,in,597,refused,27,pitch
C01741,L0496,Sardor Yusufov,2026-01-29,in,876,interested,74,pitch
C01742,L0704,Diyora Rustamova,2026-05-04,in,268,callback,57,pitch
C01743,L1032,Sherzod Nishonov,2026-07-18,in,350,enrolled,100,close
C01744,L1013,Botir Nazarov,2026-07-25,in,848,callback,57,opening
C01745,L0221,Sherzod Nishonov,2025-11-12,in,510,callback,61,pitch
C01746,L1088,Farrux Ahmadov,2026-08-28,in,342,callback,51,close
C01747,L1160,Botir Nazarov,2026-08-25,out,588,refused,22,opening
C01748,L0811,Sardor Yusufov,2026-06-09,out,512,no_answer,8,pitch
C01749,L0744,Dilnoza Karimova,2026-04-18,out,241,interested,100,close
C01750,L1147,Diyora Rustamova,2026-08-27,out,320,callback,54,needs
C01751,L0170,Lola Qodirova,2025-11-14,out,512,no_answer,17,close
C01752,L0147,Lola Qodirova,2025-10-25,in,516,interested,73,pitch
C01753,L0361,Sherzod Nishonov,2025-12-14,out,837,enrolled,82,pitch
C01754,L0017,Diyora Rustamova,2025-09-27,out,71,callback,67,close
C01755,L1089,Sardor Yusufov,2026-07-29,out,486,no_answer,13,pitch
C01756,L0287,Jamshid Umarov,2026-01-03,out,470,refused,55,pitch
C01757,L0045,Sardor Yusufov,2025-11-12,out,95,no_answer,11,pitch
C01758,L0606,Jamshid Umarov,2026-04-09,out,573,refused,33,needs
C01759,L0944,Botir Nazarov,2026-06-15,in,112,enrolled,94,opening
C01760,L0253,Jamshid Umarov,2025-12-09,in,617,callback,81,pitch
C01761,L0434,Farrux Ahmadov,2026-01-31,out,518,refused,31,close
C01762,L1035,Jamshid Umarov,2026-06-14,in,657,enrolled,86,pitch
C01763,L0847,Dilnoza Karimova,2026-05-05,out,52,interested,78,close
C01764,L1163,Sardor Yusufov,2026-08-29,out,37,no_answer,5,close
C01765,L0785,Botir Nazarov,2026-05-16,in,794,refused,37,needs
C01766,L0454,Jamshid Umarov,2026-02-20,out,830,no_answer,32,close
C01767,L0691,Farrux Ahmadov,2026-03-29,in,140,enrolled,98,needs
C01768,L1002,Sherzod Nishonov,2026-07-29,out,87,refused,28,opening
C01769,L0091,Diyora Rustamova,2025-10-16,in,152,no_answer,41,pitch
C01770,L0587,Jamshid Umarov,2026-03-05,out,801,callback,57,opening
C01771,L0353,Jamshid Umarov,2026-02-03,out,685,callback,52,opening
C01772,L0823,Sherzod Nishonov,2026-06-12,out,840,interested,88,needs
C01773,L0950,Jamshid Umarov,2026-05-26,out,249,interested,86,needs
C01774,L0356,Botir Nazarov,2026-01-05,out,624,callback,68,needs
C01775,L0558,Lola Qodirova,2026-04-13,out,662,interested,92,opening
C01776,L0949,Diyora Rustamova,2026-06-27,out,460,callback,49,pitch
C01777,L1197,Diyora Rustamova,2026-08-31,in,412,enrolled,79,needs
C01778,L0767,Diyora Rustamova,2026-03-29,out,199,refused,41,pitch
C01779,L0995,Lola Qodirova,2026-08-01,out,182,no_answer,16,close
C01780,L0698,Dilnoza Karimova,2026-05-06,out,700,no_answer,1,needs
C01781,L0946,Sardor Yusufov,2026-06-24,in,695,interested,85,needs
C01782,L0452,Farrux Ahmadov,2026-02-23,out,822,callback,76,opening
C01783,L0190,Farrux Ahmadov,2025-11-07,out,342,enrolled,81,opening
C01784,L0439,Lola Qodirova,2026-01-09,out,536,no_answer,7,needs
C01785,L0580,Jamshid Umarov,2026-03-26,in,899,enrolled,94,pitch
C01786,L1082,Botir Nazarov,2026-08-26,in,758,enrolled,89,needs
C01787,L1135,Lola Qodirova,2026-08-24,in,390,no_answer,13,opening
C01788,L0278,Botir Nazarov,2025-12-05,in,223,no_answer,36,close
C01789,L0735,Lola Qodirova,2026-03-23,in,879,refused,34,needs
C01790,L1169,Dilnoza Karimova,2026-08-23,in,123,no_answer,10,needs
C01791,L1091,Sardor Yusufov,2026-08-18,out,122,refused,27,opening
C01792,L1014,Sherzod Nishonov,2026-07-10,in,269,refused,33,needs
C01793,L0972,Jamshid Umarov,2026-07-12,out,577,enrolled,98,opening
C01794,L1130,Dilnoza Karimova,2026-08-29,in,827,enrolled,86,needs
C01795,L0114,Dilnoza Karimova,2025-10-29,in,162,callback,67,needs
C01796,L1107,Jamshid Umarov,2026-08-27,out,468,no_answer,3,close
C01797,L0838,Diyora Rustamova,2026-04-30,out,395,no_answer,18,opening
C01798,L1097,Dilnoza Karimova,2026-08-28,out,197,enrolled,77,needs
C01799,L0619,Jamshid Umarov,2026-04-01,in,145,interested,85,needs
C01800,L0747,Lola Qodirova,2026-04-30,out,295,no_answer,21,opening
C01801,L0800,Lola Qodirova,2026-04-28,out,389,callback,68,needs
C01802,L1115,Sherzod Nishonov,2026-08-24,out,339,enrolled,94,pitch
C01803,L0791,Diyora Rustamova,2026-06-11,out,34,no_answer,27,pitch
C01804,L0570,Dilnoza Karimova,2026-03-25,out,807,refused,19,opening
C01805,L1191,Diyora Rustamova,2026-08-12,in,299,interested,66,needs
C01806,L0648,Dilnoza Karimova,2026-03-28,out,556,callback,70,needs
C01807,L0958,Sardor Yusufov,2026-07-14,out,243,no_answer,16,close
C01808,L0819,Botir Nazarov,2026-05-10,out,319,refused,43,needs
C01809,L0215,Farrux Ahmadov,2025-12-07,in,41,interested,72,close
C01810,L0834,Jamshid Umarov,2026-06-22,out,774,enrolled,88,close
C01811,L0728,Sardor Yusufov,2026-04-13,in,486,no_answer,0,needs
C01812,L0129,Sherzod Nishonov,2025-10-20,out,464,interested,96,close
C01813,L1001,Diyora Rustamova,2026-06-27,in,659,interested,65,pitch
C01814,L0962,Sherzod Nishonov,2026-07-16,out,541,refused,18,close
C01815,L0414,Jamshid Umarov,2026-01-18,out,463,refused,16,needs
C01816,L0744,Lola Qodirova,2026-03-21,out,317,interested,57,needs
C01817,L0816,Lola Qodirova,2026-04-21,out,657,no_answer,7,pitch
C01818,L0855,Farrux Ahmadov,2026-05-06,out,857,enrolled,82,needs
C01819,L1116,Dilnoza Karimova,2026-08-21,out,299,interested,74,close
C01820,L0052,Farrux Ahmadov,2025-11-08,in,88,refused,24,close
C01821,L0706,Sherzod Nishonov,2026-04-21,out,372,refused,40,close
C01822,L0609,Diyora Rustamova,2026-03-11,in,715,refused,41,pitch
C01823,L0942,Jamshid Umarov,2026-07-16,in,296,callback,68,close
C01824,L0200,Botir Nazarov,2025-11-18,out,444,interested,68,pitch
C01825,L1073,Sherzod Nishonov,2026-08-14,out,395,callback,40,opening
C01826,L0487,Dilnoza Karimova,2026-01-27,in,396,refused,35,pitch
C01827,L0454,Jamshid Umarov,2026-03-22,out,741,refused,23,pitch
C01828,L0048,Farrux Ahmadov,2025-10-06,out,354,interested,86,opening
C01829,L0139,Diyora Rustamova,2025-12-19,in,119,interested,84,opening
C01830,L0332,Sherzod Nishonov,2026-02-05,in,51,callback,47,opening
C01831,L0672,Botir Nazarov,2026-04-11,in,669,no_answer,19,close
C01832,L0569,Sardor Yusufov,2026-03-27,in,760,refused,27,opening
C01833,L0578,Sardor Yusufov,2026-03-23,in,696,callback,70,pitch
C01834,L0053,Jamshid Umarov,2025-11-04,out,783,callback,68,pitch
C01835,L0753,Diyora Rustamova,2026-04-21,out,588,enrolled,100,needs
C01836,L0284,Diyora Rustamova,2025-12-04,out,188,no_answer,0,close
C01837,L0006,Dilnoza Karimova,2025-10-30,out,624,callback,58,pitch
C01838,L1009,Diyora Rustamova,2026-08-05,in,870,interested,63,needs
C01839,L0691,Botir Nazarov,2026-04-04,out,763,refused,21,close
C01840,L0556,Diyora Rustamova,2026-03-17,out,489,refused,32,close
C01841,L0562,Dilnoza Karimova,2026-03-15,in,577,interested,85,close
C01842,L0967,Lola Qodirova,2026-07-28,out,727,no_answer,14,pitch
C01843,L0621,Jamshid Umarov,2026-02-18,out,646,interested,60,opening
C01844,L1147,Diyora Rustamova,2026-08-17,out,39,interested,71,close
C01845,L0410,Sherzod Nishonov,2026-01-08,in,86,enrolled,96,opening
C01846,L0878,Lola Qodirova,2026-05-18,in,441,enrolled,94,needs
C01847,L1137,Botir Nazarov,2026-08-09,out,630,callback,84,needs
C01848,L0115,Lola Qodirova,2025-09-26,out,658,callback,66,pitch
C01849,L1038,Lola Qodirova,2026-07-15,in,207,callback,77,pitch
C01850,L0605,Diyora Rustamova,2026-04-10,out,812,interested,72,close
C01851,L0448,Dilnoza Karimova,2026-01-25,in,347,no_answer,18,pitch
C01852,L0435,Dilnoza Karimova,2026-03-11,in,178,refused,43,pitch
C01853,L0347,Sherzod Nishonov,2026-02-10,out,93,enrolled,100,pitch
C01854,L1043,Sardor Yusufov,2026-07-24,out,777,no_answer,1,needs
C01855,L0389,Sardor Yusufov,2025-12-31,out,463,refused,30,close
C01856,L0633,Botir Nazarov,2026-02-26,out,607,refused,33,needs
C01857,L1183,Jamshid Umarov,2026-08-29,in,517,interested,77,pitch
C01858,L0727,Jamshid Umarov,2026-04-04,out,736,interested,73,needs
C01859,L1052,Farrux Ahmadov,2026-08-12,out,629,refused,18,pitch
C01860,L0185,Farrux Ahmadov,2025-12-19,out,370,enrolled,83,opening
C01861,L0068,Sardor Yusufov,2025-10-03,in,495,no_answer,6,opening
C01862,L1117,Botir Nazarov,2026-08-31,out,695,callback,44,needs
C01863,L0018,Farrux Ahmadov,2025-11-01,in,86,interested,74,pitch
C01864,L1023,Jamshid Umarov,2026-07-06,in,254,interested,57,opening
C01865,L0910,Lola Qodirova,2026-06-27,out,289,callback,53,pitch
C01866,L0785,Sardor Yusufov,2026-05-03,out,619,enrolled,100,opening
C01867,L1077,Sherzod Nishonov,2026-08-22,in,118,enrolled,100,pitch
C01868,L1143,Botir Nazarov,2026-08-30,out,372,no_answer,9,pitch
C01869,L0236,Farrux Ahmadov,2025-12-21,out,118,refused,24,opening
C01870,L0588,Sardor Yusufov,2026-03-17,out,580,interested,69,pitch
C01871,L0667,Farrux Ahmadov,2026-03-28,out,234,callback,52,needs
C01872,L0015,Sardor Yusufov,2025-09-29,out,337,enrolled,84,needs
C01873,L0902,Lola Qodirova,2026-07-27,out,487,callback,53,opening
C01874,L0386,Lola Qodirova,2026-01-20,out,551,refused,24,needs
C01875,L0136,Sherzod Nishonov,2025-11-14,out,705,callback,55,close
C01876,L0961,Diyora Rustamova,2026-06-18,in,574,interested,84,needs
C01877,L0619,Sherzod Nishonov,2026-02-05,in,252,no_answer,11,opening
C01878,L0316,Sherzod Nishonov,2025-12-24,out,647,no_answer,8,opening
C01879,L0536,Diyora Rustamova,2026-03-09,out,745,interested,82,needs
C01880,L0902,Lola Qodirova,2026-06-10,out,496,callback,63,close
C01881,L0059,Sherzod Nishonov,2025-11-09,out,183,interested,72,pitch
C01882,L0701,Diyora Rustamova,2026-03-17,in,403,refused,27,opening
C01883,L0912,Jamshid Umarov,2026-07-02,out,369,callback,54,pitch
C01884,L0387,Botir Nazarov,2026-02-01,out,335,interested,93,needs
C01885,L0732,Dilnoza Karimova,2026-05-13,out,391,interested,73,opening
C01886,L1118,Lola Qodirova,2026-08-23,in,754,interested,57,pitch
C01887,L0833,Farrux Ahmadov,2026-04-24,out,224,interested,74,opening
C01888,L0277,Jamshid Umarov,2025-12-10,in,420,refused,21,needs
C01889,L0199,Sherzod Nishonov,2025-11-07,in,646,no_answer,14,opening
C01890,L0039,Sardor Yusufov,2025-11-22,out,480,interested,63,opening
C01891,L0563,Lola Qodirova,2026-04-17,out,91,callback,61,needs
C01892,L0082,Lola Qodirova,2025-09-22,out,384,interested,80,needs
C01893,L1174,Botir Nazarov,2026-08-27,out,511,interested,87,pitch
C01894,L1017,Botir Nazarov,2026-06-21,out,899,enrolled,97,opening
C01895,L0215,Sardor Yusufov,2025-12-04,in,840,enrolled,100,needs
C01896,L0593,Botir Nazarov,2026-03-13,in,316,refused,39,needs
C01897,L0398,Sherzod Nishonov,2026-02-07,out,442,no_answer,14,needs
C01898,L0104,Sardor Yusufov,2025-11-17,out,259,enrolled,100,close
C01899,L1155,Diyora Rustamova,2026-08-26,out,257,refused,25,opening
C01900,L0318,Lola Qodirova,2025-12-20,in,347,no_answer,14,needs
C01901,L0760,Dilnoza Karimova,2026-03-26,in,634,callback,48,opening
C01902,L0089,Botir Nazarov,2025-10-07,in,433,enrolled,74,close
C01903,L0999,Sardor Yusufov,2026-07-06,out,642,no_answer,21,needs
C01904,L1037,Diyora Rustamova,2026-06-13,out,706,no_answer,29,pitch
C01905,L0768,Sherzod Nishonov,2026-03-13,in,73,refused,33,needs
C01906,L0509,Jamshid Umarov,2026-02-27,out,765,enrolled,91,pitch
C01907,L0892,Diyora Rustamova,2026-05-07,out,877,no_answer,15,close
C01908,L0614,Botir Nazarov,2026-03-05,in,860,no_answer,7,opening
C01909,L1055,Lola Qodirova,2026-08-07,out,415,no_answer,10,needs
C01910,L0502,Farrux Ahmadov,2026-02-12,out,174,interested,84,pitch
C01911,L0045,Diyora Rustamova,2025-11-08,in,152,no_answer,5,pitch
C01912,L0195,Jamshid Umarov,2025-11-26,out,754,refused,28,pitch
C01913,L0401,Sardor Yusufov,2025-12-06,out,580,callback,64,close
C01914,L0972,Farrux Ahmadov,2026-07-15,in,891,callback,69,pitch
C01915,L0543,Sherzod Nishonov,2026-03-10,in,441,refused,30,pitch
C01916,L0450,Sardor Yusufov,2026-02-28,in,864,no_answer,10,pitch
C01917,L0372,Jamshid Umarov,2026-02-15,in,764,interested,73,opening
C01918,L0095,Sardor Yusufov,2025-11-22,out,893,no_answer,20,opening
C01919,L0638,Lola Qodirova,2026-02-16,out,752,interested,77,opening
C01920,L0490,Botir Nazarov,2026-03-18,out,153,no_answer,10,pitch
C01921,L1078,Lola Qodirova,2026-08-27,out,282,refused,22,pitch
C01922,L1186,Lola Qodirova,2026-08-30,out,738,interested,87,pitch
C01923,L0105,Jamshid Umarov,2025-09-14,out,106,no_answer,0,opening
C01924,L0132,Farrux Ahmadov,2025-10-31,in,200,callback,43,close
C01925,L0308,Botir Nazarov,2025-12-12,out,657,interested,71,pitch
C01926,L0881,Jamshid Umarov,2026-05-24,out,631,interested,72,pitch
C01927,L0157,Diyora Rustamova,2025-11-08,out,600,enrolled,84,needs
C01928,L0869,Sherzod Nishonov,2026-04-23,out,130,refused,49,opening
C01929,L0433,Sherzod Nishonov,2026-03-01,out,828,interested,79,opening
C01930,L1041,Diyora Rustamova,2026-06-17,in,842,callback,51,pitch
C01931,L0721,Farrux Ahmadov,2026-04-16,out,590,refused,35,opening
C01932,L0310,Sardor Yusufov,2026-01-11,out,408,enrolled,97,pitch
C01933,L0210,Sherzod Nishonov,2025-11-04,out,106,interested,67,needs
C01934,L0202,Farrux Ahmadov,2025-12-13,out,82,enrolled,100,needs
C01935,L0320,Botir Nazarov,2025-12-26,in,466,refused,15,pitch
C01936,L0424,Dilnoza Karimova,2026-01-25,out,45,refused,21,close
C01937,L1057,Sardor Yusufov,2026-08-19,out,144,enrolled,91,needs
C01938,L0343,Sherzod Nishonov,2026-01-06,out,805,no_answer,5,close
C01939,L0942,Dilnoza Karimova,2026-07-02,out,50,callback,58,close
C01940,L1197,Farrux Ahmadov,2026-08-27,in,258,refused,32,needs
C01941,L0402,Botir Nazarov,2025-12-13,in,622,interested,58,opening
C01942,L0026,Diyora Rustamova,2025-10-24,out,55,interested,90,opening
C01943,L0473,Lola Qodirova,2026-02-23,in,805,interested,79,pitch
C01944,L0184,Dilnoza Karimova,2025-10-14,out,498,interested,83,opening
C01945,L0262,Jamshid Umarov,2026-01-21,out,85,interested,92,needs
C01946,L0721,Dilnoza Karimova,2026-05-24,out,126,refused,18,close
C01947,L0920,Sardor Yusufov,2026-06-29,out,394,refused,40,opening
C01948,L0754,Diyora Rustamova,2026-04-09,out,248,callback,77,pitch
C01949,L0104,Sardor Yusufov,2025-10-18,out,708,callback,63,opening
C01950,L0477,Diyora Rustamova,2026-03-03,out,546,enrolled,98,needs
C01951,L0494,Lola Qodirova,2026-02-19,out,255,no_answer,16,needs
C01952,L0430,Botir Nazarov,2026-02-14,out,823,no_answer,26,pitch
C01953,L0575,Diyora Rustamova,2026-03-13,out,57,interested,66,needs
C01954,L0340,Diyora Rustamova,2026-02-12,out,209,callback,49,pitch
C01955,L0176,Diyora Rustamova,2025-10-23,out,866,no_answer,19,close
C01956,L1022,Lola Qodirova,2026-07-23,out,291,interested,75,opening
C01957,L0723,Sardor Yusufov,2026-03-21,out,341,interested,66,opening
C01958,L0638,Jamshid Umarov,2026-03-19,in,482,callback,53,pitch
C01959,L0585,Jamshid Umarov,2026-04-06,out,794,interested,65,needs
C01960,L0593,Farrux Ahmadov,2026-04-08,in,49,no_answer,18,opening
C01961,L0551,Dilnoza Karimova,2026-03-21,out,794,no_answer,27,needs
C01962,L0726,Farrux Ahmadov,2026-04-20,in,350,interested,86,needs
C01963,L0581,Sardor Yusufov,2026-03-02,in,40,callback,61,opening
C01964,L1043,Jamshid Umarov,2026-07-31,in,245,interested,91,opening
C01965,L0989,Botir Nazarov,2026-07-08,out,88,no_answer,5,opening
C01966,L0879,Sherzod Nishonov,2026-06-24,out,252,callback,49,opening
C01967,L1032,Botir Nazarov,2026-06-28,out,780,refused,40,opening
C01968,L0507,Farrux Ahmadov,2026-02-16,in,458,refused,29,needs
C01969,L0290,Dilnoza Karimova,2025-11-14,out,816,no_answer,10,opening
C01970,L0978,Lola Qodirova,2026-07-11,in,212,callback,66,pitch
C01971,L0483,Botir Nazarov,2026-01-31,in,597,enrolled,94,close
C01972,L1155,Farrux Ahmadov,2026-08-15,out,883,interested,80,close
C01973,L0490,Lola Qodirova,2026-03-19,out,759,no_answer,29,close
C01974,L0741,Diyora Rustamova,2026-05-08,out,55,interested,70,opening
C01975,L0859,Diyora Rustamova,2026-06-06,out,897,refused,25,needs
C01976,L0947,Dilnoza Karimova,2026-06-11,out,500,enrolled,80,close
C01977,L0044,Dilnoza Karimova,2025-10-04,out,614,no_answer,30,close
C01978,L0973,Sardor Yusufov,2026-06-27,out,304,no_answer,17,opening
C01979,L0486,Sardor Yusufov,2026-02-10,out,427,callback,54,close
C01980,L0413,Botir Nazarov,2026-01-17,in,510,interested,89,needs
C01981,L0544,Dilnoza Karimova,2026-01-27,out,662,callback,64,needs
C01982,L0931,Jamshid Umarov,2026-05-25,out,162,no_answer,9,opening
C01983,L1131,Lola Qodirova,2026-08-26,out,546,callback,49,pitch
C01984,L0199,Jamshid Umarov,2025-11-21,out,683,refused,15,opening
C01985,L0878,Jamshid Umarov,2026-05-07,in,326,interested,83,opening
C01986,L0598,Lola Qodirova,2026-04-13,out,158,callback,58,pitch
C01987,L0776,Lola Qodirova,2026-04-18,in,40,no_answer,9,opening
C01988,L1189,Diyora Rustamova,2026-08-13,in,524,enrolled,86,opening
C01989,L0233,Diyora Rustamova,2025-11-20,in,52,interested,82,pitch
C01990,L1127,Dilnoza Karimova,2026-08-27,out,492,interested,83,needs
C01991,L1029,Lola Qodirova,2026-07-08,out,708,no_answer,18,pitch
C01992,L0886,Jamshid Umarov,2026-05-14,in,778,interested,56,opening
C01993,L1087,Dilnoza Karimova,2026-08-20,out,302,interested,86,needs
C01994,L1102,Farrux Ahmadov,2026-08-12,out,589,callback,65,close
C01995,L0430,Farrux Ahmadov,2026-03-04,out,700,refused,7,opening
C01996,L0366,Botir Nazarov,2025-12-21,out,414,refused,9,close
C01997,L0234,Sherzod Nishonov,2025-10-31,out,339,refused,40,opening
C01998,L0891,Sardor Yusufov,2026-07-21,in,536,refused,17,close
C01999,L1066,Lola Qodirova,2026-08-28,out,107,callback,59,close
C02000,L0589,Diyora Rustamova,2026-03-30,out,799,no_answer,31,pitch
C02001,L1123,Jamshid Umarov,2026-08-31,out,286,interested,75,opening
C02002,L0259,Botir Nazarov,2025-12-20,in,51,interested,72,needs
C02003,L0772,Dilnoza Karimova,2026-03-15,in,397,callback,58,close
C02004,L0595,Lola Qodirova,2026-03-18,in,861,interested,74,close
C02005,L0974,Sherzod Nishonov,2026-07-27,in,871,enrolled,84,opening
C02006,L0614,Dilnoza Karimova,2026-02-05,in,115,callback,63,needs
C02007,L0236,Jamshid Umarov,2025-11-06,out,819,interested,76,opening
C02008,L0721,Lola Qodirova,2026-04-27,out,651,callback,70,needs
C02009,L1177,Lola Qodirova,2026-08-24,in,662,callback,52,pitch
C02010,L1128,Farrux Ahmadov,2026-08-29,out,578,interested,84,needs
C02011,L0198,Dilnoza Karimova,2025-11-20,in,450,interested,100,close
C02012,L0682,Farrux Ahmadov,2026-03-26,in,724,refused,20,opening
C02013,L0515,Farrux Ahmadov,2026-01-15,out,418,callback,55,opening
C02014,L0201,Diyora Rustamova,2025-12-16,out,473,interested,85,opening
C02015,L1166,Jamshid Umarov,2026-08-26,in,152,interested,71,opening
C02016,L0636,Diyora Rustamova,2026-02-10,in,619,interested,67,opening
C02017,L1164,Botir Nazarov,2026-08-18,out,280,callback,58,needs
C02018,L0584,Sardor Yusufov,2026-03-02,out,646,callback,68,opening
C02019,L0803,Sherzod Nishonov,2026-06-04,out,465,callback,53,close
C02020,L0760,Farrux Ahmadov,2026-04-04,in,793,interested,90,needs
C02021,L0953,Botir Nazarov,2026-06-07,out,709,interested,71,opening
C02022,L0770,Farrux Ahmadov,2026-04-26,out,382,callback,64,needs
C02023,L0936,Sardor Yusufov,2026-06-22,out,675,no_answer,13,needs
C02024,L0711,Sherzod Nishonov,2026-04-06,in,251,callback,57,close
C02025,L0355,Diyora Rustamova,2026-01-17,in,284,no_answer,25,opening
C02026,L0894,Sherzod Nishonov,2026-05-12,in,791,no_answer,29,needs
C02027,L1109,Diyora Rustamova,2026-08-07,out,588,no_answer,35,pitch
C02028,L0408,Sardor Yusufov,2026-01-19,out,419,callback,79,opening
C02029,L1063,Sherzod Nishonov,2026-08-19,in,724,interested,77,opening
C02030,L0828,Dilnoza Karimova,2026-05-12,out,584,refused,22,needs
C02031,L1193,Jamshid Umarov,2026-08-24,out,311,refused,28,opening
C02032,L0556,Sardor Yusufov,2026-03-25,out,29,interested,67,opening
C02033,L1132,Jamshid Umarov,2026-08-29,in,421,callback,69,pitch
C02034,L1171,Sherzod Nishonov,2026-08-20,out,158,interested,67,close
C02035,L0749,Farrux Ahmadov,2026-05-21,out,808,no_answer,18,needs
C02036,L0947,Botir Nazarov,2026-06-18,out,371,refused,19,opening
C02037,L0277,Botir Nazarov,2025-12-12,out,610,no_answer,22,close
C02038,L1065,Jamshid Umarov,2026-07-28,in,255,interested,64,needs
C02039,L0351,Lola Qodirova,2026-01-08,out,56,refused,25,close
C02040,L0184,Farrux Ahmadov,2025-12-07,out,110,interested,75,close
C02041,L0382,Lola Qodirova,2026-02-04,out,567,no_answer,28,close
C02042,L0303,Jamshid Umarov,2025-12-09,out,711,interested,84,needs
C02043,L1010,Sardor Yusufov,2026-07-12,in,870,no_answer,30,needs
C02044,L0283,Diyora Rustamova,2025-12-31,in,317,refused,18,opening
C02045,L0846,Sardor Yusufov,2026-04-06,out,661,callback,53,pitch
C02046,L0429,Sherzod Nishonov,2026-01-13,in,347,enrolled,85,close
C02047,L0090,Jamshid Umarov,2025-10-09,out,164,interested,99,opening
C02048,L0681,Dilnoza Karimova,2026-05-04,in,164,interested,88,close
C02049,L0545,Farrux Ahmadov,2026-03-13,in,590,refused,19,pitch
C02050,L0090,Diyora Rustamova,2025-09-25,in,295,no_answer,17,pitch
C02051,L0982,Jamshid Umarov,2026-07-27,in,117,no_answer,15,opening
C02052,L0955,Botir Nazarov,2026-06-23,in,641,refused,33,opening
C02053,L1012,Farrux Ahmadov,2026-06-19,out,167,refused,35,opening
C02054,L0464,Farrux Ahmadov,2026-01-24,in,317,callback,61,opening
C02055,L0050,Sardor Yusufov,2025-09-14,in,335,interested,83,opening
C02056,L1110,Jamshid Umarov,2026-08-24,out,747,callback,50,close
C02057,L0376,Dilnoza Karimova,2025-12-10,out,140,interested,68,needs
C02058,L0740,Farrux Ahmadov,2026-04-15,in,872,interested,75,pitch
C02059,L0397,Sherzod Nishonov,2026-01-22,out,829,refused,45,needs
C02060,L0974,Dilnoza Karimova,2026-08-02,in,132,no_answer,17,pitch
C02061,L0127,Lola Qodirova,2025-09-16,out,27,no_answer,12,pitch
C02062,L1085,Dilnoza Karimova,2026-08-30,in,408,interested,80,needs
C02063,L0267,Sardor Yusufov,2025-12-18,in,596,interested,71,opening
C02064,L0994,Diyora Rustamova,2026-06-20,out,673,no_answer,12,pitch
C02065,L0762,Sardor Yusufov,2026-05-03,in,526,callback,70,pitch
C02066,L1050,Diyora Rustamova,2026-07-27,in,74,refused,47,opening
C02067,L0589,Jamshid Umarov,2026-04-14,out,803,no_answer,8,opening
C02068,L0108,Diyora Rustamova,2025-10-27,in,118,callback,54,pitch
C02069,L1162,Sherzod Nishonov,2026-08-30,out,600,refused,36,pitch
C02070,L0947,Botir Nazarov,2026-05-26,in,576,interested,85,close
C02071,L0748,Jamshid Umarov,2026-03-22,out,131,interested,70,pitch
C02072,L1199,Jamshid Umarov,2026-08-20,out,567,no_answer,7,pitch
C02073,L0386,Lola Qodirova,2026-01-19,out,227,enrolled,85,needs
C02074,L0397,Farrux Ahmadov,2026-01-17,in,815,callback,63,opening
C02075,L1005,Farrux Ahmadov,2026-06-18,out,336,no_answer,25,pitch
C02076,L0842,Farrux Ahmadov,2026-05-17,out,699,enrolled,91,needs
C02077,L0377,Dilnoza Karimova,2026-02-03,out,46,callback,66,pitch
C02078,L1055,Farrux Ahmadov,2026-08-05,out,334,refused,35,pitch
C02079,L0083,Lola Qodirova,2025-11-07,out,529,no_answer,14,opening
C02080,L0338,Sardor Yusufov,2026-01-21,out,617,refused,22,needs
C02081,L0739,Botir Nazarov,2026-04-16,out,231,interested,61,needs
C02082,L0051,Lola Qodirova,2025-10-09,in,696,refused,39,opening
C02083,L1050,Lola Qodirova,2026-07-23,out,867,interested,80,pitch
C02084,L0970,Lola Qodirova,2026-07-07,out,860,interested,77,needs
C02085,L0761,Botir Nazarov,2026-03-25,in,286,refused,19,pitch
C02086,L0564,Botir Nazarov,2026-03-15,in,682,no_answer,0,pitch
C02087,L0899,Jamshid Umarov,2026-07-12,out,50,interested,72,opening
C02088,L0506,Farrux Ahmadov,2026-01-15,out,821,enrolled,70,pitch
C02089,L1063,Lola Qodirova,2026-07-23,out,456,no_answer,27,needs
C02090,L0824,Botir Nazarov,2026-05-31,in,779,callback,60,needs
C02091,L0498,Diyora Rustamova,2026-01-20,out,837,no_answer,6,pitch
C02092,L0269,Sardor Yusufov,2025-12-31,in,230,no_answer,5,opening
C02093,L0424,Diyora Rustamova,2026-01-04,in,803,callback,73,opening
C02094,L0301,Diyora Rustamova,2025-12-12,out,201,no_answer,17,pitch
C02095,L1042,Farrux Ahmadov,2026-08-15,in,275,refused,35,pitch
C02096,L0657,Diyora Rustamova,2026-03-20,out,887,callback,58,needs
C02097,L0595,Dilnoza Karimova,2026-04-13,out,428,callback,78,needs
C02098,L0476,Dilnoza Karimova,2026-02-26,in,718,no_answer,23,pitch
C02099,L0710,Dilnoza Karimova,2026-04-27,out,479,refused,29,pitch
C02100,L0726,Sherzod Nishonov,2026-03-16,out,648,refused,39,needs
C02101,L0405,Lola Qodirova,2026-01-29,out,521,interested,58,opening
C02102,L0907,Botir Nazarov,2026-06-10,out,200,no_answer,16,pitch
C02103,L1154,Botir Nazarov,2026-08-04,out,302,refused,43,needs
C02104,L0563,Sardor Yusufov,2026-03-15,out,543,callback,44,opening
C02105,L0209,Jamshid Umarov,2025-12-08,in,563,enrolled,79,pitch
C02106,L0244,Jamshid Umarov,2025-12-19,out,321,refused,31,pitch
C02107,L0527,Dilnoza Karimova,2026-01-29,in,187,interested,52,pitch
C02108,L0942,Lola Qodirova,2026-06-14,in,45,interested,87,opening
C02109,L0058,Jamshid Umarov,2025-11-12,out,630,enrolled,100,pitch
C02110,L0924,Diyora Rustamova,2026-05-26,out,188,callback,41,pitch
C02111,L1171,Jamshid Umarov,2026-08-28,out,760,callback,60,needs
C02112,L0063,Botir Nazarov,2025-10-13,out,833,interested,64,close
C02113,L0451,Farrux Ahmadov,2026-03-02,out,427,callback,77,pitch
C02114,L0985,Diyora Rustamova,2026-06-26,out,621,no_answer,3,opening
C02115,L0984,Diyora Rustamova,2026-07-31,out,193,enrolled,93,close
C02116,L0565,Diyora Rustamova,2026-03-05,out,603,callback,57,opening
C02117,L0230,Diyora Rustamova,2025-11-28,out,239,no_answer,13,needs
C02118,L0752,Botir Nazarov,2026-04-19,in,614,refused,22,opening
C02119,L1101,Lola Qodirova,2026-08-22,out,770,interested,64,pitch
C02120,L1040,Jamshid Umarov,2026-07-02,in,26,refused,39,needs
C02121,L0721,Lola Qodirova,2026-04-23,in,805,interested,73,opening
C02122,L0005,Botir Nazarov,2025-10-11,out,757,callback,71,needs
C02123,L0977,Sardor Yusufov,2026-07-05,in,358,callback,42,needs
C02124,L0543,Botir Nazarov,2026-01-23,out,698,no_answer,12,close
C02125,L1149,Lola Qodirova,2026-08-31,in,871,no_answer,13,pitch
C02126,L0191,Jamshid Umarov,2025-12-14,out,683,callback,64,pitch
C02127,L0901,Diyora Rustamova,2026-06-16,out,384,callback,71,needs
C02128,L0660,Jamshid Umarov,2026-04-23,out,208,callback,35,opening
C02129,L0971,Botir Nazarov,2026-08-13,in,439,enrolled,96,needs
C02130,L0890,Sardor Yusufov,2026-07-01,out,569,callback,54,needs
C02131,L0820,Dilnoza Karimova,2026-05-29,out,507,callback,61,needs
C02132,L1053,Botir Nazarov,2026-08-07,out,798,no_answer,24,opening
C02133,L0818,Dilnoza Karimova,2026-05-04,in,384,interested,73,pitch
C02134,L1094,Sardor Yusufov,2026-08-10,out,67,callback,59,opening
C02135,L1106,Lola Qodirova,2026-08-15,out,134,interested,76,opening
C02136,L1169,Diyora Rustamova,2026-08-08,out,142,callback,47,pitch
C02137,L0556,Sardor Yusufov,2026-03-19,in,100,callback,70,needs
C02138,L0596,Sherzod Nishonov,2026-04-13,in,97,enrolled,80,opening
C02139,L0902,Diyora Rustamova,2026-07-22,out,875,no_answer,16,opening
C02140,L0696,Sardor Yusufov,2026-03-18,out,856,interested,71,opening
C02141,L0582,Sherzod Nishonov,2026-02-28,out,706,refused,32,close
C02142,L0680,Sardor Yusufov,2026-03-15,in,808,interested,71,close
C02143,L0536,Farrux Ahmadov,2026-02-14,out,632,enrolled,89,needs
C02144,L0495,Dilnoza Karimova,2026-01-20,out,470,no_answer,9,pitch
C02145,L0795,Jamshid Umarov,2026-06-24,in,783,no_answer,6,needs
C02146,L0105,Sardor Yusufov,2025-10-30,out,163,interested,91,needs
C02147,L0739,Farrux Ahmadov,2026-03-13,out,501,refused,30,opening
C02148,L0033,Sardor Yusufov,2025-10-25,out,613,refused,30,needs
C02149,L0723,Lola Qodirova,2026-04-20,in,121,no_answer,24,opening
C02150,L0045,Sherzod Nishonov,2025-11-01,in,717,refused,27,opening
C02151,L0822,Sardor Yusufov,2026-06-11,out,256,no_answer,0,opening
C02152,L1062,Sardor Yusufov,2026-08-05,out,586,callback,54,close
C02153,L0793,Sherzod Nishonov,2026-06-12,out,47,enrolled,77,opening
C02154,L0591,Sardor Yusufov,2026-02-20,out,278,refused,27,needs
C02155,L0861,Lola Qodirova,2026-05-19,out,881,interested,79,needs
C02156,L0882,Diyora Rustamova,2026-05-07,out,341,callback,64,close
C02157,L0182,Diyora Rustamova,2025-10-07,out,499,enrolled,89,opening
C02158,L0825,Dilnoza Karimova,2026-04-05,out,631,refused,26,pitch
C02159,L0670,Sardor Yusufov,2026-04-27,out,271,callback,46,needs
C02160,L0462,Diyora Rustamova,2026-03-03,out,193,no_answer,7,pitch
C02161,L1140,Jamshid Umarov,2026-08-30,out,460,interested,67,needs
C02162,L0762,Dilnoza Karimova,2026-04-27,out,507,refused,22,close
C02163,L0978,Sardor Yusufov,2026-06-23,out,402,no_answer,12,opening
C02164,L0515,Botir Nazarov,2026-01-14,in,644,no_answer,0,needs
C02165,L0628,Farrux Ahmadov,2026-04-06,out,485,interested,63,pitch
C02166,L0126,Lola Qodirova,2025-09-25,in,405,refused,20,needs
C02167,L0132,Diyora Rustamova,2025-10-11,in,443,callback,76,opening
C02168,L0963,Botir Nazarov,2026-07-01,in,622,enrolled,94,pitch
C02169,L0459,Lola Qodirova,2026-01-13,out,379,callback,58,opening
C02170,L0080,Sherzod Nishonov,2025-10-22,out,231,interested,77,opening
C02171,L0266,Jamshid Umarov,2025-12-05,in,375,refused,49,needs
C02172,L0853,Botir Nazarov,2026-05-24,out,493,enrolled,86,opening
C02173,L0636,Botir Nazarov,2026-03-16,out,239,callback,55,needs
C02174,L0054,Diyora Rustamova,2025-11-14,out,467,interested,70,opening
C02175,L0505,Botir Nazarov,2026-02-02,out,63,enrolled,75,pitch
C02176,L0989,Jamshid Umarov,2026-07-23,out,51,no_answer,5,needs
C02177,L0239,Sardor Yusufov,2025-12-22,out,420,no_answer,10,needs
C02178,L0193,Sardor Yusufov,2025-11-24,in,656,enrolled,83,needs
C02179,L0535,Diyora Rustamova,2026-01-22,out,132,callback,60,pitch
C02180,L0757,Farrux Ahmadov,2026-04-28,out,581,callback,65,opening
C02181,L0811,Jamshid Umarov,2026-05-04,in,57,refused,30,close
C02182,L0228,Botir Nazarov,2025-11-28,out,613,callback,61,needs
C02183,L0009,Jamshid Umarov,2025-10-23,out,100,callback,72,opening
C02184,L0870,Sherzod Nishonov,2026-06-12,in,54,interested,57,opening
C02185,L1135,Jamshid Umarov,2026-08-22,in,106,callback,61,pitch
C02186,L0017,Jamshid Umarov,2025-11-04,in,611,refused,44,opening
C02187,L0724,Dilnoza Karimova,2026-03-26,out,748,interested,89,pitch
C02188,L0768,Botir Nazarov,2026-04-20,out,329,callback,52,opening
C02189,L0338,Sherzod Nishonov,2025-12-11,out,110,no_answer,18,opening
C02190,L0123,Sherzod Nishonov,2025-10-27,in,402,refused,21,opening
C02191,L0589,Farrux Ahmadov,2026-04-12,in,502,no_answer,11,pitch
C02192,L0463,Jamshid Umarov,2026-02-15,out,643,callback,85,needs
C02193,L1033,Botir Nazarov,2026-07-21,in,600,enrolled,82,needs
C02194,L1011,Botir Nazarov,2026-06-23,in,447,enrolled,87,close
C02195,L0743,Botir Nazarov,2026-03-31,out,289,interested,75,opening
C02196,L1131,Sardor Yusufov,2026-08-21,out,430,callback,82,opening
C02197,L1150,Botir Nazarov,2026-08-23,in,229,interested,86,needs
C02198,L0099,Diyora Rustamova,2025-11-07,out,137,callback,73,close
C02199,L0282,Dilnoza Karimova,2025-12-17,in,814,callback,55,opening
C02200,L1025,Jamshid Umarov,2026-07-30,in,269,callback,49,pitch
C02201,L0780,Jamshid Umarov,2026-04-12,in,381,refused,32,opening
C02202,L0109,Diyora Rustamova,2025-11-06,out,786,interested,61,needs
C02203,L0396,Farrux Ahmadov,2025-12-30,in,59,no_answer,0,close
C02204,L1151,Sardor Yusufov,2026-08-19,in,559,interested,61,pitch
C02205,L0386,Botir Nazarov,2026-02-17,out,607,interested,88,opening
C02206,L0832,Dilnoza Karimova,2026-04-28,in,277,enrolled,95,needs
C02207,L0170,Farrux Ahmadov,2025-11-25,out,635,refused,37,pitch
C02208,L0994,Diyora Rustamova,2026-06-30,out,469,callback,58,pitch
C02209,L0270,Sherzod Nishonov,2025-12-19,out,757,callback,65,close
C02210,L0021,Botir Nazarov,2025-10-14,out,630,interested,73,opening
C02211,L0493,Dilnoza Karimova,2026-01-27,out,643,callback,44,opening
C02212,L0001,Dilnoza Karimova,2025-10-25,out,25,callback,62,needs
C02213,L0777,Sherzod Nishonov,2026-04-05,out,163,interested,70,needs
C02214,L0741,Farrux Ahmadov,2026-03-29,in,281,callback,54,close
C02215,L0159,Jamshid Umarov,2025-12-05,in,128,enrolled,87,close
C02216,L0349,Botir Nazarov,2026-02-12,in,605,callback,49,opening
C02217,L0979,Farrux Ahmadov,2026-08-06,out,799,callback,58,pitch
C02218,L1017,Lola Qodirova,2026-06-15,out,123,callback,65,close
C02219,L0491,Lola Qodirova,2026-01-05,out,214,enrolled,97,needs
C02220,L0361,Sherzod Nishonov,2025-12-28,out,278,no_answer,0,needs
C02221,L0206,Jamshid Umarov,2025-11-04,in,805,interested,75,opening
C02222,L1104,Farrux Ahmadov,2026-08-23,out,699,interested,68,pitch
C02223,L0928,Diyora Rustamova,2026-05-22,out,192,no_answer,15,pitch
C02224,L1130,Botir Nazarov,2026-08-30,out,42,refused,31,pitch
C02225,L0936,Jamshid Umarov,2026-05-13,out,481,callback,65,close
C02226,L0029,Lola Qodirova,2025-11-25,out,438,interested,61,pitch
C02227,L1048,Sardor Yusufov,2026-08-06,in,766,no_answer,18,pitch
C02228,L0253,Diyora Rustamova,2026-01-20,out,832,enrolled,100,needs
C02229,L0017,Jamshid Umarov,2025-10-28,in,262,no_answer,18,pitch
C02230,L1036,Dilnoza Karimova,2026-06-29,out,489,no_answer,7,opening
C02231,L0768,Jamshid Umarov,2026-03-30,in,578,interested,80,opening
C02232,L0289,Diyora Rustamova,2025-12-08,in,317,callback,64,pitch
C02233,L0101,Jamshid Umarov,2025-09-30,out,538,callback,73,opening
C02234,L0448,Sherzod Nishonov,2026-02-17,out,62,interested,71,opening
C02235,L0646,Lola Qodirova,2026-02-23,out,115,no_answer,21,needs
C02236,L0250,Lola Qodirova,2026-01-24,out,232,no_answer,7,needs
C02237,L0153,Sardor Yusufov,2025-10-15,out,434,enrolled,96,opening
C02238,L0482,Botir Nazarov,2026-03-08,out,512,no_answer,11,opening
C02239,L0157,Sherzod Nishonov,2025-12-07,out,688,refused,32,needs
C02240,L0992,Diyora Rustamova,2026-06-23,in,178,refused,41,close
C02241,L0892,Dilnoza Karimova,2026-05-25,out,300,interested,75,close
C02242,L0085,Farrux Ahmadov,2025-11-07,in,346,refused,38,opening
C02243,L0992,Diyora Rustamova,2026-07-11,out,408,refused,31,pitch
C02244,L0360,Sherzod Nishonov,2026-01-27,out,490,refused,43,close
C02245,L1158,Botir Nazarov,2026-08-28,out,263,no_answer,29,opening
C02246,L0545,Botir Nazarov,2026-02-14,in,336,enrolled,72,needs
C02247,L0380,Dilnoza Karimova,2026-02-01,in,451,refused,24,close
C02248,L1133,Diyora Rustamova,2026-08-30,out,820,refused,22,needs
C02249,L0504,Farrux Ahmadov,2026-03-01,out,558,refused,33,opening
C02250,L0526,Lola Qodirova,2026-01-09,out,446,callback,80,needs
C02251,L0021,Sherzod Nishonov,2025-10-21,out,171,callback,73,needs
C02252,L0740,Sherzod Nishonov,2026-03-27,out,759,no_answer,28,needs
C02253,L0932,Farrux Ahmadov,2026-05-28,out,162,interested,65,needs
C02254,L0122,Diyora Rustamova,2025-10-15,in,633,refused,17,needs
C02255,L0148,Diyora Rustamova,2025-11-07,in,476,callback,63,opening
C02256,L1105,Lola Qodirova,2026-08-02,out,792,refused,18,opening
C02257,L0625,Lola Qodirova,2026-03-23,in,359,callback,45,opening
C02258,L0166,Sardor Yusufov,2025-12-16,out,887,callback,84,needs
C02259,L0838,Farrux Ahmadov,2026-04-19,in,757,interested,65,pitch
C02260,L0547,Dilnoza Karimova,2026-03-02,out,815,interested,63,close
C02261,L0343,Dilnoza Karimova,2026-02-22,out,286,callback,73,close
C02262,L0905,Lola Qodirova,2026-06-25,out,170,interested,68,opening
C02263,L0167,Farrux Ahmadov,2025-12-07,out,173,interested,76,opening
C02264,L0115,Sherzod Nishonov,2025-09-23,out,687,no_answer,23,opening
C02265,L0247,Dilnoza Karimova,2025-11-19,in,566,enrolled,88,opening
C02266,L0188,Sherzod Nishonov,2025-11-18,in,50,interested,80,opening
C02267,L0521,Dilnoza Karimova,2026-02-28,out,625,callback,60,needs
C02268,L1134,Jamshid Umarov,2026-08-09,out,25,refused,51,needs
C02269,L1057,Dilnoza Karimova,2026-07-29,in,676,callback,51,opening
C02270,L0432,Diyora Rustamova,2026-01-30,out,495,callback,77,pitch
C02271,L0272,Lola Qodirova,2025-12-03,out,635,no_answer,1,needs
C02272,L0579,Dilnoza Karimova,2026-03-02,out,641,no_answer,14,needs
C02273,L0948,Diyora Rustamova,2026-05-26,out,51,interested,61,close
C02274,L0351,Jamshid Umarov,2026-01-22,in,640,no_answer,23,close
C02275,L0818,Lola Qodirova,2026-05-11,in,671,callback,59,opening
C02276,L0507,Lola Qodirova,2026-01-23,in,428,no_answer,7,pitch
C02277,L0382,Sardor Yusufov,2026-02-11,out,360,no_answer,4,needs
C02278,L0022,Diyora Rustamova,2025-09-24,out,672,callback,69,opening
C02279,L1014,Jamshid Umarov,2026-07-02,out,391,refused,9,opening
C02280,L0118,Sardor Yusufov,2025-09-25,in,432,enrolled,89,opening
C02281,L0557,Diyora Rustamova,2026-02-25,in,95,enrolled,80,opening
C02282,L0484,Lola Qodirova,2026-02-17,out,721,refused,25,opening
C02283,L0248,Lola Qodirova,2026-01-24,out,286,callback,69,close
C02284,L0783,Lola Qodirova,2026-05-10,out,208,callback,59,pitch
C02285,L0342,Dilnoza Karimova,2026-02-06,out,803,refused,46,close
C02286,L1016,Jamshid Umarov,2026-07-09,out,54,refused,29,opening
C02287,L0889,Farrux Ahmadov,2026-06-02,out,418,interested,72,opening
C02288,L1066,Diyora Rustamova,2026-08-01,out,388,interested,77,needs
C02289,L0862,Sherzod Nishonov,2026-05-11,in,432,interested,75,opening
C02290,L0845,Lola Qodirova,2026-06-04,out,878,no_answer,32,opening
C02291,L0027,Botir Nazarov,2025-09-24,in,150,callback,75,opening
C02292,L0317,Diyora Rustamova,2026-01-02,out,580,enrolled,81,close
C02293,L0491,Botir Nazarov,2026-02-18,out,700,enrolled,100,close
C02294,L0519,Diyora Rustamova,2026-03-20,out,556,enrolled,84,pitch
C02295,L0361,Farrux Ahmadov,2026-01-20,out,886,interested,80,pitch
C02296,L0808,Dilnoza Karimova,2026-06-04,out,511,interested,87,opening
C02297,L0019,Lola Qodirova,2025-11-05,out,76,callback,56,pitch
C02298,L0398,Sherzod Nishonov,2026-01-23,out,762,enrolled,100,needs
C02299,L0167,Dilnoza Karimova,2025-12-15,out,483,enrolled,81,needs
C02300,L0440,Sardor Yusufov,2026-02-22,in,452,interested,68,needs
C02301,L0940,Farrux Ahmadov,2026-06-25,out,360,interested,67,close
C02302,L0421,Lola Qodirova,2026-01-24,in,838,no_answer,22,opening
C02303,L1077,Sardor Yusufov,2026-08-23,in,214,callback,56,needs
C02304,L0626,Sherzod Nishonov,2026-03-13,in,819,interested,71,pitch
C02305,L0084,Sardor Yusufov,2025-10-27,out,747,interested,82,pitch
C02306,L0831,Sherzod Nishonov,2026-05-27,out,537,callback,47,opening
C02307,L1016,Botir Nazarov,2026-07-01,in,121,interested,77,needs
C02308,L0100,Sardor Yusufov,2025-10-18,out,525,refused,16,close
C02309,L0548,Dilnoza Karimova,2026-03-06,in,29,no_answer,8,needs
C02310,L0964,Lola Qodirova,2026-07-23,in,564,callback,58,pitch
C02311,L0995,Botir Nazarov,2026-07-07,in,263,interested,78,needs
C02312,L0223,Sardor Yusufov,2025-12-22,in,643,interested,73,opening
C02313,L0769,Farrux Ahmadov,2026-04-19,in,378,callback,63,pitch
C02314,L1196,Lola Qodirova,2026-08-15,in,104,refused,49,needs
C02315,L0081,Jamshid Umarov,2025-10-16,in,670,interested,75,needs
C02316,L0782,Lola Qodirova,2026-06-01,out,78,enrolled,94,opening
C02317,L0028,Lola Qodirova,2025-09-24,out,643,enrolled,95,needs
C02318,L0459,Diyora Rustamova,2026-01-27,in,315,no_answer,22,opening
C02319,L0438,Lola Qodirova,2026-02-09,out,721,interested,72,pitch
C02320,L0951,Lola Qodirova,2026-06-07,out,208,callback,58,needs
C02321,L0711,Dilnoza Karimova,2026-03-30,in,234,callback,63,needs
C02322,L0511,Farrux Ahmadov,2026-03-22,out,270,interested,59,needs
C02323,L0942,Lola Qodirova,2026-05-20,out,685,interested,68,pitch
C02324,L1068,Diyora Rustamova,2026-07-25,out,631,enrolled,93,opening
C02325,L0341,Diyora Rustamova,2026-02-10,in,372,callback,50,needs
C02326,L0483,Botir Nazarov,2026-03-09,in,535,callback,46,pitch
C02327,L0476,Jamshid Umarov,2026-01-16,out,639,refused,17,close
C02328,L0092,Sardor Yusufov,2025-10-14,out,690,enrolled,90,needs
C02329,L0249,Botir Nazarov,2025-12-10,out,187,no_answer,19,close
C02330,L1192,Sardor Yusufov,2026-08-21,out,866,interested,69,opening
C02331,L0544,Lola Qodirova,2026-01-21,out,150,callback,56,pitch
C02332,L0223,Botir Nazarov,2025-11-15,out,285,callback,59,pitch
C02333,L1081,Sardor Yusufov,2026-08-14,in,98,interested,68,opening
C02334,L1067,Sherzod Nishonov,2026-08-28,out,537,interested,82,pitch
C02335,L1046,Sherzod Nishonov,2026-07-16,in,611,no_answer,29,pitch
C02336,L1192,Sardor Yusufov,2026-08-19,in,563,callback,79,opening
C02337,L0971,Lola Qodirova,2026-07-07,out,52,callback,43,needs
C02338,L1084,Jamshid Umarov,2026-08-17,out,868,callback,57,close
C02339,L0810,Botir Nazarov,2026-04-08,out,571,callback,56,pitch
C02340,L0425,Lola Qodirova,2025-12-29,out,420,no_answer,26,opening
C02341,L0128,Farrux Ahmadov,2025-09-30,in,315,refused,42,opening
C02342,L0140,Botir Nazarov,2025-11-23,out,359,no_answer,19,needs
C02343,L0683,Lola Qodirova,2026-04-16,out,142,interested,56,opening
C02344,L0980,Lola Qodirova,2026-07-12,out,387,refused,20,needs
C02345,L0284,Sherzod Nishonov,2025-12-09,out,556,callback,69,pitch
C02346,L0137,Sherzod Nishonov,2025-11-23,in,306,interested,66,opening
C02347,L0735,Botir Nazarov,2026-04-28,out,212,no_answer,4,pitch
C02348,L0271,Lola Qodirova,2025-12-06,out,871,refused,25,pitch
C02349,L0668,Sherzod Nishonov,2026-04-16,in,517,interested,78,needs
C02350,L0532,Jamshid Umarov,2026-02-05,in,825,enrolled,94,opening
C02351,L0364,Farrux Ahmadov,2026-01-23,out,184,no_answer,11,opening
C02352,L0399,Sherzod Nishonov,2026-02-05,out,871,interested,87,pitch
C02353,L0276,Sardor Yusufov,2026-01-21,out,475,interested,94,close
C02354,L0420,Sardor Yusufov,2025-12-18,out,146,callback,76,needs
C02355,L0530,Lola Qodirova,2026-01-08,out,374,callback,59,pitch
C02356,L0252,Diyora Rustamova,2025-11-29,out,366,no_answer,21,close
C02357,L0430,Dilnoza Karimova,2026-01-30,out,190,interested,65,close
C02358,L0083,Sardor Yusufov,2025-10-08,out,560,interested,61,opening
C02359,L0144,Sherzod Nishonov,2025-10-04,out,261,interested,68,opening
C02360,L1102,Diyora Rustamova,2026-07-22,out,581,refused,35,opening
C02361,L0898,Lola Qodirova,2026-05-09,out,609,interested,94,opening
C02362,L0508,Farrux Ahmadov,2026-03-20,out,578,refused,30,opening
C02363,L0268,Botir Nazarov,2025-12-21,out,67,enrolled,86,pitch
C02364,L0081,Sardor Yusufov,2025-11-08,in,544,refused,31,needs
C02365,L0172,Farrux Ahmadov,2025-11-19,in,867,no_answer,16,pitch
C02366,L1103,Sherzod Nishonov,2026-08-16,in,437,callback,66,pitch
C02367,L0395,Lola Qodirova,2026-01-07,in,241,callback,56,pitch
C02368,L0428,Dilnoza Karimova,2026-02-18,out,264,interested,72,needs
C02369,L0141,Diyora Rustamova,2025-11-04,out,194,refused,37,opening
C02370,L0987,Farrux Ahmadov,2026-06-04,out,54,interested,73,opening
C02371,L0343,Farrux Ahmadov,2026-02-08,out,728,interested,82,opening
C02372,L0024,Sherzod Nishonov,2025-10-07,in,218,interested,78,close
C02373,L0959,Sardor Yusufov,2026-08-07,out,374,no_answer,32,pitch
C02374,L0290,Botir Nazarov,2025-12-12,in,215,refused,24,needs
C02375,L0796,Sardor Yusufov,2026-05-15,in,518,interested,65,close
C02376,L0156,Dilnoza Karimova,2025-11-01,in,113,interested,73,pitch
C02377,L0342,Diyora Rustamova,2026-02-11,out,786,callback,55,pitch
C02378,L0867,Farrux Ahmadov,2026-05-20,out,368,enrolled,89,needs
C02379,L0130,Farrux Ahmadov,2025-09-28,out,375,interested,78,opening
C02380,L0782,Sherzod Nishonov,2026-06-02,in,622,enrolled,100,opening
C02381,L0123,Sherzod Nishonov,2025-09-20,out,45,refused,31,close
C02382,L0282,Sardor Yusufov,2025-12-15,out,280,no_answer,18,needs
C02383,L1046,Diyora Rustamova,2026-08-21,out,88,interested,82,close
C02384,L0079,Diyora Rustamova,2025-10-22,in,682,no_answer,17,needs
C02385,L0285,Lola Qodirova,2025-12-08,out,372,no_answer,0,opening
C02386,L0049,Botir Nazarov,2025-10-22,in,645,enrolled,91,opening
C02387,L0864,Jamshid Umarov,2026-05-28,in,615,no_answer,31,pitch
C02388,L0510,Diyora Rustamova,2026-03-23,out,281,refused,37,opening
C02389,L0781,Sardor Yusufov,2026-06-01,out,34,callback,67,pitch
C02390,L0306,Jamshid Umarov,2025-12-29,out,213,interested,88,opening
C02391,L0765,Lola Qodirova,2026-04-09,out,489,no_answer,29,needs
C02392,L0883,Lola Qodirova,2026-07-06,in,175,callback,70,needs
C02393,L1026,Farrux Ahmadov,2026-06-26,out,396,interested,61,pitch
C02394,L0563,Sherzod Nishonov,2026-03-18,out,370,callback,68,needs
C02395,L0667,Sherzod Nishonov,2026-05-06,out,467,interested,86,opening
C02396,L0856,Sherzod Nishonov,2026-06-02,in,194,refused,41,close
C02397,L0368,Jamshid Umarov,2026-01-27,in,418,interested,71,opening
C02398,L0776,Sherzod Nishonov,2026-03-23,in,821,interested,67,needs
C02399,L0371,Lola Qodirova,2026-02-10,in,119,enrolled,96,pitch
C02400,L0893,Dilnoza Karimova,2026-06-08,in,266,interested,79,needs
C02401,L0341,Farrux Ahmadov,2026-01-07,out,850,no_answer,6,close
C02402,L1200,Botir Nazarov,2026-08-10,out,572,enrolled,83,pitch
C02403,L0078,Dilnoza Karimova,2025-11-06,out,272,interested,70,opening
C02404,L0192,Sardor Yusufov,2025-12-12,out,389,refused,52,opening
C02405,L0704,Diyora Rustamova,2026-04-30,out,327,no_answer,24,close
C02406,L0952,Diyora Rustamova,2026-05-24,out,865,enrolled,88,close
C02407,L0058,Sherzod Nishonov,2025-10-21,out,387,no_answer,14,opening
C02408,L0192,Sardor Yusufov,2025-12-06,out,304,refused,50,needs
C02409,L1168,Farrux Ahmadov,2026-08-28,in,811,no_answer,17,needs
C02410,L0770,Jamshid Umarov,2026-03-20,in,823,refused,17,opening
C02411,L0184,Dilnoza Karimova,2025-12-07,in,220,no_answer,11,pitch
C02412,L0455,Farrux Ahmadov,2026-03-05,out,689,no_answer,14,opening
C02413,L0153,Botir Nazarov,2025-11-01,out,236,enrolled,85,opening
C02414,L0803,Farrux Ahmadov,2026-04-25,in,212,callback,55,pitch
C02415,L0341,Diyora Rustamova,2026-01-24,out,505,interested,91,close
C02416,L0306,Diyora Rustamova,2026-01-03,in,91,refused,21,pitch
C02417,L0165,Dilnoza Karimova,2025-11-29,in,276,callback,53,opening
C02418,L1006,Sherzod Nishonov,2026-07-04,out,601,refused,30,needs
C02419,L0951,Lola Qodirova,2026-06-25,out,799,no_answer,37,opening
C02420,L1073,Sherzod Nishonov,2026-08-10,out,578,callback,65,pitch
C02421,L0222,Botir Nazarov,2025-11-18,in,616,no_answer,23,pitch
C02422,L0479,Farrux Ahmadov,2026-03-01,in,117,interested,66,close
C02423,L0861,Diyora Rustamova,2026-04-27,out,216,callback,65,opening
C02424,L0864,Botir Nazarov,2026-06-12,out,318,no_answer,18,close
C02425,L1115,Jamshid Umarov,2026-07-06,out,114,callback,66,opening
C02426,L0988,Dilnoza Karimova,2026-08-01,in,153,no_answer,16,pitch
C02427,L0553,Diyora Rustamova,2026-04-23,out,89,interested,66,needs
C02428,L0541,Dilnoza Karimova,2026-03-17,out,451,interested,88,close
C02429,L0779,Lola Qodirova,2026-04-10,in,491,enrolled,96,pitch
C02430,L1107,Sardor Yusufov,2026-08-26,in,648,interested,69,needs
C02431,L1013,Lola Qodirova,2026-07-27,in,433,no_answer,7,opening
C02432,L0551,Botir Nazarov,2026-04-18,in,51,refused,11,pitch
C02433,L0504,Farrux Ahmadov,2026-03-03,out,438,refused,17,needs
C02434,L0454,Sherzod Nishonov,2026-02-27,out,378,refused,22,opening
C02435,L0851,Dilnoza Karimova,2026-05-08,in,475,no_answer,22,pitch
C02436,L1168,Dilnoza Karimova,2026-08-28,in,94,refused,20,close
C02437,L1004,Sherzod Nishonov,2026-06-26,out,21,refused,29,needs
C02438,L0477,Sherzod Nishonov,2026-01-29,out,272,enrolled,68,needs
C02439,L0736,Farrux Ahmadov,2026-05-10,out,754,enrolled,80,needs
C02440,L0322,Botir Nazarov,2025-12-14,out,608,callback,70,needs
C02441,L0172,Sardor Yusufov,2025-10-29,in,320,refused,32,close
C02442,L1121,Farrux Ahmadov,2026-08-31,in,240,no_answer,20,close
C02443,L1173,Sardor Yusufov,2026-08-30,out,37,enrolled,73,opening
C02444,L0789,Diyora Rustamova,2026-05-25,out,580,enrolled,93,pitch
C02445,L0753,Diyora Rustamova,2026-03-31,in,251,no_answer,22,needs
C02446,L0450,Sardor Yusufov,2026-02-23,in,473,callback,58,pitch
C02447,L0850,Dilnoza Karimova,2026-05-30,in,471,enrolled,86,close
C02448,L0035,Sardor Yusufov,2025-10-07,out,638,callback,70,opening
C02449,L0957,Dilnoza Karimova,2026-06-20,out,32,refused,43,pitch
C02450,L0368,Diyora Rustamova,2026-02-20,in,496,enrolled,100,needs
C02451,L0945,Sardor Yusufov,2026-07-15,out,376,callback,57,opening
C02452,L0081,Sardor Yusufov,2025-11-05,out,107,no_answer,0,needs
C02453,L0236,Sardor Yusufov,2025-12-06,out,732,callback,36,opening
C02454,L0131,Farrux Ahmadov,2025-09-18,in,97,enrolled,79,needs
C02455,L0846,Jamshid Umarov,2026-05-25,in,174,enrolled,94,close
C02456,L0454,Botir Nazarov,2026-03-11,out,404,no_answer,19,needs
C02457,L0302,Dilnoza Karimova,2025-12-22,out,20,callback,53,close
C02458,L0661,Sherzod Nishonov,2026-03-21,out,460,no_answer,4,pitch
C02459,L1026,Dilnoza Karimova,2026-06-19,in,513,no_answer,19,pitch
C02460,L0388,Dilnoza Karimova,2025-12-29,in,804,callback,43,opening
C02461,L0492,Botir Nazarov,2026-01-22,out,719,enrolled,100,opening
C02462,L0838,Sherzod Nishonov,2026-05-30,out,347,interested,70,opening
C02463,L0195,Sherzod Nishonov,2025-12-02,out,153,enrolled,100,pitch
C02464,L0533,Lola Qodirova,2026-02-26,out,232,refused,31,opening
C02465,L0896,Farrux Ahmadov,2026-07-11,in,800,interested,72,opening
C02466,L1200,Sherzod Nishonov,2026-08-09,in,878,interested,76,pitch
C02467,L0289,Jamshid Umarov,2025-11-08,out,887,no_answer,17,opening
C02468,L0627,Diyora Rustamova,2026-02-28,out,295,no_answer,19,close
C02469,L0812,Lola Qodirova,2026-04-21,in,646,no_answer,12,needs
C02470,L0855,Farrux Ahmadov,2026-05-14,in,731,interested,75,needs
C02471,L0231,Jamshid Umarov,2025-11-15,out,857,enrolled,95,needs
C02472,L0134,Lola Qodirova,2025-11-27,in,205,callback,46,needs
C02473,L0617,Sardor Yusufov,2026-04-11,out,25,enrolled,82,opening
C02474,L0254,Jamshid Umarov,2025-11-12,in,151,interested,74,pitch
C02475,L0300,Diyora Rustamova,2026-01-08,in,441,refused,37,pitch
C02476,L1057,Farrux Ahmadov,2026-07-28,out,888,callback,63,pitch
C02477,L0028,Jamshid Umarov,2025-10-05,out,90,callback,59,opening
C02478,L0635,Diyora Rustamova,2026-04-02,in,267,no_answer,9,opening
C02479,L0992,Farrux Ahmadov,2026-08-16,in,337,interested,70,close
C02480,L0704,Farrux Ahmadov,2026-05-13,out,32,callback,32,needs
C02481,L0419,Farrux Ahmadov,2026-01-09,out,390,callback,61,pitch
C02482,L1170,Jamshid Umarov,2026-08-28,out,118,no_answer,30,pitch
C02483,L0238,Diyora Rustamova,2025-12-23,out,170,callback,72,needs
C02484,L0004,Sherzod Nishonov,2025-11-13,in,815,enrolled,89,opening
C02485,L1088,Farrux Ahmadov,2026-08-28,in,440,no_answer,18,opening
C02486,L0580,Sardor Yusufov,2026-03-20,in,183,callback,77,close
C02487,L0903,Farrux Ahmadov,2026-06-09,in,360,no_answer,28,needs
C02488,L0187,Sherzod Nishonov,2025-10-18,in,312,callback,69,opening
C02489,L0113,Dilnoza Karimova,2025-10-14,in,784,interested,83,close
C02490,L0569,Sardor Yusufov,2026-03-16,out,95,enrolled,90,needs
C02491,L0944,Diyora Rustamova,2026-05-20,out,836,no_answer,26,opening
C02492,L0126,Sardor Yusufov,2025-10-09,out,190,no_answer,36,close
C02493,L0707,Farrux Ahmadov,2026-04-22,out,488,refused,39,opening
C02494,L0464,Dilnoza Karimova,2026-02-04,in,454,callback,71,opening
C02495,L0272,Dilnoza Karimova,2025-12-18,out,670,refused,18,needs
C02496,L0105,Botir Nazarov,2025-09-18,out,852,no_answer,14,opening
C02497,L0932,Jamshid Umarov,2026-06-07,out,617,no_answer,9,opening
C02498,L0272,Diyora Rustamova,2026-01-07,out,880,interested,69,pitch
C02499,L0381,Lola Qodirova,2026-01-28,out,472,interested,79,close
C02500,L0341,Diyora Rustamova,2026-01-03,out,91,interested,70,pitch
C02501,L0319,Lola Qodirova,2025-12-19,out,345,interested,85,opening
C02502,L0523,Lola Qodirova,2026-01-13,in,463,callback,58,needs
C02503,L0421,Diyora Rustamova,2025-12-24,in,90,interested,85,opening
C02504,L1043,Jamshid Umarov,2026-06-24,in,896,interested,76,needs
C02505,L1186,Botir Nazarov,2026-08-08,out,854,interested,82,close
C02506,L0848,Jamshid Umarov,2026-05-20,out,698,refused,21,needs
C02507,L0312,Diyora Rustamova,2025-11-21,out,394,callback,49,opening
C02508,L1133,Diyora Rustamova,2026-08-30,out,90,interested,69,close
C02509,L0651,Lola Qodirova,2026-04-06,in,709,interested,62,needs
C02510,L0226,Botir Nazarov,2025-11-27,out,714,refused,39,needs
C02511,L0038,Sherzod Nishonov,2025-09-24,in,619,no_answer,0,opening
C02512,L1088,Botir Nazarov,2026-08-30,in,237,callback,80,close
C02513,L0752,Jamshid Umarov,2026-03-13,out,726,callback,60,needs
C02514,L1199,Lola Qodirova,2026-08-17,in,637,refused,28,pitch
C02515,L1168,Dilnoza Karimova,2026-08-29,in,752,callback,51,opening
C02516,L0476,Lola Qodirova,2026-01-25,out,385,interested,64,pitch
C02517,L1000,Botir Nazarov,2026-07-09,out,50,enrolled,85,needs
C02518,L0811,Dilnoza Karimova,2026-05-14,in,511,interested,61,opening
C02519,L0089,Dilnoza Karimova,2025-09-24,out,640,refused,18,opening
C02520,L1116,Botir Nazarov,2026-08-19,out,415,refused,37,needs
C02521,L1012,Jamshid Umarov,2026-07-20,in,21,callback,66,opening
C02522,L0815,Botir Nazarov,2026-05-03,out,400,interested,96,pitch
C02523,L0251,Diyora Rustamova,2026-01-19,out,459,interested,73,opening
C02524,L0142,Sherzod Nishonov,2025-12-25,out,628,interested,74,needs
C02525,L0384,Sherzod Nishonov,2026-01-21,out,162,enrolled,90,opening
C02526,L0338,Jamshid Umarov,2025-12-22,out,603,interested,100,opening
C02527,L0063,Farrux Ahmadov,2025-10-13,in,688,refused,36,needs
C02528,L1135,Farrux Ahmadov,2026-08-31,out,505,interested,77,needs
C02529,L0410,Lola Qodirova,2026-01-22,out,619,callback,72,opening
C02530,L0387,Diyora Rustamova,2026-02-19,out,202,enrolled,94,pitch
C02531,L0186,Sherzod Nishonov,2025-11-06,in,577,interested,76,opening
C02532,L0531,Farrux Ahmadov,2026-01-21,out,738,refused,54,pitch
C02533,L0373,Jamshid Umarov,2026-01-13,in,325,enrolled,78,needs
C02534,L0433,Dilnoza Karimova,2026-02-26,out,790,no_answer,20,close
C02535,L0920,Sardor Yusufov,2026-06-08,in,784,enrolled,86,pitch
C02536,L0428,Lola Qodirova,2026-02-11,out,843,interested,80,opening
C02537,L1064,Sherzod Nishonov,2026-08-26,out,581,no_answer,1,opening
C02538,L0626,Dilnoza Karimova,2026-02-23,out,578,interested,68,close
C02539,L1038,Lola Qodirova,2026-06-25,out,570,refused,22,pitch
C02540,L0471,Sardor Yusufov,2026-02-13,out,369,no_answer,6,needs
C02541,L0242,Botir Nazarov,2025-12-26,in,558,no_answer,12,opening
C02542,L0578,Sardor Yusufov,2026-03-12,in,239,refused,11,opening
C02543,L0050,Jamshid Umarov,2025-10-14,in,92,no_answer,5,pitch
C02544,L1078,Botir Nazarov,2026-08-08,in,654,refused,23,pitch
C02545,L0142,Botir Nazarov,2025-11-29,out,681,callback,68,close
C02546,L0630,Diyora Rustamova,2026-03-26,in,236,callback,67,needs
C02547,L0041,Sardor Yusufov,2025-10-28,out,626,no_answer,21,pitch
C02548,L1109,Farrux Ahmadov,2026-07-19,out,262,interested,77,opening
C02549,L0977,Lola Qodirova,2026-08-12,in,451,callback,63,pitch
C02550,L0108,Jamshid Umarov,2025-10-29,in,576,refused,46,pitch
C02551,L0462,Jamshid Umarov,2026-02-04,out,248,no_answer,28,needs
C02552,L0475,Sardor Yusufov,2026-03-20,out,547,interested,69,opening
C02553,L0282,Farrux Ahmadov,2025-11-16,in,441,enrolled,84,needs
C02554,L1032,Sherzod Nishonov,2026-06-27,in,351,callback,82,pitch
C02555,L1090,Botir Nazarov,2026-07-30,out,589,enrolled,79,needs
C02556,L0879,Diyora Rustamova,2026-05-29,out,360,enrolled,100,close
C02557,L0239,Sardor Yusufov,2026-01-06,out,107,interested,79,close
C02558,L0077,Sherzod Nishonov,2025-10-20,out,235,no_answer,15,pitch
C02559,L0377,Farrux Ahmadov,2025-12-25,in,187,interested,68,opening
C02560,L0065,Diyora Rustamova,2025-09-24,out,390,refused,36,close
C02561,L1169,Dilnoza Karimova,2026-08-17,in,39,refused,51,pitch
C02562,L0940,Botir Nazarov,2026-06-11,out,623,interested,66,pitch
C02563,L1107,Dilnoza Karimova,2026-07-31,in,131,enrolled,100,close
C02564,L0518,Lola Qodirova,2026-03-09,out,693,refused,31,pitch
C02565,L0721,Sherzod Nishonov,2026-04-08,out,742,callback,61,pitch
C02566,L0188,Diyora Rustamova,2025-10-30,out,23,interested,74,needs
C02567,L0856,Diyora Rustamova,2026-06-05,out,266,interested,69,pitch
C02568,L0895,Sherzod Nishonov,2026-06-07,in,188,no_answer,27,pitch
C02569,L0758,Botir Nazarov,2026-04-25,in,735,interested,77,opening
C02570,L0945,Sherzod Nishonov,2026-06-28,out,652,refused,50,opening
C02571,L0333,Dilnoza Karimova,2025-12-10,out,74,interested,78,pitch
C02572,L1143,Botir Nazarov,2026-08-30,out,568,no_answer,26,pitch
C02573,L1093,Sardor Yusufov,2026-07-21,in,709,refused,34,opening
C02574,L0581,Diyora Rustamova,2026-03-07,out,553,interested,63,close
C02575,L0248,Diyora Rustamova,2026-01-15,out,705,refused,21,needs
C02576,L0380,Botir Nazarov,2025-12-09,out,313,refused,37,opening
C02577,L0211,Botir Nazarov,2025-12-07,out,826,callback,52,pitch
C02578,L0459,Sherzod Nishonov,2026-01-24,in,119,refused,23,opening
C02579,L0101,Botir Nazarov,2025-09-17,in,226,callback,62,close
C02580,L1165,Lola Qodirova,2026-08-28,out,207,interested,68,opening
C02581,L0750,Jamshid Umarov,2026-04-30,out,842,refused,9,close
C02582,L0162,Botir Nazarov,2025-12-18,out,747,callback,57,needs
C02583,L0471,Lola Qodirova,2026-01-25,out,148,callback,69,close
C02584,L0737,Botir Nazarov,2026-04-06,out,534,no_answer,16,close
C02585,L0524,Sherzod Nishonov,2026-01-27,out,893,no_answer,1,pitch
C02586,L0615,Lola Qodirova,2026-04-01,out,315,callback,67,pitch
C02587,L0607,Sardor Yusufov,2026-03-29,out,223,interested,76,opening
C02588,L0040,Sardor Yusufov,2025-11-21,out,475,callback,63,opening
C02589,L0896,Sherzod Nishonov,2026-05-23,out,703,interested,84,needs
C02590,L0020,Farrux Ahmadov,2025-09-29,out,684,enrolled,93,needs
C02591,L1007,Botir Nazarov,2026-08-27,in,372,interested,85,needs
C02592,L0543,Farrux Ahmadov,2026-02-05,in,754,interested,83,pitch
C02593,L0677,Sherzod Nishonov,2026-03-09,out,189,interested,79,pitch
C02594,L0001,Sardor Yusufov,2025-09-22,out,214,no_answer,23,pitch
C02595,L1078,Botir Nazarov,2026-08-19,in,114,interested,87,opening
C02596,L0375,Farrux Ahmadov,2026-02-12,in,20,interested,76,needs
C02597,L0175,Diyora Rustamova,2025-11-19,in,147,interested,55,opening
C02598,L0366,Lola Qodirova,2025-12-17,in,226,refused,51,pitch
C02599,L0001,Diyora Rustamova,2025-11-07,out,635,interested,64,close
C02600,L1183,Jamshid Umarov,2026-08-24,in,330,callback,54,close
C02601,L0658,Sherzod Nishonov,2026-02-22,out,707,refused,53,needs
C02602,L0822,Sardor Yusufov,2026-06-21,out,575,interested,75,needs
C02603,L0317,Farrux Ahmadov,2025-12-01,out,321,interested,70,pitch
C02604,L0055,Diyora Rustamova,2025-10-31,in,20,no_answer,20,needs
C02605,L0290,Diyora Rustamova,2025-12-08,out,689,interested,77,pitch
C02606,L0645,Sardor Yusufov,2026-02-17,out,811,callback,48,close
C02607,L0317,Farrux Ahmadov,2026-01-02,out,821,interested,72,pitch
C02608,L0160,Lola Qodirova,2025-11-13,in,685,interested,91,opening
C02609,L0453,Lola Qodirova,2026-02-03,in,649,refused,32,pitch
C02610,L0452,Farrux Ahmadov,2026-03-10,out,99,callback,61,needs
C02611,L0012,Sardor Yusufov,2025-09-29,in,184,interested,70,opening
C02612,L0182,Jamshid Umarov,2025-10-18,out,250,callback,60,opening
C02613,L1135,Sherzod Nishonov,2026-08-27,in,681,refused,47,opening
C02614,L0660,Sherzod Nishonov,2026-05-03,in,262,interested,78,close
C02615,L1028,Lola Qodirova,2026-07-05,in,735,callback,58,needs
C02616,L0794,Sherzod Nishonov,2026-05-28,in,828,refused,17,close
C02617,L0926,Jamshid Umarov,2026-07-24,out,504,callback,51,needs
C02618,L1186,Botir Nazarov,2026-08-13,out,137,refused,21,needs
C02619,L1124,Lola Qodirova,2026-08-31,in,629,no_answer,33,needs
C02620,L0159,Botir Nazarov,2025-10-26,in,505,refused,20,opening
C02621,L0123,Dilnoza Karimova,2025-10-14,out,159,refused,18,opening
C02622,L0726,Farrux Ahmadov,2026-04-05,out,474,no_answer,14,pitch
C02623,L0459,Botir Nazarov,2026-01-12,out,135,enrolled,78,needs
C02624,L0224,Diyora Rustamova,2025-11-12,out,463,enrolled,79,pitch
C02625,L0720,Sherzod Nishonov,2026-05-10,out,616,refused,29,opening
C02626,L1180,Sherzod Nishonov,2026-08-23,out,146,callback,59,needs
C02627,L0198,Sardor Yusufov,2025-12-07,out,635,no_answer,7,close
C02628,L0067,Farrux Ahmadov,2025-11-16,out,70,enrolled,100,opening
C02629,L0100,Botir Nazarov,2025-10-06,in,535,callback,55,close
C02630,L0978,Sardor Yusufov,2026-07-09,out,217,interested,69,pitch
C02631,L0368,Jamshid Umarov,2026-02-23,in,426,no_answer,2,needs
C02632,L0548,Botir Nazarov,2026-02-01,out,865,no_answer,23,opening
C02633,L0880,Lola Qodirova,2026-06-17,in,683,refused,25,pitch
C02634,L0714,Botir Nazarov,2026-03-10,out,292,no_answer,12,opening
C02635,L0522,Sherzod Nishonov,2026-03-23,in,588,interested,62,needs
C02636,L0336,Botir Nazarov,2025-12-23,out,262,enrolled,89,opening
C02637,L1098,Sardor Yusufov,2026-08-18,out,248,refused,40,pitch
C02638,L1103,Farrux Ahmadov,2026-08-19,in,213,no_answer,12,needs
C02639,L0480,Sardor Yusufov,2026-02-07,in,674,no_answer,0,needs
C02640,L0983,Lola Qodirova,2026-06-29,out,267,interested,69,opening
C02641,L1000,Lola Qodirova,2026-08-09,in,62,no_answer,14,opening
C02642,L1102,Lola Qodirova,2026-08-09,out,72,callback,49,pitch
C02643,L1036,Jamshid Umarov,2026-06-24,in,366,no_answer,8,pitch
C02644,L0607,Diyora Rustamova,2026-04-11,in,890,interested,82,close
C02645,L1074,Sardor Yusufov,2026-08-21,out,505,no_answer,0,opening
C02646,L0880,Lola Qodirova,2026-06-20,in,705,interested,81,close
C02647,L0893,Dilnoza Karimova,2026-05-30,in,813,no_answer,15,pitch
C02648,L0929,Diyora Rustamova,2026-06-23,in,446,refused,32,close
C02649,L0317,Sherzod Nishonov,2026-01-13,out,877,refused,62,needs
C02650,L0114,Botir Nazarov,2025-10-26,out,765,no_answer,16,needs
C02651,L0280,Lola Qodirova,2025-12-16,out,562,enrolled,84,opening
C02652,L1142,Jamshid Umarov,2026-08-16,out,115,interested,76,needs
C02653,L0451,Sardor Yusufov,2026-03-04,in,207,callback,60,pitch
C02654,L0709,Diyora Rustamova,2026-03-11,out,879,refused,15,close
C02655,L0391,Lola Qodirova,2026-01-17,out,480,interested,68,pitch
C02656,L0848,Farrux Ahmadov,2026-04-29,in,735,callback,70,pitch
C02657,L0605,Sherzod Nishonov,2026-04-11,out,873,callback,67,needs
C02658,L0099,Dilnoza Karimova,2025-09-21,in,463,callback,50,pitch
C02659,L1171,Botir Nazarov,2026-08-25,out,138,interested,78,opening
C02660,L0433,Diyora Rustamova,2026-03-07,out,506,callback,51,needs
C02661,L1078,Sardor Yusufov,2026-08-13,out,251,enrolled,100,close
C02662,L0259,Dilnoza Karimova,2025-12-23,out,558,interested,92,close
C02663,L0963,Farrux Ahmadov,2026-08-11,in,726,callback,86,opening
C02664,L0181,Lola Qodirova,2025-11-04,in,831,enrolled,95,opening
C02665,L0190,Diyora Rustamova,2025-12-15,out,305,no_answer,25,pitch
C02666,L0647,Lola Qodirova,2026-03-06,out,668,callback,44,needs
C02667,L0835,Diyora Rustamova,2026-05-08,out,179,enrolled,100,opening
C02668,L0351,Dilnoza Karimova,2026-01-27,in,250,enrolled,92,pitch
C02669,L0361,Diyora Rustamova,2026-01-16,out,524,interested,81,close
C02670,L1086,Botir Nazarov,2026-08-18,in,602,no_answer,20,needs
C02671,L0040,Diyora Rustamova,2025-10-06,out,406,refused,29,opening
C02672,L1046,Farrux Ahmadov,2026-08-24,in,747,interested,66,needs
C02673,L0267,Sardor Yusufov,2025-12-14,in,620,refused,52,needs
C02674,L0410,Farrux Ahmadov,2025-12-26,out,412,enrolled,100,opening
C02675,L0671,Sherzod Nishonov,2026-05-03,out,594,callback,67,needs
C02676,L0904,Farrux Ahmadov,2026-05-09,in,821,interested,82,opening
C02677,L0172,Diyora Rustamova,2025-11-15,out,247,no_answer,28,close
C02678,L0334,Jamshid Umarov,2025-12-17,out,114,interested,71,opening
C02679,L1101,Sherzod Nishonov,2026-08-30,out,717,enrolled,85,close
C02680,L0830,Diyora Rustamova,2026-06-12,out,461,enrolled,95,opening
C02681,L0341,Sherzod Nishonov,2026-01-08,out,406,callback,58,pitch
C02682,L1021,Dilnoza Karimova,2026-07-25,in,443,interested,84,pitch
C02683,L0258,Diyora Rustamova,2025-11-22,in,580,no_answer,14,opening
C02684,L0948,Dilnoza Karimova,2026-07-17,in,691,interested,82,needs
C02685,L0161,Sherzod Nishonov,2025-11-30,out,340,no_answer,12,needs
C02686,L0130,Lola Qodirova,2025-10-01,out,24,interested,72,pitch
C02687,L1189,Sherzod Nishonov,2026-08-11,in,236,enrolled,91,needs
C02688,L0713,Dilnoza Karimova,2026-04-15,in,348,callback,60,pitch
C02689,L1146,Jamshid Umarov,2026-08-15,in,164,callback,66,needs
C02690,L0264,Dilnoza Karimova,2026-01-05,out,66,no_answer,8,needs
C02691,L1195,Sardor Yusufov,2026-08-26,in,667,callback,51,needs
C02692,L0627,Botir Nazarov,2026-03-17,out,814,interested,80,pitch
C02693,L0816,Sardor Yusufov,2026-05-12,in,336,callback,69,needs
C02694,L0984,Sardor Yusufov,2026-07-05,out,777,no_answer,28,opening
C02695,L0641,Dilnoza Karimova,2026-02-11,in,268,enrolled,81,close
C02696,L0820,Farrux Ahmadov,2026-05-06,in,435,interested,77,opening
C02697,L0234,Sherzod Nishonov,2025-11-30,out,280,callback,72,opening
C02698,L0592,Sardor Yusufov,2026-02-19,out,702,no_answer,21,close
C02699,L1123,Lola Qodirova,2026-08-27,out,28,interested,65,pitch
C02700,L0888,Farrux Ahmadov,2026-05-27,in,358,callback,59,opening
C02701,L0477,Dilnoza Karimova,2026-02-11,out,864,interested,86,opening
C02702,L0869,Sardor Yusufov,2026-04-15,out,671,callback,63,pitch
C02703,L0897,Sherzod Nishonov,2026-07-07,in,659,callback,66,close
C02704,L0098,Jamshid Umarov,2025-10-23,out,171,callback,52,opening
C02705,L0759,Diyora Rustamova,2026-05-19,in,305,refused,30,needs
C02706,L0575,Sardor Yusufov,2026-03-28,out,130,no_answer,14,opening
C02707,L0631,Farrux Ahmadov,2026-02-07,out,647,callback,75,opening
C02708,L0049,Jamshid Umarov,2025-09-22,out,465,interested,71,opening
C02709,L0081,Lola Qodirova,2025-10-28,out,356,no_answer,18,opening
C02710,L0879,Dilnoza Karimova,2026-05-21,out,847,no_answer,10,pitch
C02711,L0151,Dilnoza Karimova,2025-12-03,out,858,refused,34,needs
C02712,L0048,Sardor Yusufov,2025-10-28,out,569,interested,76,close
C02713,L0122,Sherzod Nishonov,2025-10-09,in,253,interested,86,pitch
C02714,L0057,Botir Nazarov,2025-10-10,out,418,interested,73,needs
C02715,L0886,Sherzod Nishonov,2026-05-31,in,870,interested,78,pitch
C02716,L0608,Lola Qodirova,2026-04-07,in,577,callback,51,close
C02717,L1132,Jamshid Umarov,2026-08-30,out,440,interested,70,needs
C02718,L1096,Farrux Ahmadov,2026-08-21,in,546,interested,78,pitch
C02719,L0564,Dilnoza Karimova,2026-03-21,in,636,no_answer,8,close
C02720,L0278,Jamshid Umarov,2025-12-11,in,880,interested,81,pitch
C02721,L0513,Jamshid Umarov,2026-01-05,out,502,no_answer,16,opening
C02722,L0164,Diyora Rustamova,2025-10-21,out,304,callback,55,opening
C02723,L0526,Farrux Ahmadov,2026-02-01,in,448,no_answer,4,pitch
C02724,L0780,Lola Qodirova,2026-04-01,in,347,enrolled,90,opening
C02725,L0306,Botir Nazarov,2025-12-09,in,716,enrolled,80,pitch
C02726,L1078,Botir Nazarov,2026-08-31,out,438,enrolled,92,needs
C02727,L0148,Dilnoza Karimova,2025-11-15,in,756,no_answer,15,close
C02728,L0320,Farrux Ahmadov,2025-12-24,out,752,callback,57,needs
C02729,L0388,Botir Nazarov,2026-01-13,in,770,callback,73,pitch
C02730,L0151,Jamshid Umarov,2025-11-30,in,418,refused,26,opening
C02731,L0175,Jamshid Umarov,2025-11-26,in,131,interested,77,needs
C02732,L0880,Jamshid Umarov,2026-06-23,in,231,refused,32,close
C02733,L0430,Diyora Rustamova,2026-02-09,out,165,interested,88,opening
C02734,L1076,Sherzod Nishonov,2026-08-09,in,342,refused,27,needs
C02735,L0718,Lola Qodirova,2026-04-14,in,710,interested,94,needs
C02736,L0648,Sardor Yusufov,2026-02-08,in,397,interested,67,close
C02737,L0238,Botir Nazarov,2025-12-15,out,647,callback,83,opening
C02738,L0100,Farrux Ahmadov,2025-11-19,out,734,no_answer,4,needs
C02739,L0511,Lola Qodirova,2026-03-14,out,727,enrolled,93,needs
C02740,L0087,Lola Qodirova,2025-09-28,in,413,refused,32,pitch
C02741,L0925,Sherzod Nishonov,2026-06-01,out,110,interested,63,opening
C02742,L0972,Lola Qodirova,2026-07-03,out,649,callback,67,pitch
C02743,L0963,Farrux Ahmadov,2026-07-16,in,531,callback,67,needs
C02744,L1034,Jamshid Umarov,2026-07-28,in,496,callback,58,opening
C02745,L0686,Sardor Yusufov,2026-04-29,out,415,no_answer,24,pitch
C02746,L0491,Jamshid Umarov,2026-02-14,out,831,no_answer,30,needs
C02747,L0862,Sardor Yusufov,2026-05-24,out,855,refused,30,close
C02748,L0420,Farrux Ahmadov,2026-01-30,out,508,no_answer,0,needs
C02749,L0386,Jamshid Umarov,2026-02-06,out,791,refused,24,needs
C02750,L0071,Dilnoza Karimova,2025-10-24,out,530,no_answer,0,pitch
C02751,L0304,Sardor Yusufov,2025-12-31,out,844,callback,59,opening
C02752,L0991,Dilnoza Karimova,2026-08-21,in,60,callback,40,opening
C02753,L0697,Jamshid Umarov,2026-05-26,out,528,enrolled,100,opening
C02754,L0063,Botir Nazarov,2025-10-21,out,830,callback,59,needs
C02755,L0867,Lola Qodirova,2026-06-15,out,551,no_answer,19,needs
C02756,L0653,Sherzod Nishonov,2026-02-07,out,96,interested,83,pitch
C02757,L0452,Dilnoza Karimova,2026-02-12,out,778,no_answer,2,pitch
C02758,L1095,Diyora Rustamova,2026-08-28,out,199,interested,67,opening
C02759,L0796,Sardor Yusufov,2026-05-22,in,462,callback,56,pitch
C02760,L1017,Botir Nazarov,2026-08-11,in,462,refused,31,close
C02761,L1184,Diyora Rustamova,2026-08-28,out,505,interested,84,close
C02762,L1188,Lola Qodirova,2026-08-28,out,433,refused,32,pitch
C02763,L1124,Jamshid Umarov,2026-08-31,out,177,callback,58,opening
C02764,L0826,Sardor Yusufov,2026-04-13,in,434,interested,57,opening
C02765,L0953,Sherzod Nishonov,2026-06-03,out,150,refused,22,close
C02766,L0681,Jamshid Umarov,2026-04-23,out,181,enrolled,91,needs
C02767,L1078,Dilnoza Karimova,2026-08-22,out,50,callback,47,pitch
C02768,L0590,Sardor Yusufov,2026-02-23,out,377,callback,56,close
C02769,L0235,Sherzod Nishonov,2025-11-23,out,837,callback,72,pitch
C02770,L0948,Diyora Rustamova,2026-07-11,out,321,interested,78,opening
C02771,L0357,Jamshid Umarov,2026-02-26,out,297,callback,57,needs
C02772,L0015,Sherzod Nishonov,2025-09-19,out,896,refused,41,pitch
C02773,L1048,Lola Qodirova,2026-07-08,in,560,callback,63,needs
C02774,L0855,Sardor Yusufov,2026-04-14,out,536,no_answer,15,needs
C02775,L0536,Farrux Ahmadov,2026-03-13,out,312,enrolled,97,needs
C02776,L0856,Sherzod Nishonov,2026-05-05,out,719,interested,79,opening
C02777,L0280,Diyora Rustamova,2026-01-10,out,280,no_answer,26,needs
C02778,L0191,Diyora Rustamova,2025-12-05,out,514,callback,51,needs
C02779,L0885,Dilnoza Karimova,2026-06-23,in,740,refused,46,close
C02780,L0047,Farrux Ahmadov,2025-11-13,in,653,no_answer,13,needs
C02781,L1070,Lola Qodirova,2026-08-29,out,192,interested,70,close
C02782,L0559,Dilnoza Karimova,2026-03-02,out,431,callback,56,close
C02783,L0825,Sherzod Nishonov,2026-04-17,in,231,interested,72,opening
C02784,L0823,Lola Qodirova,2026-06-03,in,506,callback,62,opening
C02785,L0191,Botir Nazarov,2025-12-14,out,71,interested,86,pitch
C02786,L0724,Botir Nazarov,2026-05-07,in,604,no_answer,20,close
C02787,L0149,Farrux Ahmadov,2025-12-02,in,275,interested,76,opening
C02788,L0272,Sherzod Nishonov,2025-12-27,out,528,no_answer,17,opening
C02789,L1165,Dilnoza Karimova,2026-08-31,in,858,callback,55,pitch
C02790,L0523,Jamshid Umarov,2026-02-21,out,355,refused,29,opening
C02791,L0318,Sardor Yusufov,2025-12-10,out,547,callback,50,close
C02792,L0637,Sherzod Nishonov,2026-03-19,out,794,no_answer,24,close
C02793,L0326,Sardor Yusufov,2026-01-30,in,87,refused,23,needs
C02794,L0926,Diyora Rustamova,2026-06-06,out,807,callback,57,pitch
C02795,L0791,Jamshid Umarov,2026-04-25,in,385,callback,65,opening
C02796,L1001,Sherzod Nishonov,2026-07-02,in,686,callback,53,pitch
C02797,L0518,Dilnoza Karimova,2026-03-19,in,838,no_answer,22,needs
C02798,L0302,Dilnoza Karimova,2025-11-06,in,287,refused,24,pitch
C02799,L0649,Sardor Yusufov,2026-03-20,out,186,no_answer,9,opening
C02800,L0426,Dilnoza Karimova,2026-02-12,out,542,no_answer,12,needs
C02801,L0896,Farrux Ahmadov,2026-06-11,out,328,no_answer,24,needs
C02802,L0273,Jamshid Umarov,2025-11-21,out,123,interested,78,close
C02803,L0043,Botir Nazarov,2025-10-24,out,116,interested,77,needs
C02804,L1159,Diyora Rustamova,2026-08-31,out,263,interested,84,needs
C02805,L1190,Lola Qodirova,2026-08-28,in,895,refused,18,pitch
C02806,L0208,Sherzod Nishonov,2025-11-16,in,600,no_answer,20,opening
C02807,L0380,Lola Qodirova,2025-12-27,out,739,refused,30,opening
C02808,L0823,Diyora Rustamova,2026-06-04,out,232,callback,66,opening
C02809,L0527,Lola Qodirova,2026-03-17,out,793,interested,78,pitch
C02810,L0694,Botir Nazarov,2026-03-21,out,253,refused,47,pitch
C02811,L0555,Diyora Rustamova,2026-03-07,in,425,callback,54,opening
C02812,L0908,Jamshid Umarov,2026-06-28,out,334,interested,84,opening
C02813,L0962,Dilnoza Karimova,2026-07-08,out,49,refused,34,needs
C02814,L0645,Sardor Yusufov,2026-02-10,out,504,callback,53,pitch
C02815,L0377,Botir Nazarov,2026-01-06,out,130,no_answer,20,opening
C02816,L0103,Sardor Yusufov,2025-11-10,in,284,callback,61,opening
C02817,L0053,Sherzod Nishonov,2025-10-03,out,658,callback,64,needs
C02818,L0789,Botir Nazarov,2026-04-18,in,370,interested,78,close
C02819,L1009,Dilnoza Karimova,2026-07-10,out,343,callback,63,opening
C02820,L1081,Sardor Yusufov,2026-08-12,out,125,interested,70,pitch
C02821,L0778,Farrux Ahmadov,2026-04-25,in,279,refused,34,opening
C02822,L0462,Sherzod Nishonov,2026-01-26,out,255,no_answer,16,needs
C02823,L0101,Jamshid Umarov,2025-10-28,out,191,no_answer,18,needs
C02824,L0433,Dilnoza Karimova,2026-02-16,out,309,callback,52,needs
C02825,L0579,Botir Nazarov,2026-02-18,out,860,interested,82,opening
C02826,L0927,Farrux Ahmadov,2026-07-19,out,468,no_answer,23,pitch
C02827,L1032,Sardor Yusufov,2026-07-24,out,157,enrolled,83,needs
C02828,L0625,Lola Qodirova,2026-03-09,in,686,enrolled,90,needs
C02829,L1000,Sardor Yusufov,2026-07-10,out,693,interested,77,opening
C02830,L0980,Farrux Ahmadov,2026-06-24,out,430,no_answer,10,needs
C02831,L0291,Jamshid Umarov,2025-12-16,out,827,interested,68,opening
C02832,L0394,Botir Nazarov,2026-01-25,out,383,interested,62,pitch
C02833,L1194,Dilnoza Karimova,2026-08-13,in,723,interested,98,opening
C02834,L1179,Dilnoza Karimova,2026-08-31,in,796,no_answer,4,needs
C02835,L0756,Dilnoza Karimova,2026-04-30,out,622,callback,65,opening
C02836,L0473,Botir Nazarov,2026-02-15,out,121,enrolled,99,needs
C02837,L0524,Sardor Yusufov,2026-02-10,out,431,interested,48,close
C02838,L0288,Lola Qodirova,2026-01-01,out,512,interested,85,opening
C02839,L0110,Botir Nazarov,2025-11-02,out,228,refused,22,opening
C02840,L0661,Botir Nazarov,2026-04-29,out,279,no_answer,22,needs
C02841,L0564,Jamshid Umarov,2026-04-22,out,323,interested,81,pitch
C02842,L0943,Sardor Yusufov,2026-07-13,in,563,enrolled,97,close
C02843,L0278,Sardor Yusufov,2025-12-06,in,369,enrolled,85,pitch
C02844,L1158,Sardor Yusufov,2026-08-22,out,894,callback,61,close
C02845,L0176,Farrux Ahmadov,2025-11-04,out,443,refused,30,close
C02846,L0078,Sardor Yusufov,2025-09-09,in,805,interested,80,opening
C02847,L0457,Dilnoza Karimova,2026-01-16,out,351,refused,27,close
C02848,L1102,Botir Nazarov,2026-08-11,out,598,no_answer,19,opening
C02849,L1087,Farrux Ahmadov,2026-07-10,in,371,no_answer,24,needs
C02850,L1193,Jamshid Umarov,2026-08-11,out,606,interested,55,opening
C02851,L1160,Farrux Ahmadov,2026-08-28,in,673,interested,80,needs
C02852,L1115,Lola Qodirova,2026-08-27,out,384,refused,23,close
C02853,L0032,Botir Nazarov,2025-10-26,in,676,no_answer,10,close
C02854,L0300,Farrux Ahmadov,2025-12-24,out,471,enrolled,73,pitch
C02855,L0467,Sherzod Nishonov,2026-02-13,out,238,interested,62,pitch
C02856,L0319,Diyora Rustamova,2026-01-10,out,625,callback,82,needs
C02857,L1107,Diyora Rustamova,2026-08-04,out,535,refused,18,close
C02858,L0341,Lola Qodirova,2025-12-28,in,41,no_answer,0,needs
C02859,L0509,Sherzod Nishonov,2026-02-26,out,355,refused,29,pitch
C02860,L0818,Sardor Yusufov,2026-06-16,in,449,callback,47,pitch
C02861,L0001,Lola Qodirova,2025-09-29,in,822,no_answer,17,pitch
C02862,L0340,Farrux Ahmadov,2026-02-27,out,309,enrolled,98,pitch
C02863,L0771,Dilnoza Karimova,2026-03-24,in,813,interested,79,needs
C02864,L0814,Lola Qodirova,2026-04-10,in,876,enrolled,72,pitch
C02865,L0788,Sardor Yusufov,2026-05-22,in,840,no_answer,0,pitch
C02866,L0822,Dilnoza Karimova,2026-05-02,out,225,interested,53,close
C02867,L0114,Diyora Rustamova,2025-10-08,out,779,interested,73,close
C02868,L0055,Farrux Ahmadov,2025-10-14,out,243,refused,40,pitch
C02869,L0814,Jamshid Umarov,2026-05-20,in,648,refused,9,needs
C02870,L0526,Diyora Rustamova,2026-01-19,in,789,callback,78,pitch
C02871,L1027,Lola Qodirova,2026-08-17,out,602,interested,86,pitch
C02872,L0043,Sherzod Nishonov,2025-09-28,in,726,interested,76,opening
C02873,L0887,Botir Nazarov,2026-06-17,out,886,callback,60,close
C02874,L0606,Jamshid Umarov,2026-04-15,in,448,refused,22,needs
C02875,L0764,Farrux Ahmadov,2026-04-10,out,757,no_answer,24,pitch
C02876,L0799,Dilnoza Karimova,2026-04-06,in,246,interested,63,opening
C02877,L0492,Farrux Ahmadov,2026-01-26,in,665,no_answer,0,pitch
C02878,L0395,Dilnoza Karimova,2026-02-09,in,71,interested,100,opening
C02879,L0885,Lola Qodirova,2026-07-06,out,642,callback,62,opening
C02880,L0151,Jamshid Umarov,2025-10-21,out,250,no_answer,9,pitch
C02881,L0359,Dilnoza Karimova,2025-12-16,out,242,refused,41,pitch
C02882,L0899,Farrux Ahmadov,2026-06-26,out,571,enrolled,78,close
C02883,L0177,Sherzod Nishonov,2025-10-29,out,158,callback,53,close
C02884,L1130,Sherzod Nishonov,2026-08-29,out,412,callback,66,opening
C02885,L0610,Botir Nazarov,2026-03-26,out,694,callback,52,pitch
C02886,L0644,Farrux Ahmadov,2026-02-12,in,267,refused,17,pitch
C02887,L0162,Lola Qodirova,2025-11-04,out,257,interested,71,opening
C02888,L0583,Botir Nazarov,2026-03-11,out,45,callback,78,pitch
C02889,L0619,Diyora Rustamova,2026-02-21,in,190,enrolled,73,opening
C02890,L0553,Botir Nazarov,2026-04-06,out,624,interested,88,needs
C02891,L0752,Botir Nazarov,2026-04-21,out,673,enrolled,75,close
C02892,L0731,Jamshid Umarov,2026-04-01,out,310,refused,30,close
C02893,L1042,Dilnoza Karimova,2026-07-06,out,38,refused,16,needs
C02894,L1176,Lola Qodirova,2026-08-19,out,191,callback,42,opening
C02895,L0760,Botir Nazarov,2026-03-17,in,584,interested,68,opening
C02896,L1187,Dilnoza Karimova,2026-08-31,out,460,callback,54,opening
C02897,L0455,Lola Qodirova,2026-02-16,out,237,no_answer,12,opening
C02898,L0302,Botir Nazarov,2025-11-13,in,66,enrolled,94,pitch
C02899,L0553,Jamshid Umarov,2026-03-27,out,496,callback,50,pitch
C02900,L0095,Dilnoza Karimova,2025-11-21,in,295,enrolled,98,opening
C02901,L0685,Diyora Rustamova,2026-04-26,in,848,no_answer,30,close
C02902,L0595,Sherzod Nishonov,2026-03-10,out,81,refused,43,opening
C02903,L0876,Sherzod Nishonov,2026-07-19,out,454,no_answer,22,needs
C02904,L0773,Lola Qodirova,2026-05-03,out,490,callback,56,pitch
C02905,L1006,Botir Nazarov,2026-07-13,in,336,enrolled,88,needs
C02906,L0856,Dilnoza Karimova,2026-05-06,out,804,callback,72,close
C02907,L1114,Botir Nazarov,2026-08-15,in,809,no_answer,33,close
C02908,L0183,Botir Nazarov,2025-10-25,out,100,refused,26,needs
C02909,L0245,Farrux Ahmadov,2025-11-30,out,117,refused,38,needs
C02910,L0542,Lola Qodirova,2026-02-07,out,349,no_answer,23,close
C02911,L0626,Diyora Rustamova,2026-02-20,in,447,enrolled,67,pitch
C02912,L0529,Lola Qodirova,2026-02-01,out,340,no_answer,38,pitch
C02913,L0798,Sherzod Nishonov,2026-05-20,out,244,no_answer,22,opening
C02914,L1180,Farrux Ahmadov,2026-08-26,out,422,refused,36,needs
C02915,L0365,Diyora Rustamova,2026-01-30,out,463,no_answer,26,needs
C02916,L0577,Diyora Rustamova,2026-04-04,out,190,refused,16,pitch
C02917,L0444,Diyora Rustamova,2026-02-12,in,325,callback,67,close
C02918,L1130,Botir Nazarov,2026-08-22,out,126,no_answer,3,close
C02919,L0166,Farrux Ahmadov,2025-12-28,in,662,interested,43,needs
C02920,L0510,Diyora Rustamova,2026-02-03,out,440,interested,63,pitch
C02921,L0693,Botir Nazarov,2026-05-03,in,387,no_answer,6,needs
C02922,L0521,Lola Qodirova,2026-01-17,in,759,interested,58,pitch
C02923,L1199,Diyora Rustamova,2026-08-22,in,499,no_answer,21,needs
C02924,L0840,Jamshid Umarov,2026-06-16,out,456,refused,25,needs
C02925,L1046,Botir Nazarov,2026-07-07,out,535,no_answer,13,pitch
C02926,L0130,Farrux Ahmadov,2025-09-06,in,472,refused,29,close
C02927,L0082,Botir Nazarov,2025-10-24,out,332,refused,38,opening
C02928,L0176,Botir Nazarov,2025-10-25,in,865,refused,34,opening
C02929,L0418,Sherzod Nishonov,2026-02-01,in,180,refused,30,opening
C02930,L1075,Dilnoza Karimova,2026-08-05,out,393,enrolled,85,opening
C02931,L0288,Botir Nazarov,2025-12-09,out,69,callback,82,pitch
C02932,L0814,Botir Nazarov,2026-05-29,out,153,callback,75,opening
C02933,L0710,Sherzod Nishonov,2026-05-13,in,881,refused,26,pitch
C02934,L1095,Dilnoza Karimova,2026-08-22,in,351,no_answer,19,pitch
C02935,L0478,Lola Qodirova,2026-03-13,out,624,no_answer,13,close
C02936,L0040,Sardor Yusufov,2025-11-26,out,55,no_answer,12,pitch
C02937,L0028,Sherzod Nishonov,2025-09-10,in,450,refused,19,opening
C02938,L0768,Sardor Yusufov,2026-03-16,in,594,interested,80,pitch
C02939,L0987,Sardor Yusufov,2026-07-30,out,377,enrolled,85,pitch
C02940,L0538,Farrux Ahmadov,2026-02-27,in,651,callback,59,pitch
C02941,L0644,Dilnoza Karimova,2026-02-13,in,852,callback,75,needs
C02942,L0825,Sardor Yusufov,2026-05-30,out,882,interested,82,opening
C02943,L0772,Diyora Rustamova,2026-04-11,in,716,callback,53,opening
C02944,L0381,Lola Qodirova,2026-02-26,in,396,enrolled,88,pitch
C02945,L0730,Dilnoza Karimova,2026-04-23,in,853,no_answer,22,pitch
C02946,L1185,Dilnoza Karimova,2026-08-25,in,564,interested,81,needs
C02947,L0879,Dilnoza Karimova,2026-06-22,in,41,interested,67,close
C02948,L0531,Sherzod Nishonov,2026-03-17,out,40,callback,54,close
C02949,L0720,Sardor Yusufov,2026-05-10,in,880,refused,16,opening
C02950,L0141,Diyora Rustamova,2025-12-19,in,871,callback,59,opening
C02951,L0992,Diyora Rustamova,2026-07-15,out,794,refused,35,opening
C02952,L0459,Lola Qodirova,2026-02-06,out,107,refused,21,needs
C02953,L0199,Jamshid Umarov,2025-11-26,out,211,enrolled,77,opening
C02954,L0710,Sherzod Nishonov,2026-05-07,in,337,callback,68,close
C02955,L0639,Sherzod Nishonov,2026-04-02,out,136,callback,68,pitch
C02956,L0976,Dilnoza Karimova,2026-07-03,out,373,enrolled,92,needs
C02957,L0405,Sherzod Nishonov,2026-01-19,in,336,refused,37,needs
C02958,L0506,Farrux Ahmadov,2026-01-26,in,108,no_answer,31,pitch
C02959,L1195,Sardor Yusufov,2026-08-28,out,394,callback,57,close
C02960,L0748,Farrux Ahmadov,2026-04-27,out,669,callback,78,close
C02961,L0200,Botir Nazarov,2025-11-17,in,348,no_answer,21,close
C02962,L0029,Farrux Ahmadov,2025-10-21,out,478,no_answer,20,needs
C02963,L0953,Sardor Yusufov,2026-06-10,out,227,no_answer,16,needs
C02964,L0184,Sherzod Nishonov,2025-12-07,out,783,enrolled,94,close
C02965,L1048,Jamshid Umarov,2026-08-14,out,248,no_answer,0,opening
C02966,L0385,Lola Qodirova,2026-02-01,out,618,refused,51,needs
C02967,L1174,Sardor Yusufov,2026-08-30,out,331,no_answer,14,close
C02968,L1127,Dilnoza Karimova,2026-08-28,out,520,interested,71,pitch
C02969,L0035,Diyora Rustamova,2025-09-27,out,137,no_answer,2,needs
C02970,L0987,Diyora Rustamova,2026-06-08,in,704,no_answer,0,close
C02971,L1092,Jamshid Umarov,2026-08-30,out,290,enrolled,87,needs
C02972,L0501,Botir Nazarov,2026-02-27,out,252,interested,57,pitch
C02973,L0372,Sardor Yusufov,2026-02-03,out,599,interested,75,close
C02974,L0133,Farrux Ahmadov,2025-11-01,out,832,refused,44,opening
C02975,L0698,Jamshid Umarov,2026-05-01,out,607,interested,75,needs
C02976,L0869,Lola Qodirova,2026-06-05,in,798,interested,82,pitch
C02977,L0622,Diyora Rustamova,2026-02-19,out,488,interested,60,opening
C02978,L1137,Farrux Ahmadov,2026-08-26,out,505,interested,66,close
C02979,L0103,Dilnoza Karimova,2025-10-24,in,130,interested,77,pitch
C02980,L0483,Lola Qodirova,2026-03-19,out,287,no_answer,17,needs
C02981,L0265,Sherzod Nishonov,2025-12-16,out,56,no_answer,24,opening
C02982,L0302,Dilnoza Karimova,2025-12-20,out,628,callback,71,needs
C02983,L0852,Botir Nazarov,2026-05-26,in,820,refused,25,needs
C02984,L0651,Botir Nazarov,2026-03-26,in,617,callback,59,opening
C02985,L0468,Sardor Yusufov,2026-01-12,out,701,refused,9,close
C02986,L1142,Diyora Rustamova,2026-08-04,out,43,callback,67,opening
C02987,L1075,Lola Qodirova,2026-08-04,in,793,no_answer,22,pitch
C02988,L1151,Dilnoza Karimova,2026-08-23,out,797,callback,53,opening
C02989,L0652,Sherzod Nishonov,2026-03-09,out,274,callback,60,close
C02990,L1101,Jamshid Umarov,2026-08-07,in,495,callback,64,close
C02991,L0809,Botir Nazarov,2026-05-10,in,387,enrolled,81,needs
C02992,L0908,Farrux Ahmadov,2026-06-07,in,847,refused,44,needs
C02993,L0461,Sherzod Nishonov,2026-03-19,out,532,no_answer,22,needs
C02994,L0502,Botir Nazarov,2026-03-08,out,201,callback,55,pitch
C02995,L0506,Sardor Yusufov,2026-01-25,in,512,no_answer,11,needs
C02996,L0858,Lola Qodirova,2026-06-05,out,342,enrolled,87,opening
C02997,L0538,Botir Nazarov,2026-03-21,out,493,enrolled,90,pitch
C02998,L0670,Farrux Ahmadov,2026-04-21,out,510,enrolled,79,opening
C02999,L0698,Jamshid Umarov,2026-04-25,out,254,callback,63,opening
C03000,L0488,Sardor Yusufov,2026-02-15,out,862,callback,74,needs
